00:00:01 (MLM) TIMESTAMP 5/25/2026
10:47:06 (MLM) CHECKOUT: [feature=MATLAB],[user=abhishek],[host=RDP-LAB],[pid=4001],[license_number=40554001],[date=25-May-2026]
10:47:06 OUT: "MATLAB" abhishek@RDP-LAB
11:24:06 (MLM) CHECKIN: [feature=MATLAB],[user=abhishek],[host=RDP-LAB],[pid=4001],[date=25-May-2026]
11:24:06 IN: "MATLAB" abhishek@RDP-LAB
16:38:01 (MLM) CHECKOUT: [feature=MATLAB],[user=abhishek],[host=ECSG-HP-10],[pid=4002],[license_number=40554002],[date=25-May-2026]
16:38:01 OUT: "MATLAB" abhishek@ECSG-HP-10
19:12:01 (MLM) CHECKIN: [feature=MATLAB],[user=abhishek],[host=ECSG-HP-10],[pid=4002],[date=25-May-2026]
19:12:01 IN: "MATLAB" abhishek@ECSG-HP-10
08:48:51 (MLM) are these logs in accordance that one can checkin a module a day and out aftr some days?: [feature=aerospace_toolbox],[user=rahul],[host=RDP-LAB],[pid=4003],[license_number=40554003],[date=25-May-2026]
08:48:51 OUT: "aerospace_toolbox" rahul@RDP-LAB
10:14:51 (MLM) CHECKIN: [feature=aerospace_toolbox],[user=rahul],[host=RDP-LAB],[pid=4003],[date=25-May-2026]
10:14:51 IN: "aerospace_toolbox" rahul@RDP-LAB
14:06:22 (MLM) CHECKOUT: [feature=MATLAB],[user=efcs],[host=RDP-LAB],[pid=4004],[license_number=40554004],[date=25-May-2026]
14:32:22 (MLM) CHECKIN: [feature=MATLAB],[user=efcs],[host=RDP-LAB],[pid=4004],[date=25-May-2026]
12:53:40 (MLM) CHECKOUT: [feature=MATLAB],[user=rahul],[host=ECSG-HP-07],[pid=4005],[license_number=40554005],[date=25-May-2026]
12:53:40 OUT: "MATLAB" rahul@ECSG-HP-07
15:35:40 (MLM) CHECKIN: [feature=MATLAB],[user=rahul],[host=ECSG-HP-07],[pid=4005],[date=25-May-2026]
15:35:40 IN: "MATLAB" rahul@ECSG-HP-07
09:54:14 (MLM) CHECKOUT: [feature=signal_blocks],[user=abhishek],[host=DO5P-PC-222],[pid=4006],[license_number=40554006],[date=25-May-2026]
12:05:14 (MLM) CHECKIN: [feature=signal_blocks],[user=abhishek],[host=DO5P-PC-222],[pid=4006],[date=25-May-2026]
12:05:14 IN: "signal_blocks" abhishek@DO5P-PC-222
12:44:59 (MLM) CHECKOUT: [feature=signal_toolbox],[user=k_brahmiah],[host=RDP-LAB],[pid=4007],[license_number=40554007],[date=25-May-2026]
12:44:59 OUT: "signal_toolbox" k_brahmiah@RDP-LAB
12:50:59 (MLM) DENIED: "signal_toolbox" k_brahmiah@RDP-LAB
15:15:59 (MLM) CHECKIN: [feature=signal_toolbox],[user=k_brahmiah],[host=RDP-LAB],[pid=4007],[date=25-May-2026]
16:14:43 (MLM) CHECKOUT: [feature=control_toolbox],[user=abhishek],[host=ECSG-HP-07],[pid=4008],[license_number=40554008],[date=25-May-2026]
16:14:43 OUT: "control_toolbox" abhishek@ECSG-HP-07
16:43:43 (MLM) CHECKIN: [feature=control_toolbox],[user=abhishek],[host=ECSG-HP-07],[pid=4008],[date=25-May-2026]
16:43:43 IN: "control_toolbox" abhishek@ECSG-HP-07
09:13:58 (MLM) CHECKOUT: [feature=signal_toolbox],[user=abhishek],[host=RDP-LAB],[pid=4009],[license_number=40554009],[date=25-May-2026]
10:48:58 (MLM) CHECKIN: [feature=signal_toolbox],[user=abhishek],[host=RDP-LAB],[pid=4009],[date=25-May-2026]
10:48:58 IN: "signal_toolbox" abhishek@RDP-LAB
10:15:47 (MLM) CHECKOUT: [feature=MATLAB],[user=rahul],[host=ECSG-HP-07],[pid=4010],[license_number=40554010],[date=25-May-2026]
10:15:47 OUT: "MATLAB" rahul@ECSG-HP-07
12:59:47 (MLM) CHECKIN: [feature=MATLAB],[user=rahul],[host=ECSG-HP-07],[pid=4010],[date=25-May-2026]
12:59:47 IN: "MATLAB" rahul@ECSG-HP-07
10:32:31 (MLM) CHECKOUT: [feature=MATLAB],[user=rahul],[host=RDP-LAB],[pid=4011],[license_number=40554011],[date=25-May-2026]
10:32:31 OUT: "MATLAB" rahul@RDP-LAB
10:36:31 (MLM) DENIED: "MATLAB" rahul@RDP-LAB
11:26:31 (MLM) CHECKIN: [feature=MATLAB],[user=rahul],[host=RDP-LAB],[pid=4011],[date=25-May-2026]
11:26:31 IN: "MATLAB" rahul@RDP-LAB
14:24:38 (MLM) CHECKOUT: [feature=simulink],[user=vinay],[host=ECSG-HP-07],[pid=4012],[license_number=40554012],[date=25-May-2026]
17:00:38 (MLM) CHECKIN: [feature=simulink],[user=vinay],[host=ECSG-HP-07],[pid=4012],[date=25-May-2026]
16:48:17 (MLM) CHECKOUT: [feature=simulink_control_design],[user=abhishek],[host=ECSG-HP-10],[pid=4013],[license_number=40554013],[date=25-May-2026]
18:18:17 (MLM) CHECKIN: [feature=simulink_control_design],[user=abhishek],[host=ECSG-HP-10],[pid=4013],[date=25-May-2026]
18:18:17 IN: "simulink_control_design" abhishek@ECSG-HP-10
10:32:58 (MLM) CHECKOUT: [feature=distri_computing_toolbox],[user=rahul],[host=RDP-LAB],[pid=4014],[license_number=40554014],[date=25-May-2026]
10:32:58 OUT: "distri_computing_toolbox" rahul@RDP-LAB
13:30:58 (MLM) CHECKIN: [feature=distri_computing_toolbox],[user=rahul],[host=RDP-LAB],[pid=4014],[date=25-May-2026]
13:30:58 IN: "distri_computing_toolbox" rahul@RDP-LAB
16:49:59 (MLM) CHECKOUT: [feature=signal_blocks],[user=sudhakr_kunnur],[host=RDP-LAB],[pid=4015],[license_number=40554015],[date=25-May-2026]
16:49:59 OUT: "signal_blocks" sudhakr_kunnur@RDP-LAB
17:00:59 (MLM) DENIED: "signal_blocks" sudhakr_kunnur@RDP-LAB
19:09:59 (MLM) CHECKIN: [feature=signal_blocks],[user=sudhakr_kunnur],[host=RDP-LAB],[pid=4015],[date=25-May-2026]
19:09:59 IN: "signal_blocks" sudhakr_kunnur@RDP-LAB
11:56:36 (MLM) CHECKOUT: [feature=MATLAB],[user=efcs],[host=RDP-LAB],[pid=4016],[license_number=40554016],[date=25-May-2026]
14:15:36 (MLM) CHECKIN: [feature=MATLAB],[user=efcs],[host=RDP-LAB],[pid=4016],[date=25-May-2026]
10:42:30 (MLM) CHECKOUT: [feature=signal_blocks],[user=efcs],[host=LAB-WS-18],[pid=4017],[license_number=40554017],[date=25-May-2026]
13:12:30 (MLM) CHECKIN: [feature=signal_blocks],[user=efcs],[host=LAB-WS-18],[pid=4017],[date=25-May-2026]
11:45:19 (MLM) CHECKOUT: [feature=polyspace_bf],[user=k_brahmiah],[host=DO5P-PC-222],[pid=4018],[license_number=40554018],[date=25-May-2026]
11:45:19 OUT: "polyspace_bf" k_brahmiah@DO5P-PC-222
13:35:19 (MLM) CHECKIN: [feature=polyspace_bf],[user=k_brahmiah],[host=DO5P-PC-222],[pid=4018],[date=25-May-2026]
13:35:19 IN: "polyspace_bf" k_brahmiah@DO5P-PC-222
09:21:01 (MLM) CHECKOUT: [feature=MATLAB],[user=rahul],[host=ECSG-HP-10],[pid=4019],[license_number=40554019],[date=25-May-2026]
09:21:01 OUT: "MATLAB" rahul@ECSG-HP-10
10:32:01 (MLM) CHECKIN: [feature=MATLAB],[user=rahul],[host=ECSG-HP-10],[pid=4019],[date=25-May-2026]
10:32:01 IN: "MATLAB" rahul@ECSG-HP-10
08:55:21 (MLM) CHECKOUT: [feature=MATLAB],[user=vinay],[host=ECSG-HP-10],[pid=4020],[license_number=40554020],[date=25-May-2026]
08:55:21 OUT: "MATLAB" vinay@ECSG-HP-10
11:14:21 (MLM) CHECKIN: [feature=MATLAB],[user=vinay],[host=ECSG-HP-10],[pid=4020],[date=25-May-2026]
11:14:21 IN: "MATLAB" vinay@ECSG-HP-10
11:50:30 (MLM) CHECKOUT: [feature=simulink],[user=abhishek],[host=LAB-WS-18],[pid=4021],[license_number=40554021],[date=25-May-2026]
12:29:30 (MLM) CHECKIN: [feature=simulink],[user=abhishek],[host=LAB-WS-18],[pid=4021],[date=25-May-2026]
12:29:30 IN: "simulink" abhishek@LAB-WS-18
00:00:01 (MLM) TIMESTAMP 5/26/2026
08:43:41 (MLM) CHECKOUT: [feature=map_toolbox],[user=k_brahmiah],[host=ECSG-HP-07],[pid=4022],[license_number=40554022],[date=26-May-2026]
10:41:41 (MLM) CHECKIN: [feature=map_toolbox],[user=k_brahmiah],[host=ECSG-HP-07],[pid=4022],[date=26-May-2026]
11:34:28 (MLM) CHECKOUT: [feature=MATLAB],[user=vinay],[host=ECSG-HP-10],[pid=4023],[license_number=40554023],[date=26-May-2026]
11:34:28 OUT: "MATLAB" vinay@ECSG-HP-10
13:47:28 (MLM) CHECKIN: [feature=MATLAB],[user=vinay],[host=ECSG-HP-10],[pid=4023],[date=26-May-2026]
13:47:28 IN: "MATLAB" vinay@ECSG-HP-10
16:06:03 (MLM) CHECKOUT: [feature=aerospace_toolbox],[user=amit_ad],[host=ECSG-HP-07],[pid=4024],[license_number=40554024],[date=26-May-2026]
16:06:03 OUT: "aerospace_toolbox" amit_ad@ECSG-HP-07
16:24:03 (MLM) CHECKIN: [feature=aerospace_toolbox],[user=amit_ad],[host=ECSG-HP-07],[pid=4024],[date=26-May-2026]
15:30:13 (MLM) CHECKOUT: [feature=MATLAB],[user=efcs],[host=DO5P-PC-222],[pid=4025],[license_number=40554025],[date=26-May-2026]
16:27:13 (MLM) CHECKIN: [feature=MATLAB],[user=efcs],[host=DO5P-PC-222],[pid=4025],[date=26-May-2026]
16:27:13 IN: "MATLAB" efcs@DO5P-PC-222
15:18:27 (MLM) CHECKOUT: [feature=polyspace_bf],[user=efcs],[host=RDP-LAB],[pid=4026],[license_number=40554026],[date=26-May-2026]
15:18:27 OUT: "polyspace_bf" efcs@RDP-LAB
17:55:27 (MLM) CHECKIN: [feature=polyspace_bf],[user=efcs],[host=RDP-LAB],[pid=4026],[date=26-May-2026]
17:55:27 IN: "polyspace_bf" efcs@RDP-LAB
08:37:47 (MLM) CHECKOUT: [feature=control_toolbox],[user=rahul],[host=DO5P-PC-222],[pid=4027],[license_number=40554027],[date=26-May-2026]
08:37:47 OUT: "control_toolbox" rahul@DO5P-PC-222
09:06:47 (MLM) CHECKIN: [feature=control_toolbox],[user=rahul],[host=DO5P-PC-222],[pid=4027],[date=26-May-2026]
09:06:47 IN: "control_toolbox" rahul@DO5P-PC-222
16:05:54 (MLM) CHECKOUT: [feature=MATLAB],[user=rahul],[host=LAB-WS-18],[pid=4028],[license_number=40554028],[date=26-May-2026]
16:05:54 OUT: "MATLAB" rahul@LAB-WS-18
17:20:54 (MLM) CHECKIN: [feature=MATLAB],[user=rahul],[host=LAB-WS-18],[pid=4028],[date=26-May-2026]
17:20:54 IN: "MATLAB" rahul@LAB-WS-18
17:02:39 (MLM) CHECKOUT: [feature=MATLAB],[user=efcs],[host=LAB-WS-18],[pid=4029],[license_number=40554029],[date=26-May-2026]
17:02:39 OUT: "MATLAB" efcs@LAB-WS-18
19:41:39 (MLM) CHECKIN: [feature=MATLAB],[user=efcs],[host=LAB-WS-18],[pid=4029],[date=26-May-2026]
19:41:39 IN: "MATLAB" efcs@LAB-WS-18
13:15:16 (MLM) CHECKOUT: [feature=simulink_control_design],[user=efcs],[host=DO5P-PC-222],[pid=4030],[license_number=40554030],[date=26-May-2026]
13:15:16 OUT: "simulink_control_design" efcs@DO5P-PC-222
14:46:16 (MLM) CHECKIN: [feature=simulink_control_design],[user=efcs],[host=DO5P-PC-222],[pid=4030],[date=26-May-2026]
14:46:16 IN: "simulink_control_design" efcs@DO5P-PC-222
17:36:06 (MLM) CHECKOUT: [feature=MATLAB],[user=efcs],[host=ECSG-HP-10],[pid=4031],[license_number=40554031],[date=26-May-2026]
17:36:06 OUT: "MATLAB" efcs@ECSG-HP-10
18:58:06 (MLM) CHECKIN: [feature=MATLAB],[user=efcs],[host=ECSG-HP-10],[pid=4031],[date=26-May-2026]
18:58:06 IN: "MATLAB" efcs@ECSG-HP-10
13:18:10 (MLM) CHECKOUT: [feature=map_toolbox],[user=k_brahmiah],[host=ECSG-HP-10],[pid=4032],[license_number=40554032],[date=26-May-2026]
13:18:10 OUT: "map_toolbox" k_brahmiah@ECSG-HP-10
14:50:10 (MLM) CHECKIN: [feature=map_toolbox],[user=k_brahmiah],[host=ECSG-HP-10],[pid=4032],[date=26-May-2026]
14:50:10 IN: "map_toolbox" k_brahmiah@ECSG-HP-10
16:19:59 (MLM) CHECKOUT: [feature=MATLAB],[user=efcs],[host=LAB-WS-18],[pid=4033],[license_number=40554033],[date=26-May-2026]
16:19:59 OUT: "MATLAB" efcs@LAB-WS-18
17:08:59 (MLM) CHECKIN: [feature=MATLAB],[user=efcs],[host=LAB-WS-18],[pid=4033],[date=26-May-2026]
17:08:59 IN: "MATLAB" efcs@LAB-WS-18
12:38:13 (MLM) CHECKOUT: [feature=MATLAB],[user=amit_ad],[host=LAB-WS-18],[pid=4034],[license_number=40554034],[date=26-May-2026]
15:35:13 (MLM) CHECKIN: [feature=MATLAB],[user=amit_ad],[host=LAB-WS-18],[pid=4034],[date=26-May-2026]
08:05:40 (MLM) CHECKOUT: [feature=map_toolbox],[user=rahul],[host=RDP-LAB],[pid=4035],[license_number=40554035],[date=26-May-2026]
08:05:40 OUT: "map_toolbox" rahul@RDP-LAB
08:20:40 (MLM) CHECKIN: [feature=map_toolbox],[user=rahul],[host=RDP-LAB],[pid=4035],[date=26-May-2026]
08:20:40 IN: "map_toolbox" rahul@RDP-LAB
15:35:45 (MLM) CHECKOUT: [feature=MATLAB],[user=abhishek],[host=RDP-LAB],[pid=4036],[license_number=40554036],[date=26-May-2026]
15:35:45 OUT: "MATLAB" abhishek@RDP-LAB
15:38:45 (MLM) DENIED: "MATLAB" abhishek@RDP-LAB
16:28:45 (MLM) CHECKIN: [feature=MATLAB],[user=abhishek],[host=RDP-LAB],[pid=4036],[date=26-May-2026]
16:28:45 IN: "MATLAB" abhishek@RDP-LAB
14:08:02 (MLM) CHECKOUT: [feature=simulink],[user=amit_ad],[host=LAB-WS-18],[pid=4037],[license_number=40554037],[date=26-May-2026]
14:08:02 OUT: "simulink" amit_ad@LAB-WS-18
14:33:02 (MLM) CHECKIN: [feature=simulink],[user=amit_ad],[host=LAB-WS-18],[pid=4037],[date=26-May-2026]
13:49:35 (MLM) CHECKOUT: [feature=simulink_control_design],[user=sudhakr_kunnur],[host=DO5P-PC-222],[pid=4038],[license_number=40554038],[date=26-May-2026]
16:42:35 (MLM) CHECKIN: [feature=simulink_control_design],[user=sudhakr_kunnur],[host=DO5P-PC-222],[pid=4038],[date=26-May-2026]
10:56:26 (MLM) CHECKOUT: [feature=map_toolbox],[user=amit_ad],[host=DO5P-PC-222],[pid=4039],[license_number=40554039],[date=26-May-2026]
10:56:26 OUT: "map_toolbox" amit_ad@DO5P-PC-222
12:36:26 (MLM) CHECKIN: [feature=map_toolbox],[user=amit_ad],[host=DO5P-PC-222],[pid=4039],[date=26-May-2026]
09:24:55 (MLM) CHECKOUT: [feature=control_toolbox],[user=k_brahmiah],[host=DO5P-PC-222],[pid=4040],[license_number=40554040],[date=26-May-2026]
09:24:55 OUT: "control_toolbox" k_brahmiah@DO5P-PC-222
10:30:55 (MLM) CHECKIN: [feature=control_toolbox],[user=k_brahmiah],[host=DO5P-PC-222],[pid=4040],[date=26-May-2026]
11:14:01 (MLM) CHECKOUT: [feature=aerospace_toolbox],[user=rahul],[host=RDP-LAB],[pid=4041],[license_number=40554041],[date=26-May-2026]
11:14:01 OUT: "aerospace_toolbox" rahul@RDP-LAB
12:40:01 (MLM) CHECKIN: [feature=aerospace_toolbox],[user=rahul],[host=RDP-LAB],[pid=4041],[date=26-May-2026]
16:25:43 (MLM) CHECKOUT: [feature=signal_toolbox],[user=efcs],[host=RDP-LAB],[pid=4042],[license_number=40554042],[date=26-May-2026]
16:47:43 (MLM) CHECKIN: [feature=signal_toolbox],[user=efcs],[host=RDP-LAB],[pid=4042],[date=26-May-2026]
16:47:43 IN: "signal_toolbox" efcs@RDP-LAB
12:02:06 (MLM) CHECKOUT: [feature=simulink],[user=efcs],[host=DO5P-PC-222],[pid=4043],[license_number=40554043],[date=26-May-2026]
12:02:06 OUT: "simulink" efcs@DO5P-PC-222
13:37:06 (MLM) CHECKIN: [feature=simulink],[user=efcs],[host=DO5P-PC-222],[pid=4043],[date=26-May-2026]
13:37:06 IN: "simulink" efcs@DO5P-PC-222
17:12:16 (MLM) CHECKOUT: [feature=signal_toolbox],[user=efcs],[host=ECSG-HP-10],[pid=4044],[license_number=40554044],[date=26-May-2026]
17:12:16 OUT: "signal_toolbox" efcs@ECSG-HP-10
19:40:16 (MLM) CHECKIN: [feature=signal_toolbox],[user=efcs],[host=ECSG-HP-10],[pid=4044],[date=26-May-2026]
09:42:58 (MLM) CHECKOUT: [feature=signal_toolbox],[user=rahul],[host=DO5P-PC-222],[pid=4045],[license_number=40554045],[date=26-May-2026]
09:42:58 OUT: "signal_toolbox" rahul@DO5P-PC-222
10:28:58 (MLM) CHECKIN: [feature=signal_toolbox],[user=rahul],[host=DO5P-PC-222],[pid=4045],[date=26-May-2026]
13:25:44 (MLM) CHECKOUT: [feature=simulink_control_design],[user=sudhakr_kunnur],[host=RDP-LAB],[pid=4046],[license_number=40554046],[date=26-May-2026]
13:25:44 OUT: "simulink_control_design" sudhakr_kunnur@RDP-LAB
15:27:44 (MLM) CHECKIN: [feature=simulink_control_design],[user=sudhakr_kunnur],[host=RDP-LAB],[pid=4046],[date=26-May-2026]
15:27:44 IN: "simulink_control_design" sudhakr_kunnur@RDP-LAB
12:25:35 (MLM) CHECKOUT: [feature=simulink],[user=k_brahmiah],[host=DO5P-PC-222],[pid=4047],[license_number=40554047],[date=26-May-2026]
13:33:35 (MLM) CHECKIN: [feature=simulink],[user=k_brahmiah],[host=DO5P-PC-222],[pid=4047],[date=26-May-2026]
13:33:35 IN: "simulink" k_brahmiah@DO5P-PC-222
15:43:13 (MLM) CHECKOUT: [feature=simulink],[user=rahul],[host=RDP-LAB],[pid=4048],[license_number=40554048],[date=26-May-2026]
15:43:13 OUT: "simulink" rahul@RDP-LAB
16:41:13 (MLM) CHECKIN: [feature=simulink],[user=rahul],[host=RDP-LAB],[pid=4048],[date=26-May-2026]
16:41:13 IN: "simulink" rahul@RDP-LAB
11:43:19 (MLM) CHECKOUT: [feature=control_toolbox],[user=sudhakr_kunnur],[host=LAB-WS-18],[pid=4049],[license_number=40554049],[date=26-May-2026]
11:43:19 OUT: "control_toolbox" sudhakr_kunnur@LAB-WS-18
12:04:19 (MLM) CHECKIN: [feature=control_toolbox],[user=sudhakr_kunnur],[host=LAB-WS-18],[pid=4049],[date=26-May-2026]
12:04:19 IN: "control_toolbox" sudhakr_kunnur@LAB-WS-18
09:29:26 (MLM) CHECKOUT: [feature=aerospace_blockset],[user=efcs],[host=LAB-WS-18],[pid=4050],[license_number=40554050],[date=26-May-2026]
11:22:26 (MLM) CHECKIN: [feature=aerospace_blockset],[user=efcs],[host=LAB-WS-18],[pid=4050],[date=26-May-2026]
11:22:26 IN: "aerospace_blockset" efcs@LAB-WS-18
00:00:01 (MLM) TIMESTAMP 5/27/2026
09:49:27 (MLM) CHECKOUT: [feature=map_toolbox],[user=abhishek],[host=ECSG-HP-10],[pid=4051],[license_number=40554051],[date=27-May-2026]
09:49:27 OUT: "map_toolbox" abhishek@ECSG-HP-10
12:16:27 (MLM) CHECKIN: [feature=map_toolbox],[user=abhishek],[host=ECSG-HP-10],[pid=4051],[date=27-May-2026]
12:16:27 IN: "map_toolbox" abhishek@ECSG-HP-10
15:42:33 (MLM) CHECKOUT: [feature=simulink],[user=rahul],[host=ECSG-HP-10],[pid=4052],[license_number=40554052],[date=27-May-2026]
17:50:33 (MLM) CHECKIN: [feature=simulink],[user=rahul],[host=ECSG-HP-10],[pid=4052],[date=27-May-2026]
17:50:33 IN: "simulink" rahul@ECSG-HP-10
16:28:57 (MLM) CHECKOUT: [feature=signal_toolbox],[user=vinay],[host=LAB-WS-18],[pid=4053],[license_number=40554053],[date=27-May-2026]
16:28:57 OUT: "signal_toolbox" vinay@LAB-WS-18
18:38:57 (MLM) CHECKIN: [feature=signal_toolbox],[user=vinay],[host=LAB-WS-18],[pid=4053],[date=27-May-2026]
18:38:57 IN: "signal_toolbox" vinay@LAB-WS-18
16:31:40 (MLM) CHECKOUT: [feature=signal_blocks],[user=sudhakr_kunnur],[host=RDP-LAB],[pid=4054],[license_number=40554054],[date=27-May-2026]
16:31:40 OUT: "signal_blocks" sudhakr_kunnur@RDP-LAB
17:59:40 (MLM) CHECKIN: [feature=signal_blocks],[user=sudhakr_kunnur],[host=RDP-LAB],[pid=4054],[date=27-May-2026]
17:59:40 IN: "signal_blocks" sudhakr_kunnur@RDP-LAB
10:14:24 (MLM) CHECKOUT: [feature=MATLAB],[user=k_brahmiah],[host=LAB-WS-18],[pid=4055],[license_number=40554055],[date=27-May-2026]
10:14:24 OUT: "MATLAB" k_brahmiah@LAB-WS-18
10:45:24 (MLM) CHECKIN: [feature=MATLAB],[user=k_brahmiah],[host=LAB-WS-18],[pid=4055],[date=27-May-2026]
10:45:24 IN: "MATLAB" k_brahmiah@LAB-WS-18
11:53:26 (MLM) CHECKOUT: [feature=signal_toolbox],[user=k_brahmiah],[host=ECSG-HP-07],[pid=4056],[license_number=40554056],[date=27-May-2026]
11:53:26 OUT: "signal_toolbox" k_brahmiah@ECSG-HP-07
12:13:26 (MLM) CHECKIN: [feature=signal_toolbox],[user=k_brahmiah],[host=ECSG-HP-07],[pid=4056],[date=27-May-2026]
13:19:48 (MLM) CHECKOUT: [feature=simulink],[user=vinay],[host=ECSG-HP-07],[pid=4057],[license_number=40554057],[date=27-May-2026]
13:19:48 OUT: "simulink" vinay@ECSG-HP-07
15:21:48 (MLM) CHECKIN: [feature=simulink],[user=vinay],[host=ECSG-HP-07],[pid=4057],[date=27-May-2026]
15:21:48 IN: "simulink" vinay@ECSG-HP-07
15:14:17 (MLM) CHECKOUT: [feature=map_toolbox],[user=vinay],[host=LAB-WS-18],[pid=4058],[license_number=40554058],[date=27-May-2026]
15:14:17 OUT: "map_toolbox" vinay@LAB-WS-18
15:25:17 (MLM) DENIED: "map_toolbox" vinay@LAB-WS-18
17:12:17 (MLM) CHECKIN: [feature=map_toolbox],[user=vinay],[host=LAB-WS-18],[pid=4058],[date=27-May-2026]
16:01:58 (MLM) CHECKOUT: [feature=distri_computing_toolbox],[user=amit_ad],[host=DO5P-PC-222],[pid=4059],[license_number=40554059],[date=27-May-2026]
16:01:58 OUT: "distri_computing_toolbox" amit_ad@DO5P-PC-222
16:22:58 (MLM) CHECKIN: [feature=distri_computing_toolbox],[user=amit_ad],[host=DO5P-PC-222],[pid=4059],[date=27-May-2026]
16:22:58 IN: "distri_computing_toolbox" amit_ad@DO5P-PC-222
12:24:20 (MLM) CHECKOUT: [feature=MATLAB],[user=k_brahmiah],[host=ECSG-HP-07],[pid=4060],[license_number=40554060],[date=27-May-2026]
12:24:20 OUT: "MATLAB" k_brahmiah@ECSG-HP-07
14:16:20 (MLM) CHECKIN: [feature=MATLAB],[user=k_brahmiah],[host=ECSG-HP-07],[pid=4060],[date=27-May-2026]
14:16:20 IN: "MATLAB" k_brahmiah@ECSG-HP-07
09:30:01 (MLM) CHECKOUT: [feature=control_toolbox],[user=efcs],[host=ECSG-HP-07],[pid=4061],[license_number=40554061],[date=27-May-2026]
09:42:01 (MLM) DENIED: "control_toolbox" efcs@ECSG-HP-07
10:42:01 (MLM) CHECKIN: [feature=control_toolbox],[user=efcs],[host=ECSG-HP-07],[pid=4061],[date=27-May-2026]
10:42:01 IN: "control_toolbox" efcs@ECSG-HP-07
11:12:53 (MLM) CHECKOUT: [feature=signal_blocks],[user=vinay],[host=ECSG-HP-10],[pid=4062],[license_number=40554062],[date=27-May-2026]
11:12:53 OUT: "signal_blocks" vinay@ECSG-HP-10
11:59:53 (MLM) CHECKIN: [feature=signal_blocks],[user=vinay],[host=ECSG-HP-10],[pid=4062],[date=27-May-2026]
11:59:53 IN: "signal_blocks" vinay@ECSG-HP-10
12:49:23 (MLM) CHECKOUT: [feature=simulink],[user=abhishek],[host=DO5P-PC-222],[pid=4063],[license_number=40554063],[date=27-May-2026]
12:49:23 OUT: "simulink" abhishek@DO5P-PC-222
13:33:23 (MLM) CHECKIN: [feature=simulink],[user=abhishek],[host=DO5P-PC-222],[pid=4063],[date=27-May-2026]
08:59:19 (MLM) CHECKOUT: [feature=MATLAB],[user=abhishek],[host=RDP-LAB],[pid=4064],[license_number=40554064],[date=27-May-2026]
08:59:19 OUT: "MATLAB" abhishek@RDP-LAB
10:50:19 (MLM) CHECKIN: [feature=MATLAB],[user=abhishek],[host=RDP-LAB],[pid=4064],[date=27-May-2026]
10:50:19 IN: "MATLAB" abhishek@RDP-LAB
11:06:44 (MLM) CHECKOUT: [feature=simulink],[user=vinay],[host=ECSG-HP-10],[pid=4065],[license_number=40554065],[date=27-May-2026]
13:54:44 (MLM) CHECKIN: [feature=simulink],[user=vinay],[host=ECSG-HP-10],[pid=4065],[date=27-May-2026]
13:34:27 (MLM) CHECKOUT: [feature=aerospace_toolbox],[user=vinay],[host=LAB-WS-18],[pid=4066],[license_number=40554066],[date=27-May-2026]
13:34:27 OUT: "aerospace_toolbox" vinay@LAB-WS-18
13:45:27 (MLM) DENIED: "aerospace_toolbox" vinay@LAB-WS-18
13:52:27 (MLM) CHECKIN: [feature=aerospace_toolbox],[user=vinay],[host=LAB-WS-18],[pid=4066],[date=27-May-2026]
13:40:57 (MLM) CHECKOUT: [feature=signal_toolbox],[user=vinay],[host=ECSG-HP-10],[pid=4067],[license_number=40554067],[date=27-May-2026]
15:46:57 (MLM) CHECKIN: [feature=signal_toolbox],[user=vinay],[host=ECSG-HP-10],[pid=4067],[date=27-May-2026]
15:46:57 IN: "signal_toolbox" vinay@ECSG-HP-10
16:49:30 (MLM) CHECKOUT: [feature=simulink],[user=rahul],[host=RDP-LAB],[pid=4068],[license_number=40554068],[date=27-May-2026]
16:49:30 OUT: "simulink" rahul@RDP-LAB
19:35:30 (MLM) CHECKIN: [feature=simulink],[user=rahul],[host=RDP-LAB],[pid=4068],[date=27-May-2026]
19:35:30 IN: "simulink" rahul@RDP-LAB
15:15:48 (MLM) CHECKOUT: [feature=control_toolbox],[user=amit_ad],[host=ECSG-HP-10],[pid=4069],[license_number=40554069],[date=27-May-2026]
15:15:48 OUT: "control_toolbox" amit_ad@ECSG-HP-10
17:07:48 (MLM) CHECKIN: [feature=control_toolbox],[user=amit_ad],[host=ECSG-HP-10],[pid=4069],[date=27-May-2026]
17:07:48 IN: "control_toolbox" amit_ad@ECSG-HP-10
11:22:51 (MLM) CHECKOUT: [feature=MATLAB],[user=rahul],[host=RDP-LAB],[pid=4070],[license_number=40554070],[date=27-May-2026]
11:22:51 OUT: "MATLAB" rahul@RDP-LAB
14:09:51 (MLM) CHECKIN: [feature=MATLAB],[user=rahul],[host=RDP-LAB],[pid=4070],[date=27-May-2026]
11:05:15 (MLM) CHECKOUT: [feature=simulink],[user=sudhakr_kunnur],[host=ECSG-HP-10],[pid=4071],[license_number=40554071],[date=27-May-2026]
12:21:15 (MLM) CHECKIN: [feature=simulink],[user=sudhakr_kunnur],[host=ECSG-HP-10],[pid=4071],[date=27-May-2026]
12:21:15 IN: "simulink" sudhakr_kunnur@ECSG-HP-10
08:05:18 (MLM) CHECKOUT: [feature=signal_toolbox],[user=jaibeer],[host=ECSG-HP-07],[pid=4072],[license_number=40554072],[date=27-May-2026]
08:05:18 OUT: "signal_toolbox" jaibeer@ECSG-HP-07
09:38:18 (MLM) CHECKIN: [feature=signal_toolbox],[user=jaibeer],[host=ECSG-HP-07],[pid=4072],[date=27-May-2026]
09:38:18 IN: "signal_toolbox" jaibeer@ECSG-HP-07
14:47:35 (MLM) CHECKOUT: [feature=simulink],[user=k_brahmiah],[host=LAB-WS-18],[pid=4073],[license_number=40554073],[date=27-May-2026]
14:47:35 OUT: "simulink" k_brahmiah@LAB-WS-18
16:11:35 (MLM) CHECKIN: [feature=simulink],[user=k_brahmiah],[host=LAB-WS-18],[pid=4073],[date=27-May-2026]
16:11:35 IN: "simulink" k_brahmiah@LAB-WS-18
16:48:44 (MLM) CHECKOUT: [feature=control_toolbox],[user=sudhakr_kunnur],[host=DO5P-PC-222],[pid=4074],[license_number=40554074],[date=27-May-2026]
16:48:44 OUT: "control_toolbox" sudhakr_kunnur@DO5P-PC-222
19:06:44 (MLM) CHECKIN: [feature=control_toolbox],[user=sudhakr_kunnur],[host=DO5P-PC-222],[pid=4074],[date=27-May-2026]
19:06:44 IN: "control_toolbox" sudhakr_kunnur@DO5P-PC-222
09:53:12 (MLM) CHECKOUT: [feature=simulink],[user=rahul],[host=LAB-WS-18],[pid=4075],[license_number=40554075],[date=27-May-2026]
09:53:12 OUT: "simulink" rahul@LAB-WS-18
11:25:12 (MLM) CHECKIN: [feature=simulink],[user=rahul],[host=LAB-WS-18],[pid=4075],[date=27-May-2026]
11:25:12 IN: "simulink" rahul@LAB-WS-18
00:00:01 (MLM) TIMESTAMP 5/28/2026
16:18:44 (MLM) CHECKOUT: [feature=distri_computing_toolbox],[user=abhishek],[host=ECSG-HP-10],[pid=4076],[license_number=40554076],[date=28-May-2026]
18:38:44 (MLM) CHECKIN: [feature=distri_computing_toolbox],[user=abhishek],[host=ECSG-HP-10],[pid=4076],[date=28-May-2026]
18:38:44 IN: "distri_computing_toolbox" abhishek@ECSG-HP-10
15:21:11 (MLM) CHECKOUT: [feature=simulink],[user=abhishek],[host=RDP-LAB],[pid=4077],[license_number=40554077],[date=28-May-2026]
17:38:11 (MLM) CHECKIN: [feature=simulink],[user=abhishek],[host=RDP-LAB],[pid=4077],[date=28-May-2026]
17:38:11 IN: "simulink" abhishek@RDP-LAB
08:09:09 (MLM) CHECKOUT: [feature=MATLAB],[user=abhishek],[host=ECSG-HP-07],[pid=4078],[license_number=40554078],[date=28-May-2026]
08:45:09 (MLM) CHECKIN: [feature=MATLAB],[user=abhishek],[host=ECSG-HP-07],[pid=4078],[date=28-May-2026]
17:14:49 (MLM) CHECKOUT: [feature=simulink],[user=abhishek],[host=ECSG-HP-07],[pid=4079],[license_number=40554079],[date=28-May-2026]
17:14:49 OUT: "simulink" abhishek@ECSG-HP-07
19:22:49 (MLM) CHECKIN: [feature=simulink],[user=abhishek],[host=ECSG-HP-07],[pid=4079],[date=28-May-2026]
19:22:49 IN: "simulink" abhishek@ECSG-HP-07
17:03:39 (MLM) CHECKOUT: [feature=control_toolbox],[user=rahul],[host=ECSG-HP-07],[pid=4080],[license_number=40554080],[date=28-May-2026]
18:11:39 (MLM) CHECKIN: [feature=control_toolbox],[user=rahul],[host=ECSG-HP-07],[pid=4080],[date=28-May-2026]
18:11:39 IN: "control_toolbox" rahul@ECSG-HP-07
10:35:04 (MLM) CHECKOUT: [feature=MATLAB],[user=sudhakr_kunnur],[host=ECSG-HP-10],[pid=4081],[license_number=40554081],[date=28-May-2026]
10:35:04 OUT: "MATLAB" sudhakr_kunnur@ECSG-HP-10
13:22:04 (MLM) CHECKIN: [feature=MATLAB],[user=sudhakr_kunnur],[host=ECSG-HP-10],[pid=4081],[date=28-May-2026]
13:22:04 IN: "MATLAB" sudhakr_kunnur@ECSG-HP-10
15:04:43 (MLM) CHECKOUT: [feature=simulink_control_design],[user=abhishek],[host=RDP-LAB],[pid=4082],[license_number=40554082],[date=28-May-2026]
15:04:43 OUT: "simulink_control_design" abhishek@RDP-LAB
17:59:43 (MLM) CHECKIN: [feature=simulink_control_design],[user=abhishek],[host=RDP-LAB],[pid=4082],[date=28-May-2026]
17:59:43 IN: "simulink_control_design" abhishek@RDP-LAB
16:14:41 (MLM) CHECKOUT: [feature=signal_toolbox],[user=vinay],[host=DO5P-PC-222],[pid=4083],[license_number=40554083],[date=28-May-2026]
16:14:41 OUT: "signal_toolbox" vinay@DO5P-PC-222
17:05:41 (MLM) CHECKIN: [feature=signal_toolbox],[user=vinay],[host=DO5P-PC-222],[pid=4083],[date=28-May-2026]
17:05:41 IN: "signal_toolbox" vinay@DO5P-PC-222
17:58:18 (MLM) CHECKOUT: [feature=simulink],[user=abhishek],[host=RDP-LAB],[pid=4084],[license_number=40554084],[date=28-May-2026]
17:58:18 OUT: "simulink" abhishek@RDP-LAB
19:30:18 (MLM) CHECKIN: [feature=simulink],[user=abhishek],[host=RDP-LAB],[pid=4084],[date=28-May-2026]
19:30:18 IN: "simulink" abhishek@RDP-LAB
15:05:38 (MLM) CHECKOUT: [feature=simulink],[user=efcs],[host=LAB-WS-18],[pid=4085],[license_number=40554085],[date=28-May-2026]
15:05:38 OUT: "simulink" efcs@LAB-WS-18
16:42:38 (MLM) CHECKIN: [feature=simulink],[user=efcs],[host=LAB-WS-18],[pid=4085],[date=28-May-2026]
16:42:38 IN: "simulink" efcs@LAB-WS-18
17:37:01 (MLM) CHECKOUT: [feature=distri_computing_toolbox],[user=abhishek],[host=DO5P-PC-222],[pid=4086],[license_number=40554086],[date=28-May-2026]
19:00:01 (MLM) CHECKIN: [feature=distri_computing_toolbox],[user=abhishek],[host=DO5P-PC-222],[pid=4086],[date=28-May-2026]
19:00:01 IN: "distri_computing_toolbox" abhishek@DO5P-PC-222
15:58:17 (MLM) CHECKOUT: [feature=simulink],[user=vinay],[host=DO5P-PC-222],[pid=4087],[license_number=40554087],[date=28-May-2026]
15:58:17 OUT: "simulink" vinay@DO5P-PC-222
18:55:17 (MLM) CHECKIN: [feature=simulink],[user=vinay],[host=DO5P-PC-222],[pid=4087],[date=28-May-2026]
13:20:42 (MLM) CHECKOUT: [feature=control_toolbox],[user=efcs],[host=ECSG-HP-07],[pid=4088],[license_number=40554088],[date=28-May-2026]
13:20:42 OUT: "control_toolbox" efcs@ECSG-HP-07
15:20:42 (MLM) CHECKIN: [feature=control_toolbox],[user=efcs],[host=ECSG-HP-07],[pid=4088],[date=28-May-2026]
15:20:42 IN: "control_toolbox" efcs@ECSG-HP-07
16:02:29 (MLM) CHECKOUT: [feature=aerospace_toolbox],[user=sudhakr_kunnur],[host=ECSG-HP-07],[pid=4089],[license_number=40554089],[date=28-May-2026]
16:02:29 OUT: "aerospace_toolbox" sudhakr_kunnur@ECSG-HP-07
16:46:29 (MLM) CHECKIN: [feature=aerospace_toolbox],[user=sudhakr_kunnur],[host=ECSG-HP-07],[pid=4089],[date=28-May-2026]
08:42:55 (MLM) CHECKOUT: [feature=aerospace_toolbox],[user=k_brahmiah],[host=LAB-WS-18],[pid=4090],[license_number=40554090],[date=28-May-2026]
08:42:55 OUT: "aerospace_toolbox" k_brahmiah@LAB-WS-18
09:45:55 (MLM) CHECKIN: [feature=aerospace_toolbox],[user=k_brahmiah],[host=LAB-WS-18],[pid=4090],[date=28-May-2026]
09:45:55 IN: "aerospace_toolbox" k_brahmiah@LAB-WS-18
08:13:17 (MLM) CHECKOUT: [feature=simulink],[user=jaibeer],[host=ECSG-HP-07],[pid=4091],[license_number=40554091],[date=28-May-2026]
08:13:17 OUT: "simulink" jaibeer@ECSG-HP-07
10:20:17 (MLM) CHECKIN: [feature=simulink],[user=jaibeer],[host=ECSG-HP-07],[pid=4091],[date=28-May-2026]
17:51:15 (MLM) CHECKOUT: [feature=distri_computing_toolbox],[user=rahul],[host=ECSG-HP-10],[pid=4092],[license_number=40554092],[date=28-May-2026]
18:09:15 (MLM) CHECKIN: [feature=distri_computing_toolbox],[user=rahul],[host=ECSG-HP-10],[pid=4092],[date=28-May-2026]
18:09:15 IN: "distri_computing_toolbox" rahul@ECSG-HP-10
09:41:53 (MLM) CHECKOUT: [feature=simulink],[user=abhishek],[host=ECSG-HP-10],[pid=4093],[license_number=40554093],[date=28-May-2026]
09:41:53 OUT: "simulink" abhishek@ECSG-HP-10
11:10:53 (MLM) CHECKIN: [feature=simulink],[user=abhishek],[host=ECSG-HP-10],[pid=4093],[date=28-May-2026]
11:10:53 IN: "simulink" abhishek@ECSG-HP-10
11:29:35 (MLM) CHECKOUT: [feature=distri_computing_toolbox],[user=sudhakr_kunnur],[host=ECSG-HP-07],[pid=4094],[license_number=40554094],[date=28-May-2026]
11:29:35 OUT: "distri_computing_toolbox" sudhakr_kunnur@ECSG-HP-07
14:17:35 (MLM) CHECKIN: [feature=distri_computing_toolbox],[user=sudhakr_kunnur],[host=ECSG-HP-07],[pid=4094],[date=28-May-2026]
14:17:35 IN: "distri_computing_toolbox" sudhakr_kunnur@ECSG-HP-07
14:21:59 (MLM) CHECKOUT: [feature=control_toolbox],[user=amit_ad],[host=ECSG-HP-10],[pid=4095],[license_number=40554095],[date=28-May-2026]
14:36:59 (MLM) CHECKIN: [feature=control_toolbox],[user=amit_ad],[host=ECSG-HP-10],[pid=4095],[date=28-May-2026]
14:36:59 IN: "control_toolbox" amit_ad@ECSG-HP-10
15:55:09 (MLM) CHECKOUT: [feature=simulink],[user=sudhakr_kunnur],[host=LAB-WS-18],[pid=4096],[license_number=40554096],[date=28-May-2026]
15:55:09 OUT: "simulink" sudhakr_kunnur@LAB-WS-18
17:35:09 (MLM) CHECKIN: [feature=simulink],[user=sudhakr_kunnur],[host=LAB-WS-18],[pid=4096],[date=28-May-2026]
17:35:09 IN: "simulink" sudhakr_kunnur@LAB-WS-18
11:44:15 (MLM) CHECKOUT: [feature=polyspace_bf],[user=rahul],[host=ECSG-HP-07],[pid=4097],[license_number=40554097],[date=28-May-2026]
11:44:15 OUT: "polyspace_bf" rahul@ECSG-HP-07
13:44:15 (MLM) CHECKIN: [feature=polyspace_bf],[user=rahul],[host=ECSG-HP-07],[pid=4097],[date=28-May-2026]
13:44:15 IN: "polyspace_bf" rahul@ECSG-HP-07
10:31:02 (MLM) CHECKOUT: [feature=signal_toolbox],[user=vinay],[host=ECSG-HP-07],[pid=4098],[license_number=40554098],[date=28-May-2026]
10:31:02 OUT: "signal_toolbox" vinay@ECSG-HP-07
12:10:02 (MLM) CHECKIN: [feature=signal_toolbox],[user=vinay],[host=ECSG-HP-07],[pid=4098],[date=28-May-2026]
15:00:46 (MLM) CHECKOUT: [feature=MATLAB],[user=amit_ad],[host=ECSG-HP-07],[pid=4099],[license_number=40554099],[date=28-May-2026]
15:00:46 OUT: "MATLAB" amit_ad@ECSG-HP-07
15:54:46 (MLM) CHECKIN: [feature=MATLAB],[user=amit_ad],[host=ECSG-HP-07],[pid=4099],[date=28-May-2026]
15:54:46 IN: "MATLAB" amit_ad@ECSG-HP-07
14:41:05 (MLM) CHECKOUT: [feature=control_toolbox],[user=vinay],[host=RDP-LAB],[pid=4100],[license_number=40554100],[date=28-May-2026]
17:12:05 (MLM) CHECKIN: [feature=control_toolbox],[user=vinay],[host=RDP-LAB],[pid=4100],[date=28-May-2026]
17:12:05 IN: "control_toolbox" vinay@RDP-LAB
08:39:04 (MLM) CHECKOUT: [feature=map_toolbox],[user=k_brahmiah],[host=ECSG-HP-07],[pid=4101],[license_number=40554101],[date=28-May-2026]
08:39:04 OUT: "map_toolbox" k_brahmiah@ECSG-HP-07
10:07:04 (MLM) CHECKIN: [feature=map_toolbox],[user=k_brahmiah],[host=ECSG-HP-07],[pid=4101],[date=28-May-2026]
09:28:10 (MLM) CHECKOUT: [feature=distri_computing_toolbox],[user=vinay],[host=ECSG-HP-07],[pid=4102],[license_number=40554102],[date=28-May-2026]
09:28:10 OUT: "distri_computing_toolbox" vinay@ECSG-HP-07
09:54:10 (MLM) CHECKIN: [feature=distri_computing_toolbox],[user=vinay],[host=ECSG-HP-07],[pid=4102],[date=28-May-2026]
09:54:10 IN: "distri_computing_toolbox" vinay@ECSG-HP-07
10:15:33 (MLM) CHECKOUT: [feature=signal_toolbox],[user=abhishek],[host=RDP-LAB],[pid=4103],[license_number=40554103],[date=28-May-2026]
10:15:33 OUT: "signal_toolbox" abhishek@RDP-LAB
11:16:33 (MLM) CHECKIN: [feature=signal_toolbox],[user=abhishek],[host=RDP-LAB],[pid=4103],[date=28-May-2026]
11:16:33 IN: "signal_toolbox" abhishek@RDP-LAB
11:31:58 (MLM) CHECKOUT: [feature=simulink],[user=abhishek],[host=ECSG-HP-07],[pid=4104],[license_number=40554104],[date=28-May-2026]
11:31:58 OUT: "simulink" abhishek@ECSG-HP-07
14:29:58 (MLM) CHECKIN: [feature=simulink],[user=abhishek],[host=ECSG-HP-07],[pid=4104],[date=28-May-2026]
14:29:58 IN: "simulink" abhishek@ECSG-HP-07
15:57:18 (MLM) CHECKOUT: [feature=map_toolbox],[user=sudhakr_kunnur],[host=ECSG-HP-10],[pid=4105],[license_number=40554105],[date=28-May-2026]
15:57:18 OUT: "map_toolbox" sudhakr_kunnur@ECSG-HP-10
18:05:18 (MLM) CHECKIN: [feature=map_toolbox],[user=sudhakr_kunnur],[host=ECSG-HP-10],[pid=4105],[date=28-May-2026]
14:44:16 (MLM) CHECKOUT: [feature=simulink_control_design],[user=efcs],[host=RDP-LAB],[pid=4106],[license_number=40554106],[date=28-May-2026]
14:44:16 OUT: "simulink_control_design" efcs@RDP-LAB
16:37:16 (MLM) CHECKIN: [feature=simulink_control_design],[user=efcs],[host=RDP-LAB],[pid=4106],[date=28-May-2026]
17:18:44 (MLM) CHECKOUT: [feature=simulink],[user=abhishek],[host=ECSG-HP-07],[pid=4107],[license_number=40554107],[date=28-May-2026]
17:18:44 OUT: "simulink" abhishek@ECSG-HP-07
19:14:44 (MLM) CHECKIN: [feature=simulink],[user=abhishek],[host=ECSG-HP-07],[pid=4107],[date=28-May-2026]
19:14:44 IN: "simulink" abhishek@ECSG-HP-07
15:53:57 (MLM) CHECKOUT: [feature=polyspace_bf],[user=rahul],[host=ECSG-HP-10],[pid=4108],[license_number=40554108],[date=28-May-2026]
17:06:57 (MLM) CHECKIN: [feature=polyspace_bf],[user=rahul],[host=ECSG-HP-10],[pid=4108],[date=28-May-2026]
17:06:57 IN: "polyspace_bf" rahul@ECSG-HP-10
10:40:06 (MLM) CHECKOUT: [feature=simulink],[user=k_brahmiah],[host=DO5P-PC-222],[pid=4109],[license_number=40554109],[date=28-May-2026]
12:14:06 (MLM) CHECKIN: [feature=simulink],[user=k_brahmiah],[host=DO5P-PC-222],[pid=4109],[date=28-May-2026]
09:58:18 (MLM) CHECKOUT: [feature=signal_blocks],[user=abhishek],[host=RDP-LAB],[pid=4110],[license_number=40554110],[date=28-May-2026]
09:58:18 OUT: "signal_blocks" abhishek@RDP-LAB
11:04:18 (MLM) CHECKIN: [feature=signal_blocks],[user=abhishek],[host=RDP-LAB],[pid=4110],[date=28-May-2026]
11:04:18 IN: "signal_blocks" abhishek@RDP-LAB
00:00:01 (MLM) TIMESTAMP 5/29/2026
12:53:10 (MLM) CHECKOUT: [feature=simulink],[user=amit_ad],[host=RDP-LAB],[pid=4111],[license_number=40554111],[date=29-May-2026]
12:53:10 OUT: "simulink" amit_ad@RDP-LAB
15:11:10 (MLM) CHECKIN: [feature=simulink],[user=amit_ad],[host=RDP-LAB],[pid=4111],[date=29-May-2026]
15:04:09 (MLM) CHECKOUT: [feature=aerospace_toolbox],[user=sudhakr_kunnur],[host=RDP-LAB],[pid=4112],[license_number=40554112],[date=29-May-2026]
17:00:09 (MLM) CHECKIN: [feature=aerospace_toolbox],[user=sudhakr_kunnur],[host=RDP-LAB],[pid=4112],[date=29-May-2026]
14:00:16 (MLM) CHECKOUT: [feature=MATLAB],[user=vinay],[host=RDP-LAB],[pid=4113],[license_number=40554113],[date=29-May-2026]
14:00:16 OUT: "MATLAB" vinay@RDP-LAB
15:22:16 (MLM) CHECKIN: [feature=MATLAB],[user=vinay],[host=RDP-LAB],[pid=4113],[date=29-May-2026]
15:22:16 IN: "MATLAB" vinay@RDP-LAB
11:30:01 (MLM) CHECKOUT: [feature=MATLAB],[user=vinay],[host=RDP-LAB],[pid=4114],[license_number=40554114],[date=29-May-2026]
11:30:01 OUT: "MATLAB" vinay@RDP-LAB
13:08:01 (MLM) CHECKIN: [feature=MATLAB],[user=vinay],[host=RDP-LAB],[pid=4114],[date=29-May-2026]
15:58:44 (MLM) CHECKOUT: [feature=simulink_control_design],[user=sudhakr_kunnur],[host=ECSG-HP-10],[pid=4115],[license_number=40554115],[date=29-May-2026]
15:58:44 OUT: "simulink_control_design" sudhakr_kunnur@ECSG-HP-10
16:48:44 (MLM) CHECKIN: [feature=simulink_control_design],[user=sudhakr_kunnur],[host=ECSG-HP-10],[pid=4115],[date=29-May-2026]
16:48:44 IN: "simulink_control_design" sudhakr_kunnur@ECSG-HP-10
11:56:34 (MLM) CHECKOUT: [feature=MATLAB],[user=abhishek],[host=ECSG-HP-07],[pid=4116],[license_number=40554116],[date=29-May-2026]
11:56:34 OUT: "MATLAB" abhishek@ECSG-HP-07
14:29:34 (MLM) CHECKIN: [feature=MATLAB],[user=abhishek],[host=ECSG-HP-07],[pid=4116],[date=29-May-2026]
14:29:34 IN: "MATLAB" abhishek@ECSG-HP-07
09:53:31 (MLM) CHECKOUT: [feature=map_toolbox],[user=vinay],[host=DO5P-PC-222],[pid=4117],[license_number=40554117],[date=29-May-2026]
09:53:31 OUT: "map_toolbox" vinay@DO5P-PC-222
11:19:31 (MLM) CHECKIN: [feature=map_toolbox],[user=vinay],[host=DO5P-PC-222],[pid=4117],[date=29-May-2026]
11:19:31 IN: "map_toolbox" vinay@DO5P-PC-222
11:54:23 (MLM) CHECKOUT: [feature=signal_toolbox],[user=k_brahmiah],[host=ECSG-HP-07],[pid=4118],[license_number=40554118],[date=29-May-2026]
11:54:23 OUT: "signal_toolbox" k_brahmiah@ECSG-HP-07
14:28:23 (MLM) CHECKIN: [feature=signal_toolbox],[user=k_brahmiah],[host=ECSG-HP-07],[pid=4118],[date=29-May-2026]
11:07:54 (MLM) CHECKOUT: [feature=signal_toolbox],[user=jaibeer],[host=ECSG-HP-10],[pid=4119],[license_number=40554119],[date=29-May-2026]
12:16:54 (MLM) CHECKIN: [feature=signal_toolbox],[user=jaibeer],[host=ECSG-HP-10],[pid=4119],[date=29-May-2026]
12:16:54 IN: "signal_toolbox" jaibeer@ECSG-HP-10
13:15:08 (MLM) CHECKOUT: [feature=MATLAB],[user=jaibeer],[host=ECSG-HP-10],[pid=4120],[license_number=40554120],[date=29-May-2026]
15:51:08 (MLM) CHECKIN: [feature=MATLAB],[user=jaibeer],[host=ECSG-HP-10],[pid=4120],[date=29-May-2026]
15:51:08 IN: "MATLAB" jaibeer@ECSG-HP-10
10:50:57 (MLM) CHECKOUT: [feature=control_toolbox],[user=sudhakr_kunnur],[host=DO5P-PC-222],[pid=4121],[license_number=40554121],[date=29-May-2026]
10:50:57 OUT: "control_toolbox" sudhakr_kunnur@DO5P-PC-222
11:42:57 (MLM) CHECKIN: [feature=control_toolbox],[user=sudhakr_kunnur],[host=DO5P-PC-222],[pid=4121],[date=29-May-2026]
08:08:00 (MLM) CHECKOUT: [feature=MATLAB],[user=rahul],[host=DO5P-PC-222],[pid=4122],[license_number=40554122],[date=29-May-2026]
08:08:00 OUT: "MATLAB" rahul@DO5P-PC-222
10:53:00 (MLM) CHECKIN: [feature=MATLAB],[user=rahul],[host=DO5P-PC-222],[pid=4122],[date=29-May-2026]
10:53:00 IN: "MATLAB" rahul@DO5P-PC-222
14:33:07 (MLM) CHECKOUT: [feature=MATLAB],[user=sudhakr_kunnur],[host=ECSG-HP-10],[pid=4123],[license_number=40554123],[date=29-May-2026]
16:20:07 (MLM) CHECKIN: [feature=MATLAB],[user=sudhakr_kunnur],[host=ECSG-HP-10],[pid=4123],[date=29-May-2026]
16:20:07 IN: "MATLAB" sudhakr_kunnur@ECSG-HP-10
17:02:46 (MLM) CHECKOUT: [feature=MATLAB],[user=abhishek],[host=LAB-WS-18],[pid=4124],[license_number=40554124],[date=29-May-2026]
19:30:46 (MLM) CHECKIN: [feature=MATLAB],[user=abhishek],[host=LAB-WS-18],[pid=4124],[date=29-May-2026]
19:30:46 IN: "MATLAB" abhishek@LAB-WS-18
15:54:25 (MLM) CHECKOUT: [feature=MATLAB],[user=jaibeer],[host=ECSG-HP-10],[pid=4125],[license_number=40554125],[date=29-May-2026]
15:54:25 OUT: "MATLAB" jaibeer@ECSG-HP-10
18:02:25 (MLM) CHECKIN: [feature=MATLAB],[user=jaibeer],[host=ECSG-HP-10],[pid=4125],[date=29-May-2026]
18:02:25 IN: "MATLAB" jaibeer@ECSG-HP-10
10:17:39 (MLM) CHECKOUT: [feature=MATLAB],[user=abhishek],[host=LAB-WS-18],[pid=4126],[license_number=40554126],[date=29-May-2026]
10:17:39 OUT: "MATLAB" abhishek@LAB-WS-18
11:55:39 (MLM) CHECKIN: [feature=MATLAB],[user=abhishek],[host=LAB-WS-18],[pid=4126],[date=29-May-2026]
11:55:39 IN: "MATLAB" abhishek@LAB-WS-18
17:27:06 (MLM) CHECKOUT: [feature=simulink],[user=jaibeer],[host=RDP-LAB],[pid=4127],[license_number=40554127],[date=29-May-2026]
20:03:06 (MLM) CHECKIN: [feature=simulink],[user=jaibeer],[host=RDP-LAB],[pid=4127],[date=29-May-2026]
14:21:52 (MLM) CHECKOUT: [feature=map_toolbox],[user=sudhakr_kunnur],[host=ECSG-HP-07],[pid=4128],[license_number=40554128],[date=29-May-2026]
14:21:52 OUT: "map_toolbox" sudhakr_kunnur@ECSG-HP-07
15:00:52 (MLM) CHECKIN: [feature=map_toolbox],[user=sudhakr_kunnur],[host=ECSG-HP-07],[pid=4128],[date=29-May-2026]
15:00:52 IN: "map_toolbox" sudhakr_kunnur@ECSG-HP-07
10:43:59 (MLM) CHECKOUT: [feature=signal_toolbox],[user=sudhakr_kunnur],[host=RDP-LAB],[pid=4129],[license_number=40554129],[date=29-May-2026]
10:43:59 OUT: "signal_toolbox" sudhakr_kunnur@RDP-LAB
11:19:59 (MLM) CHECKIN: [feature=signal_toolbox],[user=sudhakr_kunnur],[host=RDP-LAB],[pid=4129],[date=29-May-2026]
11:19:59 IN: "signal_toolbox" sudhakr_kunnur@RDP-LAB
16:03:37 (MLM) CHECKOUT: [feature=aerospace_toolbox],[user=abhishek],[host=RDP-LAB],[pid=4130],[license_number=40554130],[date=29-May-2026]
16:49:37 (MLM) CHECKIN: [feature=aerospace_toolbox],[user=abhishek],[host=RDP-LAB],[pid=4130],[date=29-May-2026]
16:49:37 IN: "aerospace_toolbox" abhishek@RDP-LAB
08:18:38 (MLM) CHECKOUT: [feature=map_toolbox],[user=amit_ad],[host=ECSG-HP-07],[pid=4131],[license_number=40554131],[date=29-May-2026]
08:18:38 OUT: "map_toolbox" amit_ad@ECSG-HP-07
10:42:38 (MLM) CHECKIN: [feature=map_toolbox],[user=amit_ad],[host=ECSG-HP-07],[pid=4131],[date=29-May-2026]
10:42:38 IN: "map_toolbox" amit_ad@ECSG-HP-07
13:54:35 (MLM) CHECKOUT: [feature=aerospace_blockset],[user=jaibeer],[host=DO5P-PC-222],[pid=4132],[license_number=40554132],[date=29-May-2026]
13:54:35 OUT: "aerospace_blockset" jaibeer@DO5P-PC-222
16:35:35 (MLM) CHECKIN: [feature=aerospace_blockset],[user=jaibeer],[host=DO5P-PC-222],[pid=4132],[date=29-May-2026]
16:35:35 IN: "aerospace_blockset" jaibeer@DO5P-PC-222
17:39:43 (MLM) CHECKOUT: [feature=distri_computing_toolbox],[user=k_brahmiah],[host=LAB-WS-18],[pid=4133],[license_number=40554133],[date=29-May-2026]
17:39:43 OUT: "distri_computing_toolbox" k_brahmiah@LAB-WS-18
17:48:43 (MLM) DENIED: "distri_computing_toolbox" k_brahmiah@LAB-WS-18
18:01:43 (MLM) CHECKIN: [feature=distri_computing_toolbox],[user=k_brahmiah],[host=LAB-WS-18],[pid=4133],[date=29-May-2026]
18:01:43 IN: "distri_computing_toolbox" k_brahmiah@LAB-WS-18
13:00:11 (MLM) CHECKOUT: [feature=polyspace_bf],[user=jaibeer],[host=RDP-LAB],[pid=4134],[license_number=40554134],[date=29-May-2026]
14:57:11 (MLM) CHECKIN: [feature=polyspace_bf],[user=jaibeer],[host=RDP-LAB],[pid=4134],[date=29-May-2026]
14:57:11 IN: "polyspace_bf" jaibeer@RDP-LAB
16:13:24 (MLM) CHECKOUT: [feature=MATLAB],[user=vinay],[host=ECSG-HP-10],[pid=4135],[license_number=40554135],[date=29-May-2026]
16:13:24 OUT: "MATLAB" vinay@ECSG-HP-10
18:02:24 (MLM) CHECKIN: [feature=MATLAB],[user=vinay],[host=ECSG-HP-10],[pid=4135],[date=29-May-2026]
18:02:24 IN: "MATLAB" vinay@ECSG-HP-10
08:09:10 (MLM) CHECKOUT: [feature=simulink],[user=k_brahmiah],[host=LAB-WS-18],[pid=4136],[license_number=40554136],[date=29-May-2026]
08:12:10 (MLM) DENIED: "simulink" k_brahmiah@LAB-WS-18
09:33:10 (MLM) CHECKIN: [feature=simulink],[user=k_brahmiah],[host=LAB-WS-18],[pid=4136],[date=29-May-2026]
09:33:10 IN: "simulink" k_brahmiah@LAB-WS-18
12:13:48 (MLM) CHECKOUT: [feature=signal_toolbox],[user=k_brahmiah],[host=LAB-WS-18],[pid=4137],[license_number=40554137],[date=29-May-2026]
12:13:48 OUT: "signal_toolbox" k_brahmiah@LAB-WS-18
12:56:48 (MLM) CHECKIN: [feature=signal_toolbox],[user=k_brahmiah],[host=LAB-WS-18],[pid=4137],[date=29-May-2026]
12:56:48 IN: "signal_toolbox" k_brahmiah@LAB-WS-18
12:02:14 (MLM) CHECKOUT: [feature=simulink],[user=jaibeer],[host=ECSG-HP-07],[pid=4138],[license_number=40554138],[date=29-May-2026]
12:02:14 OUT: "simulink" jaibeer@ECSG-HP-07
12:18:14 (MLM) CHECKIN: [feature=simulink],[user=jaibeer],[host=ECSG-HP-07],[pid=4138],[date=29-May-2026]
12:18:14 IN: "simulink" jaibeer@ECSG-HP-07
12:20:07 (MLM) CHECKOUT: [feature=signal_blocks],[user=efcs],[host=DO5P-PC-222],[pid=4139],[license_number=40554139],[date=29-May-2026]
12:20:07 OUT: "signal_blocks" efcs@DO5P-PC-222
13:19:07 (MLM) CHECKIN: [feature=signal_blocks],[user=efcs],[host=DO5P-PC-222],[pid=4139],[date=29-May-2026]
13:19:07 IN: "signal_blocks" efcs@DO5P-PC-222
13:04:25 (MLM) CHECKOUT: [feature=simulink],[user=rahul],[host=DO5P-PC-222],[pid=4140],[license_number=40554140],[date=29-May-2026]
13:05:25 (MLM) DENIED: "simulink" rahul@DO5P-PC-222
15:16:25 (MLM) CHECKIN: [feature=simulink],[user=rahul],[host=DO5P-PC-222],[pid=4140],[date=29-May-2026]
14:45:40 (MLM) CHECKOUT: [feature=signal_toolbox],[user=amit_ad],[host=LAB-WS-18],[pid=4141],[license_number=40554141],[date=29-May-2026]
14:45:40 OUT: "signal_toolbox" amit_ad@LAB-WS-18
15:05:40 (MLM) CHECKIN: [feature=signal_toolbox],[user=amit_ad],[host=LAB-WS-18],[pid=4141],[date=29-May-2026]
13:05:27 (MLM) CHECKOUT: [feature=simulink],[user=sudhakr_kunnur],[host=LAB-WS-18],[pid=4142],[license_number=40554142],[date=29-May-2026]
15:50:27 (MLM) CHECKIN: [feature=simulink],[user=sudhakr_kunnur],[host=LAB-WS-18],[pid=4142],[date=29-May-2026]
15:50:27 IN: "simulink" sudhakr_kunnur@LAB-WS-18
11:21:49 (MLM) CHECKOUT: [feature=signal_blocks],[user=abhishek],[host=RDP-LAB],[pid=4143],[license_number=40554143],[date=29-May-2026]
11:21:49 OUT: "signal_blocks" abhishek@RDP-LAB
12:05:49 (MLM) CHECKIN: [feature=signal_blocks],[user=abhishek],[host=RDP-LAB],[pid=4143],[date=29-May-2026]
12:05:49 IN: "signal_blocks" abhishek@RDP-LAB
10:15:06 (MLM) CHECKOUT: [feature=signal_toolbox],[user=sudhakr_kunnur],[host=RDP-LAB],[pid=4144],[license_number=40554144],[date=29-May-2026]
10:15:06 OUT: "signal_toolbox" sudhakr_kunnur@RDP-LAB
13:04:06 (MLM) CHECKIN: [feature=signal_toolbox],[user=sudhakr_kunnur],[host=RDP-LAB],[pid=4144],[date=29-May-2026]
13:04:06 IN: "signal_toolbox" sudhakr_kunnur@RDP-LAB
15:29:48 (MLM) CHECKOUT: [feature=MATLAB],[user=vinay],[host=ECSG-HP-10],[pid=4145],[license_number=40554145],[date=29-May-2026]
15:29:48 OUT: "MATLAB" vinay@ECSG-HP-10
18:08:48 (MLM) CHECKIN: [feature=MATLAB],[user=vinay],[host=ECSG-HP-10],[pid=4145],[date=29-May-2026]
18:08:48 IN: "MATLAB" vinay@ECSG-HP-10
00:00:01 (MLM) TIMESTAMP 5/30/2026
09:30:28 (MLM) CHECKOUT: [feature=MATLAB],[user=amit_ad],[host=RDP-LAB],[pid=4146],[license_number=40554146],[date=30-May-2026]
09:30:28 OUT: "MATLAB" amit_ad@RDP-LAB
12:16:28 (MLM) CHECKIN: [feature=MATLAB],[user=amit_ad],[host=RDP-LAB],[pid=4146],[date=30-May-2026]
12:16:28 IN: "MATLAB" amit_ad@RDP-LAB
08:03:23 (MLM) CHECKOUT: [feature=simulink],[user=rahul],[host=RDP-LAB],[pid=4147],[license_number=40554147],[date=30-May-2026]
08:06:23 (MLM) DENIED: "simulink" rahul@RDP-LAB
10:55:23 (MLM) CHECKIN: [feature=simulink],[user=rahul],[host=RDP-LAB],[pid=4147],[date=30-May-2026]
10:55:23 IN: "simulink" rahul@RDP-LAB
08:28:58 (MLM) CHECKOUT: [feature=simulink],[user=k_brahmiah],[host=LAB-WS-18],[pid=4148],[license_number=40554148],[date=30-May-2026]
10:05:58 (MLM) CHECKIN: [feature=simulink],[user=k_brahmiah],[host=LAB-WS-18],[pid=4148],[date=30-May-2026]
10:05:58 IN: "simulink" k_brahmiah@LAB-WS-18
13:45:05 (MLM) CHECKOUT: [feature=simulink],[user=rahul],[host=ECSG-HP-10],[pid=4149],[license_number=40554149],[date=30-May-2026]
13:45:05 OUT: "simulink" rahul@ECSG-HP-10
15:03:05 (MLM) CHECKIN: [feature=simulink],[user=rahul],[host=ECSG-HP-10],[pid=4149],[date=30-May-2026]
10:23:23 (MLM) CHECKOUT: [feature=simulink],[user=efcs],[host=LAB-WS-18],[pid=4150],[license_number=40554150],[date=30-May-2026]
12:04:23 (MLM) CHECKIN: [feature=simulink],[user=efcs],[host=LAB-WS-18],[pid=4150],[date=30-May-2026]
12:04:23 IN: "simulink" efcs@LAB-WS-18
09:35:43 (MLM) CHECKOUT: [feature=MATLAB],[user=abhishek],[host=RDP-LAB],[pid=4151],[license_number=40554151],[date=30-May-2026]
09:35:43 OUT: "MATLAB" abhishek@RDP-LAB
12:24:43 (MLM) CHECKIN: [feature=MATLAB],[user=abhishek],[host=RDP-LAB],[pid=4151],[date=30-May-2026]
13:19:41 (MLM) CHECKOUT: [feature=simulink_control_design],[user=k_brahmiah],[host=LAB-WS-18],[pid=4152],[license_number=40554152],[date=30-May-2026]
13:19:41 OUT: "simulink_control_design" k_brahmiah@LAB-WS-18
16:06:41 (MLM) CHECKIN: [feature=simulink_control_design],[user=k_brahmiah],[host=LAB-WS-18],[pid=4152],[date=30-May-2026]
13:52:08 (MLM) CHECKOUT: [feature=signal_toolbox],[user=abhishek],[host=LAB-WS-18],[pid=4153],[license_number=40554153],[date=30-May-2026]
13:52:08 OUT: "signal_toolbox" abhishek@LAB-WS-18
16:21:08 (MLM) CHECKIN: [feature=signal_toolbox],[user=abhishek],[host=LAB-WS-18],[pid=4153],[date=30-May-2026]
16:21:08 IN: "signal_toolbox" abhishek@LAB-WS-18
13:19:11 (MLM) CHECKOUT: [feature=signal_toolbox],[user=jaibeer],[host=LAB-WS-18],[pid=4154],[license_number=40554154],[date=30-May-2026]
15:38:11 (MLM) CHECKIN: [feature=signal_toolbox],[user=jaibeer],[host=LAB-WS-18],[pid=4154],[date=30-May-2026]
15:38:11 IN: "signal_toolbox" jaibeer@LAB-WS-18
09:32:49 (MLM) CHECKOUT: [feature=MATLAB],[user=efcs],[host=DO5P-PC-222],[pid=4155],[license_number=40554155],[date=30-May-2026]
09:32:49 OUT: "MATLAB" efcs@DO5P-PC-222
12:01:49 (MLM) CHECKIN: [feature=MATLAB],[user=efcs],[host=DO5P-PC-222],[pid=4155],[date=30-May-2026]
12:01:49 IN: "MATLAB" efcs@DO5P-PC-222
14:09:10 (MLM) CHECKOUT: [feature=MATLAB],[user=k_brahmiah],[host=LAB-WS-18],[pid=4156],[license_number=40554156],[date=30-May-2026]
14:09:10 OUT: "MATLAB" k_brahmiah@LAB-WS-18
17:03:10 (MLM) CHECKIN: [feature=MATLAB],[user=k_brahmiah],[host=LAB-WS-18],[pid=4156],[date=30-May-2026]
13:43:46 (MLM) CHECKOUT: [feature=MATLAB],[user=abhishek],[host=ECSG-HP-07],[pid=4157],[license_number=40554157],[date=30-May-2026]
13:43:46 OUT: "MATLAB" abhishek@ECSG-HP-07
15:10:46 (MLM) CHECKIN: [feature=MATLAB],[user=abhishek],[host=ECSG-HP-07],[pid=4157],[date=30-May-2026]
12:51:50 (MLM) CHECKOUT: [feature=simulink],[user=vinay],[host=DO5P-PC-222],[pid=4158],[license_number=40554158],[date=30-May-2026]
12:51:50 OUT: "simulink" vinay@DO5P-PC-222
14:40:50 (MLM) CHECKIN: [feature=simulink],[user=vinay],[host=DO5P-PC-222],[pid=4158],[date=30-May-2026]
14:40:50 IN: "simulink" vinay@DO5P-PC-222
12:49:24 (MLM) CHECKOUT: [feature=simulink],[user=rahul],[host=ECSG-HP-07],[pid=4159],[license_number=40554159],[date=30-May-2026]
12:49:24 OUT: "simulink" rahul@ECSG-HP-07
13:45:24 (MLM) CHECKIN: [feature=simulink],[user=rahul],[host=ECSG-HP-07],[pid=4159],[date=30-May-2026]
08:41:30 (MLM) CHECKOUT: [feature=map_toolbox],[user=vinay],[host=DO5P-PC-222],[pid=4160],[license_number=40554160],[date=30-May-2026]
09:22:30 (MLM) CHECKIN: [feature=map_toolbox],[user=vinay],[host=DO5P-PC-222],[pid=4160],[date=30-May-2026]
10:17:28 (MLM) CHECKOUT: [feature=control_toolbox],[user=rahul],[host=ECSG-HP-10],[pid=4161],[license_number=40554161],[date=30-May-2026]
12:23:28 (MLM) CHECKIN: [feature=control_toolbox],[user=rahul],[host=ECSG-HP-10],[pid=4161],[date=30-May-2026]
12:23:28 IN: "control_toolbox" rahul@ECSG-HP-10
08:26:03 (MLM) CHECKOUT: [feature=map_toolbox],[user=amit_ad],[host=ECSG-HP-07],[pid=4162],[license_number=40554162],[date=30-May-2026]
08:26:03 OUT: "map_toolbox" amit_ad@ECSG-HP-07
10:19:03 (MLM) CHECKIN: [feature=map_toolbox],[user=amit_ad],[host=ECSG-HP-07],[pid=4162],[date=30-May-2026]
09:53:45 (MLM) CHECKOUT: [feature=control_toolbox],[user=k_brahmiah],[host=ECSG-HP-10],[pid=4163],[license_number=40554163],[date=30-May-2026]
09:53:45 OUT: "control_toolbox" k_brahmiah@ECSG-HP-10
10:43:45 (MLM) CHECKIN: [feature=control_toolbox],[user=k_brahmiah],[host=ECSG-HP-10],[pid=4163],[date=30-May-2026]
10:43:45 IN: "control_toolbox" k_brahmiah@ECSG-HP-10
10:48:45 (MLM) CHECKOUT: [feature=simulink_control_design],[user=amit_ad],[host=ECSG-HP-07],[pid=4164],[license_number=40554164],[date=30-May-2026]
10:48:45 OUT: "simulink_control_design" amit_ad@ECSG-HP-07
11:23:45 (MLM) CHECKIN: [feature=simulink_control_design],[user=amit_ad],[host=ECSG-HP-07],[pid=4164],[date=30-May-2026]
11:23:45 IN: "simulink_control_design" amit_ad@ECSG-HP-07
17:33:27 (MLM) CHECKOUT: [feature=simulink],[user=sudhakr_kunnur],[host=DO5P-PC-222],[pid=4165],[license_number=40554165],[date=30-May-2026]
17:33:27 OUT: "simulink" sudhakr_kunnur@DO5P-PC-222
19:05:27 (MLM) CHECKIN: [feature=simulink],[user=sudhakr_kunnur],[host=DO5P-PC-222],[pid=4165],[date=30-May-2026]
19:05:27 IN: "simulink" sudhakr_kunnur@DO5P-PC-222
09:53:57 (MLM) CHECKOUT: [feature=simulink],[user=sudhakr_kunnur],[host=LAB-WS-18],[pid=4166],[license_number=40554166],[date=30-May-2026]
09:53:57 OUT: "simulink" sudhakr_kunnur@LAB-WS-18
12:49:57 (MLM) CHECKIN: [feature=simulink],[user=sudhakr_kunnur],[host=LAB-WS-18],[pid=4166],[date=30-May-2026]
12:49:57 IN: "simulink" sudhakr_kunnur@LAB-WS-18
08:39:22 (MLM) CHECKOUT: [feature=control_toolbox],[user=sudhakr_kunnur],[host=DO5P-PC-222],[pid=4167],[license_number=40554167],[date=30-May-2026]
08:39:22 OUT: "control_toolbox" sudhakr_kunnur@DO5P-PC-222
09:15:22 (MLM) CHECKIN: [feature=control_toolbox],[user=sudhakr_kunnur],[host=DO5P-PC-222],[pid=4167],[date=30-May-2026]
09:15:22 IN: "control_toolbox" sudhakr_kunnur@DO5P-PC-222
16:35:01 (MLM) CHECKOUT: [feature=simulink],[user=k_brahmiah],[host=LAB-WS-18],[pid=4168],[license_number=40554168],[date=30-May-2026]
16:35:01 OUT: "simulink" k_brahmiah@LAB-WS-18
19:32:01 (MLM) CHECKIN: [feature=simulink],[user=k_brahmiah],[host=LAB-WS-18],[pid=4168],[date=30-May-2026]
19:32:01 IN: "simulink" k_brahmiah@LAB-WS-18
09:22:15 (MLM) CHECKOUT: [feature=signal_toolbox],[user=k_brahmiah],[host=ECSG-HP-10],[pid=4169],[license_number=40554169],[date=30-May-2026]
12:05:15 (MLM) CHECKIN: [feature=signal_toolbox],[user=k_brahmiah],[host=ECSG-HP-10],[pid=4169],[date=30-May-2026]
13:52:41 (MLM) CHECKOUT: [feature=signal_toolbox],[user=k_brahmiah],[host=ECSG-HP-10],[pid=4170],[license_number=40554170],[date=30-May-2026]
13:52:41 OUT: "signal_toolbox" k_brahmiah@ECSG-HP-10
16:05:41 (MLM) CHECKIN: [feature=signal_toolbox],[user=k_brahmiah],[host=ECSG-HP-10],[pid=4170],[date=30-May-2026]
09:45:49 (MLM) CHECKOUT: [feature=aerospace_toolbox],[user=rahul],[host=DO5P-PC-222],[pid=4171],[license_number=40554171],[date=30-May-2026]
09:52:49 (MLM) DENIED: "aerospace_toolbox" rahul@DO5P-PC-222
10:11:49 (MLM) CHECKIN: [feature=aerospace_toolbox],[user=rahul],[host=DO5P-PC-222],[pid=4171],[date=30-May-2026]
16:25:52 (MLM) CHECKOUT: [feature=polyspace_bf],[user=amit_ad],[host=RDP-LAB],[pid=4172],[license_number=40554172],[date=30-May-2026]
16:25:52 OUT: "polyspace_bf" amit_ad@RDP-LAB
19:25:52 (MLM) CHECKIN: [feature=polyspace_bf],[user=amit_ad],[host=RDP-LAB],[pid=4172],[date=30-May-2026]
19:25:52 IN: "polyspace_bf" amit_ad@RDP-LAB
13:17:07 (MLM) CHECKOUT: [feature=map_toolbox],[user=k_brahmiah],[host=ECSG-HP-10],[pid=4173],[license_number=40554173],[date=30-May-2026]
15:14:07 (MLM) CHECKIN: [feature=map_toolbox],[user=k_brahmiah],[host=ECSG-HP-10],[pid=4173],[date=30-May-2026]
00:00:01 (MLM) TIMESTAMP 5/31/2026
15:23:59 (MLM) CHECKOUT: [feature=simulink],[user=k_brahmiah],[host=DO5P-PC-222],[pid=4174],[license_number=40554174],[date=31-May-2026]
15:59:59 (MLM) CHECKIN: [feature=simulink],[user=k_brahmiah],[host=DO5P-PC-222],[pid=4174],[date=31-May-2026]
10:34:18 (MLM) CHECKOUT: [feature=distri_computing_toolbox],[user=abhishek],[host=LAB-WS-18],[pid=4175],[license_number=40554175],[date=31-May-2026]
10:34:18 OUT: "distri_computing_toolbox" abhishek@LAB-WS-18
12:04:18 (MLM) CHECKIN: [feature=distri_computing_toolbox],[user=abhishek],[host=LAB-WS-18],[pid=4175],[date=31-May-2026]
12:04:18 IN: "distri_computing_toolbox" abhishek@LAB-WS-18
15:22:28 (MLM) CHECKOUT: [feature=MATLAB],[user=jaibeer],[host=ECSG-HP-07],[pid=4176],[license_number=40554176],[date=31-May-2026]
15:22:28 OUT: "MATLAB" jaibeer@ECSG-HP-07
17:07:28 (MLM) CHECKIN: [feature=MATLAB],[user=jaibeer],[host=ECSG-HP-07],[pid=4176],[date=31-May-2026]
17:07:28 IN: "MATLAB" jaibeer@ECSG-HP-07
14:23:32 (MLM) CHECKOUT: [feature=MATLAB],[user=k_brahmiah],[host=ECSG-HP-10],[pid=4177],[license_number=40554177],[date=31-May-2026]
14:45:32 (MLM) CHECKIN: [feature=MATLAB],[user=k_brahmiah],[host=ECSG-HP-10],[pid=4177],[date=31-May-2026]
14:45:32 IN: "MATLAB" k_brahmiah@ECSG-HP-10
09:15:49 (MLM) CHECKOUT: [feature=MATLAB],[user=jaibeer],[host=ECSG-HP-07],[pid=4178],[license_number=40554178],[date=31-May-2026]
09:15:49 OUT: "MATLAB" jaibeer@ECSG-HP-07
11:55:49 (MLM) CHECKIN: [feature=MATLAB],[user=jaibeer],[host=ECSG-HP-07],[pid=4178],[date=31-May-2026]
11:55:49 IN: "MATLAB" jaibeer@ECSG-HP-07
13:28:48 (MLM) CHECKOUT: [feature=polyspace_bf],[user=abhishek],[host=ECSG-HP-07],[pid=4179],[license_number=40554179],[date=31-May-2026]
13:28:48 OUT: "polyspace_bf" abhishek@ECSG-HP-07
15:16:48 (MLM) CHECKIN: [feature=polyspace_bf],[user=abhishek],[host=ECSG-HP-07],[pid=4179],[date=31-May-2026]
15:16:48 IN: "polyspace_bf" abhishek@ECSG-HP-07
08:47:11 (MLM) CHECKOUT: [feature=distri_computing_toolbox],[user=jaibeer],[host=DO5P-PC-222],[pid=4180],[license_number=40554180],[date=31-May-2026]
08:47:11 OUT: "distri_computing_toolbox" jaibeer@DO5P-PC-222
11:25:11 (MLM) CHECKIN: [feature=distri_computing_toolbox],[user=jaibeer],[host=DO5P-PC-222],[pid=4180],[date=31-May-2026]
11:25:11 IN: "distri_computing_toolbox" jaibeer@DO5P-PC-222
17:18:44 (MLM) CHECKOUT: [feature=MATLAB],[user=vinay],[host=ECSG-HP-07],[pid=4181],[license_number=40554181],[date=31-May-2026]
18:04:44 (MLM) CHECKIN: [feature=MATLAB],[user=vinay],[host=ECSG-HP-07],[pid=4181],[date=31-May-2026]
18:04:44 IN: "MATLAB" vinay@ECSG-HP-07
15:05:51 (MLM) CHECKOUT: [feature=map_toolbox],[user=abhishek],[host=DO5P-PC-222],[pid=4182],[license_number=40554182],[date=31-May-2026]
15:05:51 OUT: "map_toolbox" abhishek@DO5P-PC-222
16:41:51 (MLM) CHECKIN: [feature=map_toolbox],[user=abhishek],[host=DO5P-PC-222],[pid=4182],[date=31-May-2026]
16:41:51 IN: "map_toolbox" abhishek@DO5P-PC-222
12:54:10 (MLM) CHECKOUT: [feature=simulink],[user=vinay],[host=LAB-WS-18],[pid=4183],[license_number=40554183],[date=31-May-2026]
15:52:10 (MLM) CHECKIN: [feature=simulink],[user=vinay],[host=LAB-WS-18],[pid=4183],[date=31-May-2026]
15:52:10 IN: "simulink" vinay@LAB-WS-18
11:50:08 (MLM) CHECKOUT: [feature=MATLAB],[user=k_brahmiah],[host=DO5P-PC-222],[pid=4184],[license_number=40554184],[date=31-May-2026]
11:50:08 OUT: "MATLAB" k_brahmiah@DO5P-PC-222
13:37:08 (MLM) CHECKIN: [feature=MATLAB],[user=k_brahmiah],[host=DO5P-PC-222],[pid=4184],[date=31-May-2026]
13:37:08 IN: "MATLAB" k_brahmiah@DO5P-PC-222
09:04:19 (MLM) CHECKOUT: [feature=MATLAB],[user=k_brahmiah],[host=LAB-WS-18],[pid=4185],[license_number=40554185],[date=31-May-2026]
09:04:19 OUT: "MATLAB" k_brahmiah@LAB-WS-18
11:21:19 (MLM) CHECKIN: [feature=MATLAB],[user=k_brahmiah],[host=LAB-WS-18],[pid=4185],[date=31-May-2026]
11:21:19 IN: "MATLAB" k_brahmiah@LAB-WS-18
13:41:04 (MLM) CHECKOUT: [feature=MATLAB],[user=vinay],[host=LAB-WS-18],[pid=4186],[license_number=40554186],[date=31-May-2026]
13:41:04 OUT: "MATLAB" vinay@LAB-WS-18
15:24:04 (MLM) CHECKIN: [feature=MATLAB],[user=vinay],[host=LAB-WS-18],[pid=4186],[date=31-May-2026]
15:24:04 IN: "MATLAB" vinay@LAB-WS-18
10:49:08 (MLM) CHECKOUT: [feature=simulink_control_design],[user=vinay],[host=LAB-WS-18],[pid=4187],[license_number=40554187],[date=31-May-2026]
10:49:08 OUT: "simulink_control_design" vinay@LAB-WS-18
11:18:08 (MLM) CHECKIN: [feature=simulink_control_design],[user=vinay],[host=LAB-WS-18],[pid=4187],[date=31-May-2026]
13:59:45 (MLM) CHECKOUT: [feature=MATLAB],[user=rahul],[host=RDP-LAB],[pid=4188],[license_number=40554188],[date=31-May-2026]
13:59:45 OUT: "MATLAB" rahul@RDP-LAB
16:26:45 (MLM) CHECKIN: [feature=MATLAB],[user=rahul],[host=RDP-LAB],[pid=4188],[date=31-May-2026]
16:17:08 (MLM) CHECKOUT: [feature=MATLAB],[user=amit_ad],[host=RDP-LAB],[pid=4189],[license_number=40554189],[date=31-May-2026]
16:17:08 OUT: "MATLAB" amit_ad@RDP-LAB
16:55:08 (MLM) CHECKIN: [feature=MATLAB],[user=amit_ad],[host=RDP-LAB],[pid=4189],[date=31-May-2026]
16:55:08 IN: "MATLAB" amit_ad@RDP-LAB
17:46:57 (MLM) CHECKOUT: [feature=MATLAB],[user=sudhakr_kunnur],[host=LAB-WS-18],[pid=4190],[license_number=40554190],[date=31-May-2026]
17:46:57 OUT: "MATLAB" sudhakr_kunnur@LAB-WS-18
20:25:57 (MLM) CHECKIN: [feature=MATLAB],[user=sudhakr_kunnur],[host=LAB-WS-18],[pid=4190],[date=31-May-2026]
20:25:57 IN: "MATLAB" sudhakr_kunnur@LAB-WS-18
17:16:41 (MLM) CHECKOUT: [feature=MATLAB],[user=amit_ad],[host=ECSG-HP-10],[pid=4191],[license_number=40554191],[date=31-May-2026]
17:16:41 OUT: "MATLAB" amit_ad@ECSG-HP-10
20:09:41 (MLM) CHECKIN: [feature=MATLAB],[user=amit_ad],[host=ECSG-HP-10],[pid=4191],[date=31-May-2026]
20:09:41 IN: "MATLAB" amit_ad@ECSG-HP-10
12:30:15 (MLM) CHECKOUT: [feature=control_toolbox],[user=rahul],[host=LAB-WS-18],[pid=4192],[license_number=40554192],[date=31-May-2026]
14:01:15 (MLM) CHECKIN: [feature=control_toolbox],[user=rahul],[host=LAB-WS-18],[pid=4192],[date=31-May-2026]
14:01:15 IN: "control_toolbox" rahul@LAB-WS-18
15:29:13 (MLM) CHECKOUT: [feature=signal_toolbox],[user=jaibeer],[host=DO5P-PC-222],[pid=4193],[license_number=40554193],[date=31-May-2026]
15:29:13 OUT: "signal_toolbox" jaibeer@DO5P-PC-222
17:05:13 (MLM) CHECKIN: [feature=signal_toolbox],[user=jaibeer],[host=DO5P-PC-222],[pid=4193],[date=31-May-2026]
13:32:35 (MLM) CHECKOUT: [feature=MATLAB],[user=amit_ad],[host=ECSG-HP-07],[pid=4194],[license_number=40554194],[date=31-May-2026]
13:32:35 OUT: "MATLAB" amit_ad@ECSG-HP-07
14:18:35 (MLM) CHECKIN: [feature=MATLAB],[user=amit_ad],[host=ECSG-HP-07],[pid=4194],[date=31-May-2026]
14:18:35 IN: "MATLAB" amit_ad@ECSG-HP-07
14:55:39 (MLM) CHECKOUT: [feature=MATLAB],[user=sudhakr_kunnur],[host=ECSG-HP-10],[pid=4195],[license_number=40554195],[date=31-May-2026]
14:55:39 OUT: "MATLAB" sudhakr_kunnur@ECSG-HP-10
15:50:39 (MLM) CHECKIN: [feature=MATLAB],[user=sudhakr_kunnur],[host=ECSG-HP-10],[pid=4195],[date=31-May-2026]
10:31:32 (MLM) CHECKOUT: [feature=MATLAB],[user=efcs],[host=RDP-LAB],[pid=4196],[license_number=40554196],[date=31-May-2026]
10:31:32 OUT: "MATLAB" efcs@RDP-LAB
12:53:32 (MLM) CHECKIN: [feature=MATLAB],[user=efcs],[host=RDP-LAB],[pid=4196],[date=31-May-2026]
12:53:32 IN: "MATLAB" efcs@RDP-LAB
11:13:37 (MLM) CHECKOUT: [feature=simulink],[user=efcs],[host=LAB-WS-18],[pid=4197],[license_number=40554197],[date=31-May-2026]
11:13:37 OUT: "simulink" efcs@LAB-WS-18
11:29:37 (MLM) DENIED: "simulink" efcs@LAB-WS-18
14:00:37 (MLM) CHECKIN: [feature=simulink],[user=efcs],[host=LAB-WS-18],[pid=4197],[date=31-May-2026]
08:54:06 (MLM) CHECKOUT: [feature=control_toolbox],[user=jaibeer],[host=ECSG-HP-07],[pid=4198],[license_number=40554198],[date=31-May-2026]
08:54:06 OUT: "control_toolbox" jaibeer@ECSG-HP-07
10:42:06 (MLM) CHECKIN: [feature=control_toolbox],[user=jaibeer],[host=ECSG-HP-07],[pid=4198],[date=31-May-2026]
16:12:23 (MLM) CHECKOUT: [feature=MATLAB],[user=k_brahmiah],[host=ECSG-HP-07],[pid=4199],[license_number=40554199],[date=31-May-2026]
16:12:23 OUT: "MATLAB" k_brahmiah@ECSG-HP-07
16:29:23 (MLM) DENIED: "MATLAB" k_brahmiah@ECSG-HP-07
18:22:23 (MLM) CHECKIN: [feature=MATLAB],[user=k_brahmiah],[host=ECSG-HP-07],[pid=4199],[date=31-May-2026]
09:08:06 (MLM) CHECKOUT: [feature=simulink_control_design],[user=sudhakr_kunnur],[host=LAB-WS-18],[pid=4200],[license_number=40554200],[date=31-May-2026]
09:08:06 OUT: "simulink_control_design" sudhakr_kunnur@LAB-WS-18
10:49:06 (MLM) CHECKIN: [feature=simulink_control_design],[user=sudhakr_kunnur],[host=LAB-WS-18],[pid=4200],[date=31-May-2026]
10:49:06 IN: "simulink_control_design" sudhakr_kunnur@LAB-WS-18
16:25:32 (MLM) CHECKOUT: [feature=MATLAB],[user=k_brahmiah],[host=DO5P-PC-222],[pid=4201],[license_number=40554201],[date=31-May-2026]
16:25:32 OUT: "MATLAB" k_brahmiah@DO5P-PC-222
16:36:32 (MLM) DENIED: "MATLAB" k_brahmiah@DO5P-PC-222
18:41:32 (MLM) CHECKIN: [feature=MATLAB],[user=k_brahmiah],[host=DO5P-PC-222],[pid=4201],[date=31-May-2026]
18:41:32 IN: "MATLAB" k_brahmiah@DO5P-PC-222
17:20:10 (MLM) CHECKOUT: [feature=MATLAB],[user=abhishek],[host=LAB-WS-18],[pid=4202],[license_number=40554202],[date=31-May-2026]
17:20:10 OUT: "MATLAB" abhishek@LAB-WS-18
18:51:10 (MLM) CHECKIN: [feature=MATLAB],[user=abhishek],[host=LAB-WS-18],[pid=4202],[date=31-May-2026]
18:51:10 IN: "MATLAB" abhishek@LAB-WS-18
17:19:30 (MLM) CHECKOUT: [feature=simulink],[user=rahul],[host=LAB-WS-18],[pid=4203],[license_number=40554203],[date=31-May-2026]
18:02:30 (MLM) CHECKIN: [feature=simulink],[user=rahul],[host=LAB-WS-18],[pid=4203],[date=31-May-2026]
00:00:01 (MLM) TIMESTAMP 6/1/2026
12:41:50 (MLM) CHECKOUT: [feature=simulink],[user=vinay],[host=ECSG-HP-10],[pid=4204],[license_number=40554204],[date=01-Jun-2026]
13:54:50 (MLM) CHECKIN: [feature=simulink],[user=vinay],[host=ECSG-HP-10],[pid=4204],[date=01-Jun-2026]
17:49:53 (MLM) CHECKOUT: [feature=simulink],[user=rahul],[host=DO5P-PC-222],[pid=4205],[license_number=40554205],[date=01-Jun-2026]
17:49:53 OUT: "simulink" rahul@DO5P-PC-222
19:06:53 (MLM) CHECKIN: [feature=simulink],[user=rahul],[host=DO5P-PC-222],[pid=4205],[date=01-Jun-2026]
19:06:53 IN: "simulink" rahul@DO5P-PC-222
15:20:26 (MLM) CHECKOUT: [feature=MATLAB],[user=efcs],[host=ECSG-HP-10],[pid=4206],[license_number=40554206],[date=01-Jun-2026]
15:20:26 OUT: "MATLAB" efcs@ECSG-HP-10
17:20:26 (MLM) CHECKIN: [feature=MATLAB],[user=efcs],[host=ECSG-HP-10],[pid=4206],[date=01-Jun-2026]
17:20:26 IN: "MATLAB" efcs@ECSG-HP-10
08:45:08 (MLM) CHECKOUT: [feature=map_toolbox],[user=jaibeer],[host=ECSG-HP-07],[pid=4207],[license_number=40554207],[date=01-Jun-2026]
08:45:08 OUT: "map_toolbox" jaibeer@ECSG-HP-07
11:02:08 (MLM) CHECKIN: [feature=map_toolbox],[user=jaibeer],[host=ECSG-HP-07],[pid=4207],[date=01-Jun-2026]
11:02:08 IN: "map_toolbox" jaibeer@ECSG-HP-07
16:21:34 (MLM) CHECKOUT: [feature=simulink],[user=sudhakr_kunnur],[host=DO5P-PC-222],[pid=4208],[license_number=40554208],[date=01-Jun-2026]
16:21:34 OUT: "simulink" sudhakr_kunnur@DO5P-PC-222
19:20:34 (MLM) CHECKIN: [feature=simulink],[user=sudhakr_kunnur],[host=DO5P-PC-222],[pid=4208],[date=01-Jun-2026]
11:17:35 (MLM) CHECKOUT: [feature=MATLAB],[user=sudhakr_kunnur],[host=ECSG-HP-07],[pid=4209],[license_number=40554209],[date=01-Jun-2026]
11:17:35 OUT: "MATLAB" sudhakr_kunnur@ECSG-HP-07
12:48:35 (MLM) CHECKIN: [feature=MATLAB],[user=sudhakr_kunnur],[host=ECSG-HP-07],[pid=4209],[date=01-Jun-2026]
13:35:59 (MLM) CHECKOUT: [feature=control_toolbox],[user=vinay],[host=ECSG-HP-07],[pid=4210],[license_number=40554210],[date=01-Jun-2026]
15:03:59 (MLM) CHECKIN: [feature=control_toolbox],[user=vinay],[host=ECSG-HP-07],[pid=4210],[date=01-Jun-2026]
15:03:59 IN: "control_toolbox" vinay@ECSG-HP-07
14:52:22 (MLM) CHECKOUT: [feature=map_toolbox],[user=jaibeer],[host=ECSG-HP-07],[pid=4211],[license_number=40554211],[date=01-Jun-2026]
16:21:22 (MLM) CHECKIN: [feature=map_toolbox],[user=jaibeer],[host=ECSG-HP-07],[pid=4211],[date=01-Jun-2026]
16:21:22 IN: "map_toolbox" jaibeer@ECSG-HP-07
15:41:16 (MLM) CHECKOUT: [feature=control_toolbox],[user=efcs],[host=ECSG-HP-10],[pid=4212],[license_number=40554212],[date=01-Jun-2026]
18:13:16 (MLM) CHECKIN: [feature=control_toolbox],[user=efcs],[host=ECSG-HP-10],[pid=4212],[date=01-Jun-2026]
18:13:16 IN: "control_toolbox" efcs@ECSG-HP-10
17:47:37 (MLM) CHECKOUT: [feature=MATLAB],[user=rahul],[host=RDP-LAB],[pid=4213],[license_number=40554213],[date=01-Jun-2026]
17:47:37 OUT: "MATLAB" rahul@RDP-LAB
18:04:37 (MLM) DENIED: "MATLAB" rahul@RDP-LAB
18:59:37 (MLM) CHECKIN: [feature=MATLAB],[user=rahul],[host=RDP-LAB],[pid=4213],[date=01-Jun-2026]
18:59:37 IN: "MATLAB" rahul@RDP-LAB
15:06:43 (MLM) CHECKOUT: [feature=control_toolbox],[user=abhishek],[host=ECSG-HP-07],[pid=4214],[license_number=40554214],[date=01-Jun-2026]
15:24:43 (MLM) DENIED: "control_toolbox" abhishek@ECSG-HP-07
16:01:43 (MLM) CHECKIN: [feature=control_toolbox],[user=abhishek],[host=ECSG-HP-07],[pid=4214],[date=01-Jun-2026]
16:01:43 IN: "control_toolbox" abhishek@ECSG-HP-07
11:48:18 (MLM) CHECKOUT: [feature=simulink],[user=efcs],[host=ECSG-HP-07],[pid=4215],[license_number=40554215],[date=01-Jun-2026]
11:48:18 OUT: "simulink" efcs@ECSG-HP-07
12:25:18 (MLM) CHECKIN: [feature=simulink],[user=efcs],[host=ECSG-HP-07],[pid=4215],[date=01-Jun-2026]
12:25:18 IN: "simulink" efcs@ECSG-HP-07
10:26:56 (MLM) CHECKOUT: [feature=polyspace_bf],[user=sudhakr_kunnur],[host=ECSG-HP-10],[pid=4216],[license_number=40554216],[date=01-Jun-2026]
10:50:56 (MLM) CHECKIN: [feature=polyspace_bf],[user=sudhakr_kunnur],[host=ECSG-HP-10],[pid=4216],[date=01-Jun-2026]
12:56:02 (MLM) CHECKOUT: [feature=MATLAB],[user=k_brahmiah],[host=ECSG-HP-07],[pid=4217],[license_number=40554217],[date=01-Jun-2026]
12:56:02 OUT: "MATLAB" k_brahmiah@ECSG-HP-07
13:38:02 (MLM) CHECKIN: [feature=MATLAB],[user=k_brahmiah],[host=ECSG-HP-07],[pid=4217],[date=01-Jun-2026]
16:33:31 (MLM) CHECKOUT: [feature=distri_computing_toolbox],[user=k_brahmiah],[host=ECSG-HP-07],[pid=4218],[license_number=40554218],[date=01-Jun-2026]
18:57:31 (MLM) CHECKIN: [feature=distri_computing_toolbox],[user=k_brahmiah],[host=ECSG-HP-07],[pid=4218],[date=01-Jun-2026]
18:57:31 IN: "distri_computing_toolbox" k_brahmiah@ECSG-HP-07
15:41:16 (MLM) CHECKOUT: [feature=control_toolbox],[user=sudhakr_kunnur],[host=ECSG-HP-10],[pid=4219],[license_number=40554219],[date=01-Jun-2026]
15:52:16 (MLM) DENIED: "control_toolbox" sudhakr_kunnur@ECSG-HP-10
17:11:16 (MLM) CHECKIN: [feature=control_toolbox],[user=sudhakr_kunnur],[host=ECSG-HP-10],[pid=4219],[date=01-Jun-2026]
17:11:16 IN: "control_toolbox" sudhakr_kunnur@ECSG-HP-10
14:52:27 (MLM) CHECKOUT: [feature=simulink],[user=vinay],[host=DO5P-PC-222],[pid=4220],[license_number=40554220],[date=01-Jun-2026]
14:52:27 OUT: "simulink" vinay@DO5P-PC-222
15:31:27 (MLM) CHECKIN: [feature=simulink],[user=vinay],[host=DO5P-PC-222],[pid=4220],[date=01-Jun-2026]
15:31:27 IN: "simulink" vinay@DO5P-PC-222
08:16:24 (MLM) CHECKOUT: [feature=polyspace_bf],[user=abhishek],[host=RDP-LAB],[pid=4221],[license_number=40554221],[date=01-Jun-2026]
08:16:24 OUT: "polyspace_bf" abhishek@RDP-LAB
09:55:24 (MLM) CHECKIN: [feature=polyspace_bf],[user=abhishek],[host=RDP-LAB],[pid=4221],[date=01-Jun-2026]
09:55:24 IN: "polyspace_bf" abhishek@RDP-LAB
13:44:15 (MLM) CHECKOUT: [feature=control_toolbox],[user=vinay],[host=ECSG-HP-10],[pid=4222],[license_number=40554222],[date=01-Jun-2026]
13:44:15 OUT: "control_toolbox" vinay@ECSG-HP-10
15:17:15 (MLM) CHECKIN: [feature=control_toolbox],[user=vinay],[host=ECSG-HP-10],[pid=4222],[date=01-Jun-2026]
15:17:15 IN: "control_toolbox" vinay@ECSG-HP-10
12:23:39 (MLM) CHECKOUT: [feature=simulink_control_design],[user=jaibeer],[host=RDP-LAB],[pid=4223],[license_number=40554223],[date=01-Jun-2026]
12:23:39 OUT: "simulink_control_design" jaibeer@RDP-LAB
14:40:39 (MLM) CHECKIN: [feature=simulink_control_design],[user=jaibeer],[host=RDP-LAB],[pid=4223],[date=01-Jun-2026]
14:40:39 IN: "simulink_control_design" jaibeer@RDP-LAB
16:58:30 (MLM) CHECKOUT: [feature=signal_toolbox],[user=vinay],[host=LAB-WS-18],[pid=4224],[license_number=40554224],[date=01-Jun-2026]
18:08:30 (MLM) CHECKIN: [feature=signal_toolbox],[user=vinay],[host=LAB-WS-18],[pid=4224],[date=01-Jun-2026]
09:33:28 (MLM) CHECKOUT: [feature=map_toolbox],[user=jaibeer],[host=LAB-WS-18],[pid=4225],[license_number=40554225],[date=01-Jun-2026]
09:33:28 OUT: "map_toolbox" jaibeer@LAB-WS-18
12:12:28 (MLM) CHECKIN: [feature=map_toolbox],[user=jaibeer],[host=LAB-WS-18],[pid=4225],[date=01-Jun-2026]
12:12:28 IN: "map_toolbox" jaibeer@LAB-WS-18
16:09:10 (MLM) CHECKOUT: [feature=MATLAB],[user=vinay],[host=LAB-WS-18],[pid=4226],[license_number=40554226],[date=01-Jun-2026]
16:09:10 OUT: "MATLAB" vinay@LAB-WS-18
16:53:10 (MLM) CHECKIN: [feature=MATLAB],[user=vinay],[host=LAB-WS-18],[pid=4226],[date=01-Jun-2026]
16:53:10 IN: "MATLAB" vinay@LAB-WS-18
16:28:51 (MLM) CHECKOUT: [feature=MATLAB],[user=vinay],[host=ECSG-HP-07],[pid=4227],[license_number=40554227],[date=01-Jun-2026]
16:28:51 OUT: "MATLAB" vinay@ECSG-HP-07
18:29:51 (MLM) CHECKIN: [feature=MATLAB],[user=vinay],[host=ECSG-HP-07],[pid=4227],[date=01-Jun-2026]
18:29:51 IN: "MATLAB" vinay@ECSG-HP-07
12:46:01 (MLM) CHECKOUT: [feature=simulink_control_design],[user=abhishek],[host=ECSG-HP-07],[pid=4228],[license_number=40554228],[date=01-Jun-2026]
12:46:01 OUT: "simulink_control_design" abhishek@ECSG-HP-07
13:56:01 (MLM) CHECKIN: [feature=simulink_control_design],[user=abhishek],[host=ECSG-HP-07],[pid=4228],[date=01-Jun-2026]
13:56:01 IN: "simulink_control_design" abhishek@ECSG-HP-07
16:03:59 (MLM) CHECKOUT: [feature=simulink_control_design],[user=abhishek],[host=RDP-LAB],[pid=4229],[license_number=40554229],[date=01-Jun-2026]
18:18:59 (MLM) CHECKIN: [feature=simulink_control_design],[user=abhishek],[host=RDP-LAB],[pid=4229],[date=01-Jun-2026]
18:18:59 IN: "simulink_control_design" abhishek@RDP-LAB
14:23:57 (MLM) CHECKOUT: [feature=signal_blocks],[user=k_brahmiah],[host=DO5P-PC-222],[pid=4230],[license_number=40554230],[date=01-Jun-2026]
14:23:57 OUT: "signal_blocks" k_brahmiah@DO5P-PC-222
16:14:57 (MLM) CHECKIN: [feature=signal_blocks],[user=k_brahmiah],[host=DO5P-PC-222],[pid=4230],[date=01-Jun-2026]
16:14:57 IN: "signal_blocks" k_brahmiah@DO5P-PC-222
00:00:01 (MLM) TIMESTAMP 6/2/2026
16:25:33 (MLM) CHECKOUT: [feature=MATLAB],[user=abhishek],[host=RDP-LAB],[pid=4231],[license_number=40554231],[date=02-Jun-2026]
16:25:33 OUT: "MATLAB" abhishek@RDP-LAB
16:40:33 (MLM) CHECKIN: [feature=MATLAB],[user=abhishek],[host=RDP-LAB],[pid=4231],[date=02-Jun-2026]
16:27:34 (MLM) CHECKOUT: [feature=simulink_control_design],[user=efcs],[host=ECSG-HP-07],[pid=4232],[license_number=40554232],[date=02-Jun-2026]
16:27:34 OUT: "simulink_control_design" efcs@ECSG-HP-07
18:39:34 (MLM) CHECKIN: [feature=simulink_control_design],[user=efcs],[host=ECSG-HP-07],[pid=4232],[date=02-Jun-2026]
18:39:34 IN: "simulink_control_design" efcs@ECSG-HP-07
14:39:49 (MLM) CHECKOUT: [feature=MATLAB],[user=sudhakr_kunnur],[host=ECSG-HP-10],[pid=4233],[license_number=40554233],[date=02-Jun-2026]
15:55:49 (MLM) CHECKIN: [feature=MATLAB],[user=sudhakr_kunnur],[host=ECSG-HP-10],[pid=4233],[date=02-Jun-2026]
15:55:49 IN: "MATLAB" sudhakr_kunnur@ECSG-HP-10
08:15:47 (MLM) CHECKOUT: [feature=signal_toolbox],[user=abhishek],[host=ECSG-HP-10],[pid=4234],[license_number=40554234],[date=02-Jun-2026]
08:15:47 OUT: "signal_toolbox" abhishek@ECSG-HP-10
10:48:47 (MLM) CHECKIN: [feature=signal_toolbox],[user=abhishek],[host=ECSG-HP-10],[pid=4234],[date=02-Jun-2026]
10:48:47 IN: "signal_toolbox" abhishek@ECSG-HP-10
12:14:52 (MLM) CHECKOUT: [feature=MATLAB],[user=amit_ad],[host=ECSG-HP-10],[pid=4235],[license_number=40554235],[date=02-Jun-2026]
14:56:52 (MLM) CHECKIN: [feature=MATLAB],[user=amit_ad],[host=ECSG-HP-10],[pid=4235],[date=02-Jun-2026]
14:56:52 IN: "MATLAB" amit_ad@ECSG-HP-10
10:42:33 (MLM) CHECKOUT: [feature=MATLAB],[user=jaibeer],[host=RDP-LAB],[pid=4236],[license_number=40554236],[date=02-Jun-2026]
10:42:33 OUT: "MATLAB" jaibeer@RDP-LAB
11:12:33 (MLM) CHECKIN: [feature=MATLAB],[user=jaibeer],[host=RDP-LAB],[pid=4236],[date=02-Jun-2026]
11:12:33 IN: "MATLAB" jaibeer@RDP-LAB
14:35:31 (MLM) CHECKOUT: [feature=simulink],[user=rahul],[host=DO5P-PC-222],[pid=4237],[license_number=40554237],[date=02-Jun-2026]
14:35:31 OUT: "simulink" rahul@DO5P-PC-222
17:34:31 (MLM) CHECKIN: [feature=simulink],[user=rahul],[host=DO5P-PC-222],[pid=4237],[date=02-Jun-2026]
17:34:31 IN: "simulink" rahul@DO5P-PC-222
14:09:19 (MLM) CHECKOUT: [feature=simulink_control_design],[user=vinay],[host=RDP-LAB],[pid=4238],[license_number=40554238],[date=02-Jun-2026]
14:09:19 OUT: "simulink_control_design" vinay@RDP-LAB
16:25:19 (MLM) CHECKIN: [feature=simulink_control_design],[user=vinay],[host=RDP-LAB],[pid=4238],[date=02-Jun-2026]
16:25:19 IN: "simulink_control_design" vinay@RDP-LAB
08:35:26 (MLM) CHECKOUT: [feature=aerospace_toolbox],[user=sudhakr_kunnur],[host=DO5P-PC-222],[pid=4239],[license_number=40554239],[date=02-Jun-2026]
09:24:26 (MLM) CHECKIN: [feature=aerospace_toolbox],[user=sudhakr_kunnur],[host=DO5P-PC-222],[pid=4239],[date=02-Jun-2026]
09:24:26 IN: "aerospace_toolbox" sudhakr_kunnur@DO5P-PC-222
15:54:23 (MLM) CHECKOUT: [feature=simulink_control_design],[user=sudhakr_kunnur],[host=RDP-LAB],[pid=4240],[license_number=40554240],[date=02-Jun-2026]
15:54:23 OUT: "simulink_control_design" sudhakr_kunnur@RDP-LAB
16:57:23 (MLM) CHECKIN: [feature=simulink_control_design],[user=sudhakr_kunnur],[host=RDP-LAB],[pid=4240],[date=02-Jun-2026]
16:57:23 IN: "simulink_control_design" sudhakr_kunnur@RDP-LAB
09:12:51 (MLM) CHECKOUT: [feature=simulink],[user=k_brahmiah],[host=LAB-WS-18],[pid=4241],[license_number=40554241],[date=02-Jun-2026]
11:50:51 (MLM) CHECKIN: [feature=simulink],[user=k_brahmiah],[host=LAB-WS-18],[pid=4241],[date=02-Jun-2026]
11:50:51 IN: "simulink" k_brahmiah@LAB-WS-18
08:13:59 (MLM) CHECKOUT: [feature=control_toolbox],[user=sudhakr_kunnur],[host=RDP-LAB],[pid=4242],[license_number=40554242],[date=02-Jun-2026]
08:13:59 OUT: "control_toolbox" sudhakr_kunnur@RDP-LAB
10:30:59 (MLM) CHECKIN: [feature=control_toolbox],[user=sudhakr_kunnur],[host=RDP-LAB],[pid=4242],[date=02-Jun-2026]
11:35:20 (MLM) CHECKOUT: [feature=signal_toolbox],[user=jaibeer],[host=DO5P-PC-222],[pid=4243],[license_number=40554243],[date=02-Jun-2026]
14:06:20 (MLM) CHECKIN: [feature=signal_toolbox],[user=jaibeer],[host=DO5P-PC-222],[pid=4243],[date=02-Jun-2026]
14:06:20 IN: "signal_toolbox" jaibeer@DO5P-PC-222
15:29:06 (MLM) CHECKOUT: [feature=simulink],[user=sudhakr_kunnur],[host=RDP-LAB],[pid=4244],[license_number=40554244],[date=02-Jun-2026]
17:05:06 (MLM) CHECKIN: [feature=simulink],[user=sudhakr_kunnur],[host=RDP-LAB],[pid=4244],[date=02-Jun-2026]
11:47:09 (MLM) CHECKOUT: [feature=MATLAB],[user=k_brahmiah],[host=ECSG-HP-07],[pid=4245],[license_number=40554245],[date=02-Jun-2026]
11:47:09 OUT: "MATLAB" k_brahmiah@ECSG-HP-07
14:31:09 (MLM) CHECKIN: [feature=MATLAB],[user=k_brahmiah],[host=ECSG-HP-07],[pid=4245],[date=02-Jun-2026]
14:31:09 IN: "MATLAB" k_brahmiah@ECSG-HP-07
11:24:36 (MLM) CHECKOUT: [feature=MATLAB],[user=k_brahmiah],[host=DO5P-PC-222],[pid=4246],[license_number=40554246],[date=02-Jun-2026]
13:05:36 (MLM) CHECKIN: [feature=MATLAB],[user=k_brahmiah],[host=DO5P-PC-222],[pid=4246],[date=02-Jun-2026]
13:05:36 IN: "MATLAB" k_brahmiah@DO5P-PC-222
13:10:08 (MLM) CHECKOUT: [feature=simulink],[user=vinay],[host=ECSG-HP-07],[pid=4247],[license_number=40554247],[date=02-Jun-2026]
15:43:08 (MLM) CHECKIN: [feature=simulink],[user=vinay],[host=ECSG-HP-07],[pid=4247],[date=02-Jun-2026]
09:52:42 (MLM) CHECKOUT: [feature=MATLAB],[user=efcs],[host=LAB-WS-18],[pid=4248],[license_number=40554248],[date=02-Jun-2026]
09:52:42 OUT: "MATLAB" efcs@LAB-WS-18
09:57:42 (MLM) DENIED: "MATLAB" efcs@LAB-WS-18
12:48:42 (MLM) CHECKIN: [feature=MATLAB],[user=efcs],[host=LAB-WS-18],[pid=4248],[date=02-Jun-2026]
12:48:42 IN: "MATLAB" efcs@LAB-WS-18
15:23:03 (MLM) CHECKOUT: [feature=MATLAB],[user=vinay],[host=ECSG-HP-10],[pid=4249],[license_number=40554249],[date=02-Jun-2026]
15:23:03 OUT: "MATLAB" vinay@ECSG-HP-10
18:15:03 (MLM) CHECKIN: [feature=MATLAB],[user=vinay],[host=ECSG-HP-10],[pid=4249],[date=02-Jun-2026]
16:26:00 (MLM) CHECKOUT: [feature=MATLAB],[user=jaibeer],[host=ECSG-HP-10],[pid=4250],[license_number=40554250],[date=02-Jun-2026]
16:26:00 OUT: "MATLAB" jaibeer@ECSG-HP-10
18:58:00 (MLM) CHECKIN: [feature=MATLAB],[user=jaibeer],[host=ECSG-HP-10],[pid=4250],[date=02-Jun-2026]
10:06:58 (MLM) CHECKOUT: [feature=aerospace_toolbox],[user=abhishek],[host=ECSG-HP-07],[pid=4251],[license_number=40554251],[date=02-Jun-2026]
10:06:58 OUT: "aerospace_toolbox" abhishek@ECSG-HP-07
11:10:58 (MLM) CHECKIN: [feature=aerospace_toolbox],[user=abhishek],[host=ECSG-HP-07],[pid=4251],[date=02-Jun-2026]
11:10:58 IN: "aerospace_toolbox" abhishek@ECSG-HP-07
14:05:23 (MLM) CHECKOUT: [feature=control_toolbox],[user=sudhakr_kunnur],[host=RDP-LAB],[pid=4252],[license_number=40554252],[date=02-Jun-2026]
15:22:23 (MLM) CHECKIN: [feature=control_toolbox],[user=sudhakr_kunnur],[host=RDP-LAB],[pid=4252],[date=02-Jun-2026]
08:05:25 (MLM) CHECKOUT: [feature=simulink_control_design],[user=sudhakr_kunnur],[host=ECSG-HP-10],[pid=4253],[license_number=40554253],[date=02-Jun-2026]
08:05:25 OUT: "simulink_control_design" sudhakr_kunnur@ECSG-HP-10
08:34:25 (MLM) CHECKIN: [feature=simulink_control_design],[user=sudhakr_kunnur],[host=ECSG-HP-10],[pid=4253],[date=02-Jun-2026]
08:34:25 IN: "simulink_control_design" sudhakr_kunnur@ECSG-HP-10
14:41:50 (MLM) CHECKOUT: [feature=simulink],[user=jaibeer],[host=ECSG-HP-10],[pid=4254],[license_number=40554254],[date=02-Jun-2026]
14:41:50 OUT: "simulink" jaibeer@ECSG-HP-10
15:20:50 (MLM) CHECKIN: [feature=simulink],[user=jaibeer],[host=ECSG-HP-10],[pid=4254],[date=02-Jun-2026]
17:30:17 (MLM) CHECKOUT: [feature=MATLAB],[user=amit_ad],[host=DO5P-PC-222],[pid=4255],[license_number=40554255],[date=02-Jun-2026]
17:30:17 OUT: "MATLAB" amit_ad@DO5P-PC-222
17:39:17 (MLM) DENIED: "MATLAB" amit_ad@DO5P-PC-222
20:04:17 (MLM) CHECKIN: [feature=MATLAB],[user=amit_ad],[host=DO5P-PC-222],[pid=4255],[date=02-Jun-2026]
20:04:17 IN: "MATLAB" amit_ad@DO5P-PC-222
11:37:09 (MLM) CHECKOUT: [feature=MATLAB],[user=abhishek],[host=RDP-LAB],[pid=4256],[license_number=40554256],[date=02-Jun-2026]
13:33:09 (MLM) CHECKIN: [feature=MATLAB],[user=abhishek],[host=RDP-LAB],[pid=4256],[date=02-Jun-2026]
14:43:57 (MLM) CHECKOUT: [feature=MATLAB],[user=sudhakr_kunnur],[host=LAB-WS-18],[pid=4257],[license_number=40554257],[date=02-Jun-2026]
14:43:57 OUT: "MATLAB" sudhakr_kunnur@LAB-WS-18
15:33:57 (MLM) CHECKIN: [feature=MATLAB],[user=sudhakr_kunnur],[host=LAB-WS-18],[pid=4257],[date=02-Jun-2026]
13:03:06 (MLM) CHECKOUT: [feature=simulink],[user=jaibeer],[host=ECSG-HP-10],[pid=4258],[license_number=40554258],[date=02-Jun-2026]
13:03:06 OUT: "simulink" jaibeer@ECSG-HP-10
14:45:06 (MLM) CHECKIN: [feature=simulink],[user=jaibeer],[host=ECSG-HP-10],[pid=4258],[date=02-Jun-2026]
14:45:06 IN: "simulink" jaibeer@ECSG-HP-10
13:01:40 (MLM) CHECKOUT: [feature=signal_toolbox],[user=jaibeer],[host=LAB-WS-18],[pid=4259],[license_number=40554259],[date=02-Jun-2026]
13:01:40 OUT: "signal_toolbox" jaibeer@LAB-WS-18
15:21:40 (MLM) CHECKIN: [feature=signal_toolbox],[user=jaibeer],[host=LAB-WS-18],[pid=4259],[date=02-Jun-2026]
15:21:40 IN: "signal_toolbox" jaibeer@LAB-WS-18
17:42:24 (MLM) CHECKOUT: [feature=signal_toolbox],[user=rahul],[host=ECSG-HP-07],[pid=4260],[license_number=40554260],[date=02-Jun-2026]
17:42:24 OUT: "signal_toolbox" rahul@ECSG-HP-07
19:00:24 (MLM) CHECKIN: [feature=signal_toolbox],[user=rahul],[host=ECSG-HP-07],[pid=4260],[date=02-Jun-2026]
10:47:24 (MLM) CHECKOUT: [feature=signal_toolbox],[user=abhishek],[host=DO5P-PC-222],[pid=4261],[license_number=40554261],[date=02-Jun-2026]
10:47:24 OUT: "signal_toolbox" abhishek@DO5P-PC-222
11:03:24 (MLM) CHECKIN: [feature=signal_toolbox],[user=abhishek],[host=DO5P-PC-222],[pid=4261],[date=02-Jun-2026]
09:11:27 (MLM) CHECKOUT: [feature=MATLAB],[user=rahul],[host=RDP-LAB],[pid=4262],[license_number=40554262],[date=02-Jun-2026]
09:11:27 OUT: "MATLAB" rahul@RDP-LAB
11:10:27 (MLM) CHECKIN: [feature=MATLAB],[user=rahul],[host=RDP-LAB],[pid=4262],[date=02-Jun-2026]
11:10:27 IN: "MATLAB" rahul@RDP-LAB
17:50:20 (MLM) CHECKOUT: [feature=MATLAB],[user=abhishek],[host=LAB-WS-18],[pid=4263],[license_number=40554263],[date=02-Jun-2026]
18:04:20 (MLM) DENIED: "MATLAB" abhishek@LAB-WS-18
19:44:20 (MLM) CHECKIN: [feature=MATLAB],[user=abhishek],[host=LAB-WS-18],[pid=4263],[date=02-Jun-2026]
11:36:33 (MLM) CHECKOUT: [feature=map_toolbox],[user=vinay],[host=LAB-WS-18],[pid=4264],[license_number=40554264],[date=02-Jun-2026]
11:36:33 OUT: "map_toolbox" vinay@LAB-WS-18
12:26:33 (MLM) CHECKIN: [feature=map_toolbox],[user=vinay],[host=LAB-WS-18],[pid=4264],[date=02-Jun-2026]
12:26:33 IN: "map_toolbox" vinay@LAB-WS-18
14:17:26 (MLM) CHECKOUT: [feature=MATLAB],[user=sudhakr_kunnur],[host=DO5P-PC-222],[pid=4265],[license_number=40554265],[date=02-Jun-2026]
14:17:26 OUT: "MATLAB" sudhakr_kunnur@DO5P-PC-222
16:04:26 (MLM) CHECKIN: [feature=MATLAB],[user=sudhakr_kunnur],[host=DO5P-PC-222],[pid=4265],[date=02-Jun-2026]
16:04:26 IN: "MATLAB" sudhakr_kunnur@DO5P-PC-222
00:00:01 (MLM) TIMESTAMP 6/3/2026
11:29:06 (MLM) CHECKOUT: [feature=simulink],[user=vinay],[host=ECSG-HP-07],[pid=4266],[license_number=40554266],[date=03-Jun-2026]
11:29:06 OUT: "simulink" vinay@ECSG-HP-07
11:42:06 (MLM) DENIED: "simulink" vinay@ECSG-HP-07
13:09:06 (MLM) CHECKIN: [feature=simulink],[user=vinay],[host=ECSG-HP-07],[pid=4266],[date=03-Jun-2026]
14:52:52 (MLM) CHECKOUT: [feature=signal_toolbox],[user=k_brahmiah],[host=RDP-LAB],[pid=4267],[license_number=40554267],[date=03-Jun-2026]
15:41:52 (MLM) CHECKIN: [feature=signal_toolbox],[user=k_brahmiah],[host=RDP-LAB],[pid=4267],[date=03-Jun-2026]
15:41:52 IN: "signal_toolbox" k_brahmiah@RDP-LAB
10:25:20 (MLM) CHECKOUT: [feature=simulink],[user=jaibeer],[host=DO5P-PC-222],[pid=4268],[license_number=40554268],[date=03-Jun-2026]
10:25:20 OUT: "simulink" jaibeer@DO5P-PC-222
12:45:20 (MLM) CHECKIN: [feature=simulink],[user=jaibeer],[host=DO5P-PC-222],[pid=4268],[date=03-Jun-2026]
14:23:07 (MLM) CHECKOUT: [feature=signal_toolbox],[user=vinay],[host=RDP-LAB],[pid=4269],[license_number=40554269],[date=03-Jun-2026]
16:57:07 (MLM) CHECKIN: [feature=signal_toolbox],[user=vinay],[host=RDP-LAB],[pid=4269],[date=03-Jun-2026]
16:57:07 IN: "signal_toolbox" vinay@RDP-LAB
15:45:13 (MLM) CHECKOUT: [feature=distri_computing_toolbox],[user=vinay],[host=ECSG-HP-10],[pid=4270],[license_number=40554270],[date=03-Jun-2026]
15:45:13 OUT: "distri_computing_toolbox" vinay@ECSG-HP-10
16:17:13 (MLM) CHECKIN: [feature=distri_computing_toolbox],[user=vinay],[host=ECSG-HP-10],[pid=4270],[date=03-Jun-2026]
10:40:19 (MLM) CHECKOUT: [feature=simulink_control_design],[user=vinay],[host=ECSG-HP-07],[pid=4271],[license_number=40554271],[date=03-Jun-2026]
10:40:19 OUT: "simulink_control_design" vinay@ECSG-HP-07
12:43:19 (MLM) CHECKIN: [feature=simulink_control_design],[user=vinay],[host=ECSG-HP-07],[pid=4271],[date=03-Jun-2026]
14:34:32 (MLM) CHECKOUT: [feature=simulink],[user=abhishek],[host=LAB-WS-18],[pid=4272],[license_number=40554272],[date=03-Jun-2026]
16:36:32 (MLM) CHECKIN: [feature=simulink],[user=abhishek],[host=LAB-WS-18],[pid=4272],[date=03-Jun-2026]
16:36:32 IN: "simulink" abhishek@LAB-WS-18
16:38:40 (MLM) CHECKOUT: [feature=simulink_control_design],[user=vinay],[host=RDP-LAB],[pid=4273],[license_number=40554273],[date=03-Jun-2026]
17:56:40 (MLM) CHECKIN: [feature=simulink_control_design],[user=vinay],[host=RDP-LAB],[pid=4273],[date=03-Jun-2026]
17:56:40 IN: "simulink_control_design" vinay@RDP-LAB
14:48:21 (MLM) CHECKOUT: [feature=MATLAB],[user=k_brahmiah],[host=LAB-WS-18],[pid=4274],[license_number=40554274],[date=03-Jun-2026]
15:05:21 (MLM) CHECKIN: [feature=MATLAB],[user=k_brahmiah],[host=LAB-WS-18],[pid=4274],[date=03-Jun-2026]
15:05:21 IN: "MATLAB" k_brahmiah@LAB-WS-18
17:14:28 (MLM) CHECKOUT: [feature=simulink],[user=sudhakr_kunnur],[host=LAB-WS-18],[pid=4275],[license_number=40554275],[date=03-Jun-2026]
17:14:28 OUT: "simulink" sudhakr_kunnur@LAB-WS-18
19:59:28 (MLM) CHECKIN: [feature=simulink],[user=sudhakr_kunnur],[host=LAB-WS-18],[pid=4275],[date=03-Jun-2026]
19:59:28 IN: "simulink" sudhakr_kunnur@LAB-WS-18
12:26:58 (MLM) CHECKOUT: [feature=simulink],[user=abhishek],[host=ECSG-HP-10],[pid=4276],[license_number=40554276],[date=03-Jun-2026]
13:17:58 (MLM) CHECKIN: [feature=simulink],[user=abhishek],[host=ECSG-HP-10],[pid=4276],[date=03-Jun-2026]
13:17:58 IN: "simulink" abhishek@ECSG-HP-10
13:30:06 (MLM) CHECKOUT: [feature=simulink],[user=k_brahmiah],[host=DO5P-PC-222],[pid=4277],[license_number=40554277],[date=03-Jun-2026]
13:30:06 OUT: "simulink" k_brahmiah@DO5P-PC-222
15:06:06 (MLM) CHECKIN: [feature=simulink],[user=k_brahmiah],[host=DO5P-PC-222],[pid=4277],[date=03-Jun-2026]
15:06:06 IN: "simulink" k_brahmiah@DO5P-PC-222
13:41:06 (MLM) CHECKOUT: [feature=MATLAB],[user=abhishek],[host=ECSG-HP-10],[pid=4278],[license_number=40554278],[date=03-Jun-2026]
13:41:06 OUT: "MATLAB" abhishek@ECSG-HP-10
14:58:06 (MLM) CHECKIN: [feature=MATLAB],[user=abhishek],[host=ECSG-HP-10],[pid=4278],[date=03-Jun-2026]
14:58:06 IN: "MATLAB" abhishek@ECSG-HP-10
15:14:51 (MLM) CHECKOUT: [feature=simulink],[user=rahul],[host=RDP-LAB],[pid=4279],[license_number=40554279],[date=03-Jun-2026]
15:14:51 OUT: "simulink" rahul@RDP-LAB
18:12:51 (MLM) CHECKIN: [feature=simulink],[user=rahul],[host=RDP-LAB],[pid=4279],[date=03-Jun-2026]
18:12:51 IN: "simulink" rahul@RDP-LAB
15:37:27 (MLM) CHECKOUT: [feature=map_toolbox],[user=k_brahmiah],[host=LAB-WS-18],[pid=4280],[license_number=40554280],[date=03-Jun-2026]
15:37:27 OUT: "map_toolbox" k_brahmiah@LAB-WS-18
16:44:27 (MLM) CHECKIN: [feature=map_toolbox],[user=k_brahmiah],[host=LAB-WS-18],[pid=4280],[date=03-Jun-2026]
16:44:27 IN: "map_toolbox" k_brahmiah@LAB-WS-18
16:11:23 (MLM) CHECKOUT: [feature=simulink],[user=vinay],[host=ECSG-HP-10],[pid=4281],[license_number=40554281],[date=03-Jun-2026]
16:11:23 OUT: "simulink" vinay@ECSG-HP-10
17:33:23 (MLM) CHECKIN: [feature=simulink],[user=vinay],[host=ECSG-HP-10],[pid=4281],[date=03-Jun-2026]
17:33:23 IN: "simulink" vinay@ECSG-HP-10
17:25:37 (MLM) CHECKOUT: [feature=simulink],[user=rahul],[host=RDP-LAB],[pid=4282],[license_number=40554282],[date=03-Jun-2026]
17:25:37 OUT: "simulink" rahul@RDP-LAB
19:37:37 (MLM) CHECKIN: [feature=simulink],[user=rahul],[host=RDP-LAB],[pid=4282],[date=03-Jun-2026]
19:37:37 IN: "simulink" rahul@RDP-LAB
17:05:43 (MLM) CHECKOUT: [feature=polyspace_bf],[user=vinay],[host=RDP-LAB],[pid=4283],[license_number=40554283],[date=03-Jun-2026]
17:05:43 OUT: "polyspace_bf" vinay@RDP-LAB
18:38:43 (MLM) CHECKIN: [feature=polyspace_bf],[user=vinay],[host=RDP-LAB],[pid=4283],[date=03-Jun-2026]
18:38:43 IN: "polyspace_bf" vinay@RDP-LAB
14:38:08 (MLM) CHECKOUT: [feature=simulink],[user=k_brahmiah],[host=DO5P-PC-222],[pid=4284],[license_number=40554284],[date=03-Jun-2026]
14:38:08 OUT: "simulink" k_brahmiah@DO5P-PC-222
16:57:08 (MLM) CHECKIN: [feature=simulink],[user=k_brahmiah],[host=DO5P-PC-222],[pid=4284],[date=03-Jun-2026]
16:57:08 IN: "simulink" k_brahmiah@DO5P-PC-222
15:18:08 (MLM) CHECKOUT: [feature=simulink],[user=jaibeer],[host=DO5P-PC-222],[pid=4285],[license_number=40554285],[date=03-Jun-2026]
15:18:08 OUT: "simulink" jaibeer@DO5P-PC-222
18:11:08 (MLM) CHECKIN: [feature=simulink],[user=jaibeer],[host=DO5P-PC-222],[pid=4285],[date=03-Jun-2026]
18:11:08 IN: "simulink" jaibeer@DO5P-PC-222
11:52:24 (MLM) CHECKOUT: [feature=simulink],[user=k_brahmiah],[host=ECSG-HP-10],[pid=4286],[license_number=40554286],[date=03-Jun-2026]
14:13:24 (MLM) CHECKIN: [feature=simulink],[user=k_brahmiah],[host=ECSG-HP-10],[pid=4286],[date=03-Jun-2026]
14:13:24 IN: "simulink" k_brahmiah@ECSG-HP-10
09:36:01 (MLM) CHECKOUT: [feature=simulink],[user=rahul],[host=ECSG-HP-07],[pid=4287],[license_number=40554287],[date=03-Jun-2026]
09:59:01 (MLM) CHECKIN: [feature=simulink],[user=rahul],[host=ECSG-HP-07],[pid=4287],[date=03-Jun-2026]
09:59:01 IN: "simulink" rahul@ECSG-HP-07
17:47:49 (MLM) CHECKOUT: [feature=aerospace_toolbox],[user=rahul],[host=DO5P-PC-222],[pid=4288],[license_number=40554288],[date=03-Jun-2026]
18:30:49 (MLM) CHECKIN: [feature=aerospace_toolbox],[user=rahul],[host=DO5P-PC-222],[pid=4288],[date=03-Jun-2026]
18:30:49 IN: "aerospace_toolbox" rahul@DO5P-PC-222
13:34:52 (MLM) CHECKOUT: [feature=aerospace_toolbox],[user=sudhakr_kunnur],[host=LAB-WS-18],[pid=4289],[license_number=40554289],[date=03-Jun-2026]
15:41:52 (MLM) CHECKIN: [feature=aerospace_toolbox],[user=sudhakr_kunnur],[host=LAB-WS-18],[pid=4289],[date=03-Jun-2026]
15:41:52 IN: "aerospace_toolbox" sudhakr_kunnur@LAB-WS-18
11:19:55 (MLM) CHECKOUT: [feature=signal_blocks],[user=efcs],[host=ECSG-HP-10],[pid=4290],[license_number=40554290],[date=03-Jun-2026]
13:03:55 (MLM) CHECKIN: [feature=signal_blocks],[user=efcs],[host=ECSG-HP-10],[pid=4290],[date=03-Jun-2026]
00:00:01 (MLM) TIMESTAMP 6/4/2026
11:13:51 (MLM) CHECKOUT: [feature=signal_blocks],[user=k_brahmiah],[host=ECSG-HP-10],[pid=4291],[license_number=40554291],[date=04-Jun-2026]
14:04:51 (MLM) CHECKIN: [feature=signal_blocks],[user=k_brahmiah],[host=ECSG-HP-10],[pid=4291],[date=04-Jun-2026]
14:04:51 IN: "signal_blocks" k_brahmiah@ECSG-HP-10
11:51:03 (MLM) CHECKOUT: [feature=aerospace_toolbox],[user=abhishek],[host=DO5P-PC-222],[pid=4292],[license_number=40554292],[date=04-Jun-2026]
11:51:03 OUT: "aerospace_toolbox" abhishek@DO5P-PC-222
14:38:03 (MLM) CHECKIN: [feature=aerospace_toolbox],[user=abhishek],[host=DO5P-PC-222],[pid=4292],[date=04-Jun-2026]
14:38:03 IN: "aerospace_toolbox" abhishek@DO5P-PC-222
12:54:32 (MLM) CHECKOUT: [feature=control_toolbox],[user=k_brahmiah],[host=RDP-LAB],[pid=4293],[license_number=40554293],[date=04-Jun-2026]
13:33:32 (MLM) CHECKIN: [feature=control_toolbox],[user=k_brahmiah],[host=RDP-LAB],[pid=4293],[date=04-Jun-2026]
13:33:32 IN: "control_toolbox" k_brahmiah@RDP-LAB
12:55:41 (MLM) CHECKOUT: [feature=polyspace_bf],[user=vinay],[host=ECSG-HP-07],[pid=4294],[license_number=40554294],[date=04-Jun-2026]
12:55:41 OUT: "polyspace_bf" vinay@ECSG-HP-07
14:13:41 (MLM) CHECKIN: [feature=polyspace_bf],[user=vinay],[host=ECSG-HP-07],[pid=4294],[date=04-Jun-2026]
14:13:41 IN: "polyspace_bf" vinay@ECSG-HP-07
14:31:09 (MLM) CHECKOUT: [feature=signal_blocks],[user=k_brahmiah],[host=DO5P-PC-222],[pid=4295],[license_number=40554295],[date=04-Jun-2026]
14:31:09 OUT: "signal_blocks" k_brahmiah@DO5P-PC-222
16:32:09 (MLM) CHECKIN: [feature=signal_blocks],[user=k_brahmiah],[host=DO5P-PC-222],[pid=4295],[date=04-Jun-2026]
16:32:09 IN: "signal_blocks" k_brahmiah@DO5P-PC-222
12:44:59 (MLM) CHECKOUT: [feature=signal_toolbox],[user=abhishek],[host=ECSG-HP-10],[pid=4296],[license_number=40554296],[date=04-Jun-2026]
15:03:59 (MLM) CHECKIN: [feature=signal_toolbox],[user=abhishek],[host=ECSG-HP-10],[pid=4296],[date=04-Jun-2026]
15:03:59 IN: "signal_toolbox" abhishek@ECSG-HP-10
15:40:42 (MLM) CHECKOUT: [feature=signal_blocks],[user=abhishek],[host=ECSG-HP-10],[pid=4297],[license_number=40554297],[date=04-Jun-2026]
15:40:42 OUT: "signal_blocks" abhishek@ECSG-HP-10
18:11:42 (MLM) CHECKIN: [feature=signal_blocks],[user=abhishek],[host=ECSG-HP-10],[pid=4297],[date=04-Jun-2026]
18:11:42 IN: "signal_blocks" abhishek@ECSG-HP-10
13:53:18 (MLM) CHECKOUT: [feature=simulink],[user=efcs],[host=DO5P-PC-222],[pid=4298],[license_number=40554298],[date=04-Jun-2026]
13:53:18 OUT: "simulink" efcs@DO5P-PC-222
16:32:18 (MLM) CHECKIN: [feature=simulink],[user=efcs],[host=DO5P-PC-222],[pid=4298],[date=04-Jun-2026]
15:01:07 (MLM) CHECKOUT: [feature=MATLAB],[user=vinay],[host=ECSG-HP-10],[pid=4299],[license_number=40554299],[date=04-Jun-2026]
17:12:07 (MLM) CHECKIN: [feature=MATLAB],[user=vinay],[host=ECSG-HP-10],[pid=4299],[date=04-Jun-2026]
17:12:07 IN: "MATLAB" vinay@ECSG-HP-10
10:56:41 (MLM) CHECKOUT: [feature=distri_computing_toolbox],[user=efcs],[host=DO5P-PC-222],[pid=4300],[license_number=40554300],[date=04-Jun-2026]
10:56:41 OUT: "distri_computing_toolbox" efcs@DO5P-PC-222
12:21:41 (MLM) CHECKIN: [feature=distri_computing_toolbox],[user=efcs],[host=DO5P-PC-222],[pid=4300],[date=04-Jun-2026]
12:21:41 IN: "distri_computing_toolbox" efcs@DO5P-PC-222
10:03:25 (MLM) CHECKOUT: [feature=signal_toolbox],[user=k_brahmiah],[host=ECSG-HP-10],[pid=4301],[license_number=40554301],[date=04-Jun-2026]
10:03:25 OUT: "signal_toolbox" k_brahmiah@ECSG-HP-10
11:17:25 (MLM) CHECKIN: [feature=signal_toolbox],[user=k_brahmiah],[host=ECSG-HP-10],[pid=4301],[date=04-Jun-2026]
11:17:25 IN: "signal_toolbox" k_brahmiah@ECSG-HP-10
15:04:08 (MLM) CHECKOUT: [feature=MATLAB],[user=abhishek],[host=ECSG-HP-10],[pid=4302],[license_number=40554302],[date=04-Jun-2026]
15:04:08 OUT: "MATLAB" abhishek@ECSG-HP-10
17:12:08 (MLM) CHECKIN: [feature=MATLAB],[user=abhishek],[host=ECSG-HP-10],[pid=4302],[date=04-Jun-2026]
17:12:08 IN: "MATLAB" abhishek@ECSG-HP-10
14:44:08 (MLM) CHECKOUT: [feature=distri_computing_toolbox],[user=jaibeer],[host=ECSG-HP-10],[pid=4303],[license_number=40554303],[date=04-Jun-2026]
14:44:08 OUT: "distri_computing_toolbox" jaibeer@ECSG-HP-10
15:21:08 (MLM) CHECKIN: [feature=distri_computing_toolbox],[user=jaibeer],[host=ECSG-HP-10],[pid=4303],[date=04-Jun-2026]
12:08:24 (MLM) CHECKOUT: [feature=signal_toolbox],[user=abhishek],[host=RDP-LAB],[pid=4304],[license_number=40554304],[date=04-Jun-2026]
12:57:24 (MLM) CHECKIN: [feature=signal_toolbox],[user=abhishek],[host=RDP-LAB],[pid=4304],[date=04-Jun-2026]
12:57:24 IN: "signal_toolbox" abhishek@RDP-LAB
08:39:41 (MLM) CHECKOUT: [feature=simulink],[user=jaibeer],[host=ECSG-HP-10],[pid=4305],[license_number=40554305],[date=04-Jun-2026]
08:39:41 OUT: "simulink" jaibeer@ECSG-HP-10
09:48:41 (MLM) CHECKIN: [feature=simulink],[user=jaibeer],[host=ECSG-HP-10],[pid=4305],[date=04-Jun-2026]
09:48:41 IN: "simulink" jaibeer@ECSG-HP-10
15:55:13 (MLM) CHECKOUT: [feature=simulink],[user=abhishek],[host=ECSG-HP-07],[pid=4306],[license_number=40554306],[date=04-Jun-2026]
15:55:13 OUT: "simulink" abhishek@ECSG-HP-07
16:41:13 (MLM) CHECKIN: [feature=simulink],[user=abhishek],[host=ECSG-HP-07],[pid=4306],[date=04-Jun-2026]
16:41:13 IN: "simulink" abhishek@ECSG-HP-07
10:15:17 (MLM) CHECKOUT: [feature=control_toolbox],[user=k_brahmiah],[host=ECSG-HP-07],[pid=4307],[license_number=40554307],[date=04-Jun-2026]
10:15:17 OUT: "control_toolbox" k_brahmiah@ECSG-HP-07
13:03:17 (MLM) CHECKIN: [feature=control_toolbox],[user=k_brahmiah],[host=ECSG-HP-07],[pid=4307],[date=04-Jun-2026]
13:03:17 IN: "control_toolbox" k_brahmiah@ECSG-HP-07
12:13:33 (MLM) CHECKOUT: [feature=aerospace_blockset],[user=jaibeer],[host=ECSG-HP-10],[pid=4308],[license_number=40554308],[date=04-Jun-2026]
12:13:33 OUT: "aerospace_blockset" jaibeer@ECSG-HP-10
14:08:33 (MLM) CHECKIN: [feature=aerospace_blockset],[user=jaibeer],[host=ECSG-HP-10],[pid=4308],[date=04-Jun-2026]
14:08:33 IN: "aerospace_blockset" jaibeer@ECSG-HP-10
09:15:31 (MLM) CHECKOUT: [feature=simulink],[user=abhishek],[host=DO5P-PC-222],[pid=4309],[license_number=40554309],[date=04-Jun-2026]
09:15:31 OUT: "simulink" abhishek@DO5P-PC-222
09:16:31 (MLM) DENIED: "simulink" abhishek@DO5P-PC-222
11:02:31 (MLM) CHECKIN: [feature=simulink],[user=abhishek],[host=DO5P-PC-222],[pid=4309],[date=04-Jun-2026]
16:43:11 (MLM) CHECKOUT: [feature=signal_toolbox],[user=abhishek],[host=LAB-WS-18],[pid=4310],[license_number=40554310],[date=04-Jun-2026]
17:16:11 (MLM) CHECKIN: [feature=signal_toolbox],[user=abhishek],[host=LAB-WS-18],[pid=4310],[date=04-Jun-2026]
17:16:11 IN: "signal_toolbox" abhishek@LAB-WS-18
00:00:01 (MLM) TIMESTAMP 6/5/2026
08:50:25 (MLM) CHECKOUT: [feature=MATLAB],[user=abhishek],[host=DO5P-PC-222],[pid=4311],[license_number=40554311],[date=05-Jun-2026]
08:50:25 OUT: "MATLAB" abhishek@DO5P-PC-222
11:13:25 (MLM) CHECKIN: [feature=MATLAB],[user=abhishek],[host=DO5P-PC-222],[pid=4311],[date=05-Jun-2026]
16:34:39 (MLM) CHECKOUT: [feature=MATLAB],[user=k_brahmiah],[host=ECSG-HP-07],[pid=4312],[license_number=40554312],[date=05-Jun-2026]
16:34:39 OUT: "MATLAB" k_brahmiah@ECSG-HP-07
17:09:39 (MLM) CHECKIN: [feature=MATLAB],[user=k_brahmiah],[host=ECSG-HP-07],[pid=4312],[date=05-Jun-2026]
17:09:39 IN: "MATLAB" k_brahmiah@ECSG-HP-07
14:37:40 (MLM) CHECKOUT: [feature=simulink],[user=sudhakr_kunnur],[host=DO5P-PC-222],[pid=4313],[license_number=40554313],[date=05-Jun-2026]
17:36:40 (MLM) CHECKIN: [feature=simulink],[user=sudhakr_kunnur],[host=DO5P-PC-222],[pid=4313],[date=05-Jun-2026]
17:36:40 IN: "simulink" sudhakr_kunnur@DO5P-PC-222
09:59:27 (MLM) CHECKOUT: [feature=MATLAB],[user=jaibeer],[host=DO5P-PC-222],[pid=4314],[license_number=40554314],[date=05-Jun-2026]
09:59:27 OUT: "MATLAB" jaibeer@DO5P-PC-222
10:28:27 (MLM) CHECKIN: [feature=MATLAB],[user=jaibeer],[host=DO5P-PC-222],[pid=4314],[date=05-Jun-2026]
10:28:27 IN: "MATLAB" jaibeer@DO5P-PC-222
10:44:00 (MLM) CHECKOUT: [feature=MATLAB],[user=vinay],[host=DO5P-PC-222],[pid=4315],[license_number=40554315],[date=05-Jun-2026]
10:44:00 OUT: "MATLAB" vinay@DO5P-PC-222
13:12:00 (MLM) CHECKIN: [feature=MATLAB],[user=vinay],[host=DO5P-PC-222],[pid=4315],[date=05-Jun-2026]
13:12:00 IN: "MATLAB" vinay@DO5P-PC-222
10:47:49 (MLM) CHECKOUT: [feature=MATLAB],[user=vinay],[host=RDP-LAB],[pid=4316],[license_number=40554316],[date=05-Jun-2026]
11:32:49 (MLM) CHECKIN: [feature=MATLAB],[user=vinay],[host=RDP-LAB],[pid=4316],[date=05-Jun-2026]
09:16:45 (MLM) CHECKOUT: [feature=control_toolbox],[user=abhishek],[host=ECSG-HP-07],[pid=4317],[license_number=40554317],[date=05-Jun-2026]
11:38:45 (MLM) CHECKIN: [feature=control_toolbox],[user=abhishek],[host=ECSG-HP-07],[pid=4317],[date=05-Jun-2026]
11:38:45 IN: "control_toolbox" abhishek@ECSG-HP-07
10:23:10 (MLM) CHECKOUT: [feature=aerospace_blockset],[user=k_brahmiah],[host=ECSG-HP-07],[pid=4318],[license_number=40554318],[date=05-Jun-2026]
10:23:10 OUT: "aerospace_blockset" k_brahmiah@ECSG-HP-07
13:04:10 (MLM) CHECKIN: [feature=aerospace_blockset],[user=k_brahmiah],[host=ECSG-HP-07],[pid=4318],[date=05-Jun-2026]
13:04:10 IN: "aerospace_blockset" k_brahmiah@ECSG-HP-07
08:15:02 (MLM) CHECKOUT: [feature=MATLAB],[user=abhishek],[host=LAB-WS-18],[pid=4319],[license_number=40554319],[date=05-Jun-2026]
08:15:02 OUT: "MATLAB" abhishek@LAB-WS-18
09:08:02 (MLM) CHECKIN: [feature=MATLAB],[user=abhishek],[host=LAB-WS-18],[pid=4319],[date=05-Jun-2026]
09:08:02 IN: "MATLAB" abhishek@LAB-WS-18
14:14:20 (MLM) CHECKOUT: [feature=simulink],[user=efcs],[host=ECSG-HP-10],[pid=4320],[license_number=40554320],[date=05-Jun-2026]
14:14:20 OUT: "simulink" efcs@ECSG-HP-10
15:50:20 (MLM) CHECKIN: [feature=simulink],[user=efcs],[host=ECSG-HP-10],[pid=4320],[date=05-Jun-2026]
15:50:20 IN: "simulink" efcs@ECSG-HP-10
08:11:14 (MLM) CHECKOUT: [feature=MATLAB],[user=abhishek],[host=RDP-LAB],[pid=4321],[license_number=40554321],[date=05-Jun-2026]
10:08:14 (MLM) CHECKIN: [feature=MATLAB],[user=abhishek],[host=RDP-LAB],[pid=4321],[date=05-Jun-2026]
10:08:14 IN: "MATLAB" abhishek@RDP-LAB
12:20:05 (MLM) CHECKOUT: [feature=signal_blocks],[user=rahul],[host=RDP-LAB],[pid=4322],[license_number=40554322],[date=05-Jun-2026]
12:20:05 OUT: "signal_blocks" rahul@RDP-LAB
12:27:05 (MLM) DENIED: "signal_blocks" rahul@RDP-LAB
13:49:05 (MLM) CHECKIN: [feature=signal_blocks],[user=rahul],[host=RDP-LAB],[pid=4322],[date=05-Jun-2026]
13:49:05 IN: "signal_blocks" rahul@RDP-LAB
13:37:31 (MLM) CHECKOUT: [feature=MATLAB],[user=sudhakr_kunnur],[host=LAB-WS-18],[pid=4323],[license_number=40554323],[date=05-Jun-2026]
16:11:31 (MLM) CHECKIN: [feature=MATLAB],[user=sudhakr_kunnur],[host=LAB-WS-18],[pid=4323],[date=05-Jun-2026]
08:14:34 (MLM) CHECKOUT: [feature=polyspace_bf],[user=sudhakr_kunnur],[host=ECSG-HP-10],[pid=4324],[license_number=40554324],[date=05-Jun-2026]
08:14:34 OUT: "polyspace_bf" sudhakr_kunnur@ECSG-HP-10
08:31:34 (MLM) CHECKIN: [feature=polyspace_bf],[user=sudhakr_kunnur],[host=ECSG-HP-10],[pid=4324],[date=05-Jun-2026]
12:06:13 (MLM) CHECKOUT: [feature=aerospace_blockset],[user=abhishek],[host=ECSG-HP-07],[pid=4325],[license_number=40554325],[date=05-Jun-2026]
12:06:13 OUT: "aerospace_blockset" abhishek@ECSG-HP-07
14:26:13 (MLM) CHECKIN: [feature=aerospace_blockset],[user=abhishek],[host=ECSG-HP-07],[pid=4325],[date=05-Jun-2026]
09:02:58 (MLM) CHECKOUT: [feature=signal_blocks],[user=efcs],[host=DO5P-PC-222],[pid=4326],[license_number=40554326],[date=05-Jun-2026]
09:02:58 OUT: "signal_blocks" efcs@DO5P-PC-222
11:02:58 (MLM) CHECKIN: [feature=signal_blocks],[user=efcs],[host=DO5P-PC-222],[pid=4326],[date=05-Jun-2026]
16:08:40 (MLM) CHECKOUT: [feature=simulink],[user=k_brahmiah],[host=ECSG-HP-10],[pid=4327],[license_number=40554327],[date=05-Jun-2026]
16:27:40 (MLM) DENIED: "simulink" k_brahmiah@ECSG-HP-10
16:38:40 (MLM) CHECKIN: [feature=simulink],[user=k_brahmiah],[host=ECSG-HP-10],[pid=4327],[date=05-Jun-2026]
16:38:40 IN: "simulink" k_brahmiah@ECSG-HP-10
13:59:51 (MLM) CHECKOUT: [feature=control_toolbox],[user=efcs],[host=DO5P-PC-222],[pid=4328],[license_number=40554328],[date=05-Jun-2026]
13:59:51 OUT: "control_toolbox" efcs@DO5P-PC-222
15:37:51 (MLM) CHECKIN: [feature=control_toolbox],[user=efcs],[host=DO5P-PC-222],[pid=4328],[date=05-Jun-2026]
15:37:51 IN: "control_toolbox" efcs@DO5P-PC-222
10:49:49 (MLM) CHECKOUT: [feature=polyspace_bf],[user=sudhakr_kunnur],[host=ECSG-HP-10],[pid=4329],[license_number=40554329],[date=05-Jun-2026]
10:49:49 OUT: "polyspace_bf" sudhakr_kunnur@ECSG-HP-10
11:46:49 (MLM) CHECKIN: [feature=polyspace_bf],[user=sudhakr_kunnur],[host=ECSG-HP-10],[pid=4329],[date=05-Jun-2026]
11:46:49 IN: "polyspace_bf" sudhakr_kunnur@ECSG-HP-10
11:28:19 (MLM) CHECKOUT: [feature=simulink],[user=sudhakr_kunnur],[host=ECSG-HP-10],[pid=4330],[license_number=40554330],[date=05-Jun-2026]
11:28:19 OUT: "simulink" sudhakr_kunnur@ECSG-HP-10
12:06:19 (MLM) CHECKIN: [feature=simulink],[user=sudhakr_kunnur],[host=ECSG-HP-10],[pid=4330],[date=05-Jun-2026]
12:06:19 IN: "simulink" sudhakr_kunnur@ECSG-HP-10
00:00:01 (MLM) TIMESTAMP 6/6/2026
13:09:05 (MLM) CHECKOUT: [feature=MATLAB],[user=vinay],[host=LAB-WS-18],[pid=4331],[license_number=40554331],[date=06-Jun-2026]
15:05:05 (MLM) CHECKIN: [feature=MATLAB],[user=vinay],[host=LAB-WS-18],[pid=4331],[date=06-Jun-2026]
15:05:05 IN: "MATLAB" vinay@LAB-WS-18
10:01:25 (MLM) CHECKOUT: [feature=aerospace_toolbox],[user=jaibeer],[host=RDP-LAB],[pid=4332],[license_number=40554332],[date=06-Jun-2026]
12:36:25 (MLM) CHECKIN: [feature=aerospace_toolbox],[user=jaibeer],[host=RDP-LAB],[pid=4332],[date=06-Jun-2026]
12:36:25 IN: "aerospace_toolbox" jaibeer@RDP-LAB
08:53:49 (MLM) CHECKOUT: [feature=MATLAB],[user=rahul],[host=DO5P-PC-222],[pid=4333],[license_number=40554333],[date=06-Jun-2026]
10:50:49 (MLM) CHECKIN: [feature=MATLAB],[user=rahul],[host=DO5P-PC-222],[pid=4333],[date=06-Jun-2026]
10:50:49 IN: "MATLAB" rahul@DO5P-PC-222
12:58:52 (MLM) CHECKOUT: [feature=simulink],[user=jaibeer],[host=ECSG-HP-10],[pid=4334],[license_number=40554334],[date=06-Jun-2026]
12:58:52 OUT: "simulink" jaibeer@ECSG-HP-10
14:03:52 (MLM) CHECKIN: [feature=simulink],[user=jaibeer],[host=ECSG-HP-10],[pid=4334],[date=06-Jun-2026]
13:07:02 (MLM) CHECKOUT: [feature=MATLAB],[user=k_brahmiah],[host=DO5P-PC-222],[pid=4335],[license_number=40554335],[date=06-Jun-2026]
13:26:02 (MLM) DENIED: "MATLAB" k_brahmiah@DO5P-PC-222
15:12:02 (MLM) CHECKIN: [feature=MATLAB],[user=k_brahmiah],[host=DO5P-PC-222],[pid=4335],[date=06-Jun-2026]
14:11:22 (MLM) CHECKOUT: [feature=signal_toolbox],[user=k_brahmiah],[host=ECSG-HP-10],[pid=4336],[license_number=40554336],[date=06-Jun-2026]
14:11:22 OUT: "signal_toolbox" k_brahmiah@ECSG-HP-10
15:37:22 (MLM) CHECKIN: [feature=signal_toolbox],[user=k_brahmiah],[host=ECSG-HP-10],[pid=4336],[date=06-Jun-2026]
15:37:22 IN: "signal_toolbox" k_brahmiah@ECSG-HP-10
11:41:18 (MLM) CHECKOUT: [feature=simulink],[user=abhishek],[host=LAB-WS-18],[pid=4337],[license_number=40554337],[date=06-Jun-2026]
11:41:18 OUT: "simulink" abhishek@LAB-WS-18
13:58:18 (MLM) CHECKIN: [feature=simulink],[user=abhishek],[host=LAB-WS-18],[pid=4337],[date=06-Jun-2026]
13:58:18 IN: "simulink" abhishek@LAB-WS-18
16:15:40 (MLM) CHECKOUT: [feature=signal_toolbox],[user=sudhakr_kunnur],[host=DO5P-PC-222],[pid=4338],[license_number=40554338],[date=06-Jun-2026]
16:34:40 (MLM) CHECKIN: [feature=signal_toolbox],[user=sudhakr_kunnur],[host=DO5P-PC-222],[pid=4338],[date=06-Jun-2026]
15:22:58 (MLM) CHECKOUT: [feature=simulink],[user=vinay],[host=RDP-LAB],[pid=4339],[license_number=40554339],[date=06-Jun-2026]
15:22:58 OUT: "simulink" vinay@RDP-LAB
16:46:58 (MLM) CHECKIN: [feature=simulink],[user=vinay],[host=RDP-LAB],[pid=4339],[date=06-Jun-2026]
16:46:58 IN: "simulink" vinay@RDP-LAB
12:03:51 (MLM) CHECKOUT: [feature=MATLAB],[user=k_brahmiah],[host=DO5P-PC-222],[pid=4340],[license_number=40554340],[date=06-Jun-2026]
14:47:51 (MLM) CHECKIN: [feature=MATLAB],[user=k_brahmiah],[host=DO5P-PC-222],[pid=4340],[date=06-Jun-2026]
11:17:34 (MLM) CHECKOUT: [feature=MATLAB],[user=efcs],[host=ECSG-HP-10],[pid=4341],[license_number=40554341],[date=06-Jun-2026]
11:46:34 (MLM) CHECKIN: [feature=MATLAB],[user=efcs],[host=ECSG-HP-10],[pid=4341],[date=06-Jun-2026]
14:22:59 (MLM) CHECKOUT: [feature=aerospace_blockset],[user=efcs],[host=LAB-WS-18],[pid=4342],[license_number=40554342],[date=06-Jun-2026]
15:22:59 (MLM) CHECKIN: [feature=aerospace_blockset],[user=efcs],[host=LAB-WS-18],[pid=4342],[date=06-Jun-2026]
15:22:59 IN: "aerospace_blockset" efcs@LAB-WS-18
08:45:44 (MLM) CHECKOUT: [feature=polyspace_bf],[user=k_brahmiah],[host=RDP-LAB],[pid=4343],[license_number=40554343],[date=06-Jun-2026]
08:45:44 OUT: "polyspace_bf" k_brahmiah@RDP-LAB
09:36:44 (MLM) CHECKIN: [feature=polyspace_bf],[user=k_brahmiah],[host=RDP-LAB],[pid=4343],[date=06-Jun-2026]
09:36:44 IN: "polyspace_bf" k_brahmiah@RDP-LAB
10:31:02 (MLM) CHECKOUT: [feature=simulink],[user=sudhakr_kunnur],[host=ECSG-HP-07],[pid=4344],[license_number=40554344],[date=06-Jun-2026]
10:31:02 OUT: "simulink" sudhakr_kunnur@ECSG-HP-07
11:42:02 (MLM) CHECKIN: [feature=simulink],[user=sudhakr_kunnur],[host=ECSG-HP-07],[pid=4344],[date=06-Jun-2026]
11:42:02 IN: "simulink" sudhakr_kunnur@ECSG-HP-07
11:51:08 (MLM) CHECKOUT: [feature=polyspace_bf],[user=rahul],[host=RDP-LAB],[pid=4345],[license_number=40554345],[date=06-Jun-2026]
11:51:08 OUT: "polyspace_bf" rahul@RDP-LAB
13:28:08 (MLM) CHECKIN: [feature=polyspace_bf],[user=rahul],[host=RDP-LAB],[pid=4345],[date=06-Jun-2026]
13:28:08 IN: "polyspace_bf" rahul@RDP-LAB
16:55:23 (MLM) CHECKOUT: [feature=signal_blocks],[user=abhishek],[host=DO5P-PC-222],[pid=4346],[license_number=40554346],[date=06-Jun-2026]
18:51:23 (MLM) CHECKIN: [feature=signal_blocks],[user=abhishek],[host=DO5P-PC-222],[pid=4346],[date=06-Jun-2026]
18:51:23 IN: "signal_blocks" abhishek@DO5P-PC-222
10:46:27 (MLM) CHECKOUT: [feature=MATLAB],[user=k_brahmiah],[host=RDP-LAB],[pid=4347],[license_number=40554347],[date=06-Jun-2026]
12:22:27 (MLM) CHECKIN: [feature=MATLAB],[user=k_brahmiah],[host=RDP-LAB],[pid=4347],[date=06-Jun-2026]
12:22:27 IN: "MATLAB" k_brahmiah@RDP-LAB
11:42:37 (MLM) CHECKOUT: [feature=aerospace_toolbox],[user=efcs],[host=LAB-WS-18],[pid=4348],[license_number=40554348],[date=06-Jun-2026]
13:12:37 (MLM) CHECKIN: [feature=aerospace_toolbox],[user=efcs],[host=LAB-WS-18],[pid=4348],[date=06-Jun-2026]
13:12:37 IN: "aerospace_toolbox" efcs@LAB-WS-18
17:02:11 (MLM) CHECKOUT: [feature=signal_toolbox],[user=vinay],[host=LAB-WS-18],[pid=4349],[license_number=40554349],[date=06-Jun-2026]
17:02:11 OUT: "signal_toolbox" vinay@LAB-WS-18
19:53:11 (MLM) CHECKIN: [feature=signal_toolbox],[user=vinay],[host=LAB-WS-18],[pid=4349],[date=06-Jun-2026]
19:53:11 IN: "signal_toolbox" vinay@LAB-WS-18
09:15:22 (MLM) CHECKOUT: [feature=MATLAB],[user=rahul],[host=ECSG-HP-07],[pid=4350],[license_number=40554350],[date=06-Jun-2026]
09:52:22 (MLM) CHECKIN: [feature=MATLAB],[user=rahul],[host=ECSG-HP-07],[pid=4350],[date=06-Jun-2026]
12:13:15 (MLM) CHECKOUT: [feature=signal_toolbox],[user=jaibeer],[host=RDP-LAB],[pid=4351],[license_number=40554351],[date=06-Jun-2026]
12:13:15 OUT: "signal_toolbox" jaibeer@RDP-LAB
12:55:15 (MLM) CHECKIN: [feature=signal_toolbox],[user=jaibeer],[host=RDP-LAB],[pid=4351],[date=06-Jun-2026]
10:56:26 (MLM) CHECKOUT: [feature=signal_blocks],[user=abhishek],[host=ECSG-HP-07],[pid=4352],[license_number=40554352],[date=06-Jun-2026]
10:56:26 OUT: "signal_blocks" abhishek@ECSG-HP-07
13:30:26 (MLM) CHECKIN: [feature=signal_blocks],[user=abhishek],[host=ECSG-HP-07],[pid=4352],[date=06-Jun-2026]
13:30:26 IN: "signal_blocks" abhishek@ECSG-HP-07
11:10:28 (MLM) CHECKOUT: [feature=simulink_control_design],[user=vinay],[host=LAB-WS-18],[pid=4353],[license_number=40554353],[date=06-Jun-2026]
11:10:28 OUT: "simulink_control_design" vinay@LAB-WS-18
12:40:28 (MLM) CHECKIN: [feature=simulink_control_design],[user=vinay],[host=LAB-WS-18],[pid=4353],[date=06-Jun-2026]
12:40:28 IN: "simulink_control_design" vinay@LAB-WS-18
10:56:24 (MLM) CHECKOUT: [feature=MATLAB],[user=sudhakr_kunnur],[host=ECSG-HP-10],[pid=4354],[license_number=40554354],[date=06-Jun-2026]
10:56:24 OUT: "MATLAB" sudhakr_kunnur@ECSG-HP-10
10:59:24 (MLM) DENIED: "MATLAB" sudhakr_kunnur@ECSG-HP-10
12:37:24 (MLM) CHECKIN: [feature=MATLAB],[user=sudhakr_kunnur],[host=ECSG-HP-10],[pid=4354],[date=06-Jun-2026]
12:37:24 IN: "MATLAB" sudhakr_kunnur@ECSG-HP-10
14:41:10 (MLM) CHECKOUT: [feature=simulink_control_design],[user=jaibeer],[host=ECSG-HP-07],[pid=4355],[license_number=40554355],[date=06-Jun-2026]
14:41:10 OUT: "simulink_control_design" jaibeer@ECSG-HP-07
15:09:10 (MLM) CHECKIN: [feature=simulink_control_design],[user=jaibeer],[host=ECSG-HP-07],[pid=4355],[date=06-Jun-2026]
15:09:10 IN: "simulink_control_design" jaibeer@ECSG-HP-07
16:46:59 (MLM) CHECKOUT: [feature=signal_toolbox],[user=sudhakr_kunnur],[host=DO5P-PC-222],[pid=4356],[license_number=40554356],[date=06-Jun-2026]
18:13:59 (MLM) CHECKIN: [feature=signal_toolbox],[user=sudhakr_kunnur],[host=DO5P-PC-222],[pid=4356],[date=06-Jun-2026]
18:13:59 IN: "signal_toolbox" sudhakr_kunnur@DO5P-PC-222
15:09:03 (MLM) CHECKOUT: [feature=simulink],[user=abhishek],[host=ECSG-HP-07],[pid=4357],[license_number=40554357],[date=06-Jun-2026]
15:09:03 OUT: "simulink" abhishek@ECSG-HP-07
16:39:03 (MLM) CHECKIN: [feature=simulink],[user=abhishek],[host=ECSG-HP-07],[pid=4357],[date=06-Jun-2026]
00:00:01 (MLM) TIMESTAMP 6/7/2026
12:05:30 (MLM) CHECKOUT: [feature=MATLAB],[user=sudhakr_kunnur],[host=ECSG-HP-10],[pid=4358],[license_number=40554358],[date=07-Jun-2026]
14:01:30 (MLM) CHECKIN: [feature=MATLAB],[user=sudhakr_kunnur],[host=ECSG-HP-10],[pid=4358],[date=07-Jun-2026]
14:01:30 IN: "MATLAB" sudhakr_kunnur@ECSG-HP-10
16:24:11 (MLM) CHECKOUT: [feature=MATLAB],[user=amit_ad],[host=RDP-LAB],[pid=4359],[license_number=40554359],[date=07-Jun-2026]
16:24:11 OUT: "MATLAB" amit_ad@RDP-LAB
17:26:11 (MLM) CHECKIN: [feature=MATLAB],[user=amit_ad],[host=RDP-LAB],[pid=4359],[date=07-Jun-2026]
17:26:11 IN: "MATLAB" amit_ad@RDP-LAB
12:36:03 (MLM) CHECKOUT: [feature=control_toolbox],[user=sudhakr_kunnur],[host=ECSG-HP-07],[pid=4360],[license_number=40554360],[date=07-Jun-2026]
12:36:03 OUT: "control_toolbox" sudhakr_kunnur@ECSG-HP-07
13:15:03 (MLM) CHECKIN: [feature=control_toolbox],[user=sudhakr_kunnur],[host=ECSG-HP-07],[pid=4360],[date=07-Jun-2026]
13:15:03 IN: "control_toolbox" sudhakr_kunnur@ECSG-HP-07
17:14:35 (MLM) CHECKOUT: [feature=signal_toolbox],[user=k_brahmiah],[host=LAB-WS-18],[pid=4361],[license_number=40554361],[date=07-Jun-2026]
17:14:35 OUT: "signal_toolbox" k_brahmiah@LAB-WS-18
19:42:35 (MLM) CHECKIN: [feature=signal_toolbox],[user=k_brahmiah],[host=LAB-WS-18],[pid=4361],[date=07-Jun-2026]
19:42:35 IN: "signal_toolbox" k_brahmiah@LAB-WS-18
11:30:19 (MLM) CHECKOUT: [feature=simulink],[user=rahul],[host=ECSG-HP-07],[pid=4362],[license_number=40554362],[date=07-Jun-2026]
11:30:19 OUT: "simulink" rahul@ECSG-HP-07
11:53:19 (MLM) CHECKIN: [feature=simulink],[user=rahul],[host=ECSG-HP-07],[pid=4362],[date=07-Jun-2026]
11:53:19 IN: "simulink" rahul@ECSG-HP-07
17:09:07 (MLM) CHECKOUT: [feature=simulink_control_design],[user=amit_ad],[host=LAB-WS-18],[pid=4363],[license_number=40554363],[date=07-Jun-2026]
18:06:07 (MLM) CHECKIN: [feature=simulink_control_design],[user=amit_ad],[host=LAB-WS-18],[pid=4363],[date=07-Jun-2026]
09:43:27 (MLM) CHECKOUT: [feature=MATLAB],[user=vinay],[host=DO5P-PC-222],[pid=4364],[license_number=40554364],[date=07-Jun-2026]
09:43:27 OUT: "MATLAB" vinay@DO5P-PC-222
10:35:27 (MLM) CHECKIN: [feature=MATLAB],[user=vinay],[host=DO5P-PC-222],[pid=4364],[date=07-Jun-2026]
16:25:35 (MLM) CHECKOUT: [feature=MATLAB],[user=sudhakr_kunnur],[host=ECSG-HP-10],[pid=4365],[license_number=40554365],[date=07-Jun-2026]
16:25:35 OUT: "MATLAB" sudhakr_kunnur@ECSG-HP-10
18:37:35 (MLM) CHECKIN: [feature=MATLAB],[user=sudhakr_kunnur],[host=ECSG-HP-10],[pid=4365],[date=07-Jun-2026]
14:07:26 (MLM) CHECKOUT: [feature=simulink],[user=abhishek],[host=LAB-WS-18],[pid=4366],[license_number=40554366],[date=07-Jun-2026]
14:07:26 OUT: "simulink" abhishek@LAB-WS-18
16:51:26 (MLM) CHECKIN: [feature=simulink],[user=abhishek],[host=LAB-WS-18],[pid=4366],[date=07-Jun-2026]
09:50:18 (MLM) CHECKOUT: [feature=simulink],[user=efcs],[host=ECSG-HP-10],[pid=4367],[license_number=40554367],[date=07-Jun-2026]
11:50:18 (MLM) CHECKIN: [feature=simulink],[user=efcs],[host=ECSG-HP-10],[pid=4367],[date=07-Jun-2026]
11:50:18 IN: "simulink" efcs@ECSG-HP-10
08:11:17 (MLM) CHECKOUT: [feature=simulink],[user=jaibeer],[host=LAB-WS-18],[pid=4368],[license_number=40554368],[date=07-Jun-2026]
08:11:17 OUT: "simulink" jaibeer@LAB-WS-18
10:08:17 (MLM) CHECKIN: [feature=simulink],[user=jaibeer],[host=LAB-WS-18],[pid=4368],[date=07-Jun-2026]
10:08:17 IN: "simulink" jaibeer@LAB-WS-18
08:47:30 (MLM) CHECKOUT: [feature=simulink_control_design],[user=amit_ad],[host=RDP-LAB],[pid=4369],[license_number=40554369],[date=07-Jun-2026]
09:07:30 (MLM) CHECKIN: [feature=simulink_control_design],[user=amit_ad],[host=RDP-LAB],[pid=4369],[date=07-Jun-2026]
09:07:30 IN: "simulink_control_design" amit_ad@RDP-LAB
15:54:44 (MLM) CHECKOUT: [feature=control_toolbox],[user=vinay],[host=RDP-LAB],[pid=4370],[license_number=40554370],[date=07-Jun-2026]
15:54:44 OUT: "control_toolbox" vinay@RDP-LAB
17:07:44 (MLM) CHECKIN: [feature=control_toolbox],[user=vinay],[host=RDP-LAB],[pid=4370],[date=07-Jun-2026]
17:07:44 IN: "control_toolbox" vinay@RDP-LAB
13:17:46 (MLM) CHECKOUT: [feature=signal_blocks],[user=efcs],[host=ECSG-HP-07],[pid=4371],[license_number=40554371],[date=07-Jun-2026]
13:17:46 OUT: "signal_blocks" efcs@ECSG-HP-07
14:20:46 (MLM) CHECKIN: [feature=signal_blocks],[user=efcs],[host=ECSG-HP-07],[pid=4371],[date=07-Jun-2026]
14:20:46 IN: "signal_blocks" efcs@ECSG-HP-07
16:55:23 (MLM) CHECKOUT: [feature=signal_blocks],[user=amit_ad],[host=ECSG-HP-07],[pid=4372],[license_number=40554372],[date=07-Jun-2026]
17:50:23 (MLM) CHECKIN: [feature=signal_blocks],[user=amit_ad],[host=ECSG-HP-07],[pid=4372],[date=07-Jun-2026]
17:50:23 IN: "signal_blocks" amit_ad@ECSG-HP-07
16:56:36 (MLM) CHECKOUT: [feature=MATLAB],[user=vinay],[host=ECSG-HP-07],[pid=4373],[license_number=40554373],[date=07-Jun-2026]
16:56:36 OUT: "MATLAB" vinay@ECSG-HP-07
18:02:36 (MLM) CHECKIN: [feature=MATLAB],[user=vinay],[host=ECSG-HP-07],[pid=4373],[date=07-Jun-2026]
13:45:12 (MLM) CHECKOUT: [feature=MATLAB],[user=sudhakr_kunnur],[host=ECSG-HP-07],[pid=4374],[license_number=40554374],[date=07-Jun-2026]
13:45:12 OUT: "MATLAB" sudhakr_kunnur@ECSG-HP-07
16:09:12 (MLM) CHECKIN: [feature=MATLAB],[user=sudhakr_kunnur],[host=ECSG-HP-07],[pid=4374],[date=07-Jun-2026]
16:09:12 IN: "MATLAB" sudhakr_kunnur@ECSG-HP-07
15:38:28 (MLM) CHECKOUT: [feature=MATLAB],[user=amit_ad],[host=ECSG-HP-10],[pid=4375],[license_number=40554375],[date=07-Jun-2026]
15:38:28 OUT: "MATLAB" amit_ad@ECSG-HP-10
18:23:28 (MLM) CHECKIN: [feature=MATLAB],[user=amit_ad],[host=ECSG-HP-10],[pid=4375],[date=07-Jun-2026]
18:23:28 IN: "MATLAB" amit_ad@ECSG-HP-10
09:18:01 (MLM) CHECKOUT: [feature=signal_blocks],[user=k_brahmiah],[host=RDP-LAB],[pid=4376],[license_number=40554376],[date=07-Jun-2026]
09:18:01 OUT: "signal_blocks" k_brahmiah@RDP-LAB
11:59:01 (MLM) CHECKIN: [feature=signal_blocks],[user=k_brahmiah],[host=RDP-LAB],[pid=4376],[date=07-Jun-2026]
11:17:41 (MLM) CHECKOUT: [feature=simulink_control_design],[user=sudhakr_kunnur],[host=DO5P-PC-222],[pid=4377],[license_number=40554377],[date=07-Jun-2026]
11:17:41 OUT: "simulink_control_design" sudhakr_kunnur@DO5P-PC-222
11:18:41 (MLM) DENIED: "simulink_control_design" sudhakr_kunnur@DO5P-PC-222
13:33:41 (MLM) CHECKIN: [feature=simulink_control_design],[user=sudhakr_kunnur],[host=DO5P-PC-222],[pid=4377],[date=07-Jun-2026]
11:16:38 (MLM) CHECKOUT: [feature=aerospace_toolbox],[user=jaibeer],[host=LAB-WS-18],[pid=4378],[license_number=40554378],[date=07-Jun-2026]
14:15:38 (MLM) CHECKIN: [feature=aerospace_toolbox],[user=jaibeer],[host=LAB-WS-18],[pid=4378],[date=07-Jun-2026]
14:15:38 IN: "aerospace_toolbox" jaibeer@LAB-WS-18
11:29:19 (MLM) CHECKOUT: [feature=simulink],[user=amit_ad],[host=RDP-LAB],[pid=4379],[license_number=40554379],[date=07-Jun-2026]
11:29:19 OUT: "simulink" amit_ad@RDP-LAB
13:25:19 (MLM) CHECKIN: [feature=simulink],[user=amit_ad],[host=RDP-LAB],[pid=4379],[date=07-Jun-2026]
13:25:19 IN: "simulink" amit_ad@RDP-LAB
17:38:18 (MLM) CHECKOUT: [feature=simulink],[user=abhishek],[host=RDP-LAB],[pid=4380],[license_number=40554380],[date=07-Jun-2026]
17:38:18 OUT: "simulink" abhishek@RDP-LAB
18:09:18 (MLM) CHECKIN: [feature=simulink],[user=abhishek],[host=RDP-LAB],[pid=4380],[date=07-Jun-2026]
18:09:18 IN: "simulink" abhishek@RDP-LAB
12:41:45 (MLM) CHECKOUT: [feature=map_toolbox],[user=sudhakr_kunnur],[host=RDP-LAB],[pid=4381],[license_number=40554381],[date=07-Jun-2026]
13:44:45 (MLM) CHECKIN: [feature=map_toolbox],[user=sudhakr_kunnur],[host=RDP-LAB],[pid=4381],[date=07-Jun-2026]
13:44:45 IN: "map_toolbox" sudhakr_kunnur@RDP-LAB
17:25:42 (MLM) CHECKOUT: [feature=aerospace_toolbox],[user=vinay],[host=ECSG-HP-10],[pid=4382],[license_number=40554382],[date=07-Jun-2026]
17:25:42 OUT: "aerospace_toolbox" vinay@ECSG-HP-10
17:46:42 (MLM) CHECKIN: [feature=aerospace_toolbox],[user=vinay],[host=ECSG-HP-10],[pid=4382],[date=07-Jun-2026]
17:46:42 IN: "aerospace_toolbox" vinay@ECSG-HP-10
14:24:47 (MLM) CHECKOUT: [feature=map_toolbox],[user=efcs],[host=RDP-LAB],[pid=4383],[license_number=40554383],[date=07-Jun-2026]
14:24:47 OUT: "map_toolbox" efcs@RDP-LAB
17:05:47 (MLM) CHECKIN: [feature=map_toolbox],[user=efcs],[host=RDP-LAB],[pid=4383],[date=07-Jun-2026]
15:58:42 (MLM) CHECKOUT: [feature=simulink_control_design],[user=k_brahmiah],[host=DO5P-PC-222],[pid=4384],[license_number=40554384],[date=07-Jun-2026]
15:58:42 OUT: "simulink_control_design" k_brahmiah@DO5P-PC-222
16:56:42 (MLM) CHECKIN: [feature=simulink_control_design],[user=k_brahmiah],[host=DO5P-PC-222],[pid=4384],[date=07-Jun-2026]
15:08:47 (MLM) CHECKOUT: [feature=control_toolbox],[user=amit_ad],[host=DO5P-PC-222],[pid=4385],[license_number=40554385],[date=07-Jun-2026]
15:08:47 OUT: "control_toolbox" amit_ad@DO5P-PC-222
16:09:47 (MLM) CHECKIN: [feature=control_toolbox],[user=amit_ad],[host=DO5P-PC-222],[pid=4385],[date=07-Jun-2026]
11:47:55 (MLM) CHECKOUT: [feature=MATLAB],[user=amit_ad],[host=ECSG-HP-10],[pid=4386],[license_number=40554386],[date=07-Jun-2026]
11:47:55 OUT: "MATLAB" amit_ad@ECSG-HP-10
13:26:55 (MLM) CHECKIN: [feature=MATLAB],[user=amit_ad],[host=ECSG-HP-10],[pid=4386],[date=07-Jun-2026]
13:26:55 IN: "MATLAB" amit_ad@ECSG-HP-10
15:03:55 (MLM) CHECKOUT: [feature=aerospace_blockset],[user=rahul],[host=ECSG-HP-07],[pid=4387],[license_number=40554387],[date=07-Jun-2026]
15:03:55 OUT: "aerospace_blockset" rahul@ECSG-HP-07
17:56:55 (MLM) CHECKIN: [feature=aerospace_blockset],[user=rahul],[host=ECSG-HP-07],[pid=4387],[date=07-Jun-2026]
17:56:55 IN: "aerospace_blockset" rahul@ECSG-HP-07
14:33:19 (MLM) CHECKOUT: [feature=MATLAB],[user=amit_ad],[host=LAB-WS-18],[pid=4388],[license_number=40554388],[date=07-Jun-2026]
14:33:19 OUT: "MATLAB" amit_ad@LAB-WS-18
15:26:19 (MLM) CHECKIN: [feature=MATLAB],[user=amit_ad],[host=LAB-WS-18],[pid=4388],[date=07-Jun-2026]
15:26:19 IN: "MATLAB" amit_ad@LAB-WS-18
15:09:20 (MLM) CHECKOUT: [feature=distri_computing_toolbox],[user=sudhakr_kunnur],[host=ECSG-HP-07],[pid=4389],[license_number=40554389],[date=07-Jun-2026]
15:44:20 (MLM) CHECKIN: [feature=distri_computing_toolbox],[user=sudhakr_kunnur],[host=ECSG-HP-07],[pid=4389],[date=07-Jun-2026]
15:44:20 IN: "distri_computing_toolbox" sudhakr_kunnur@ECSG-HP-07
08:00:28 (MLM) CHECKOUT: [feature=control_toolbox],[user=jaibeer],[host=DO5P-PC-222],[pid=4390],[license_number=40554390],[date=07-Jun-2026]
08:00:28 OUT: "control_toolbox" jaibeer@DO5P-PC-222
08:58:28 (MLM) CHECKIN: [feature=control_toolbox],[user=jaibeer],[host=DO5P-PC-222],[pid=4390],[date=07-Jun-2026]
08:58:28 IN: "control_toolbox" jaibeer@DO5P-PC-222
00:00:01 (MLM) TIMESTAMP 6/8/2026
14:40:27 (MLM) CHECKOUT: [feature=MATLAB],[user=rahul],[host=ECSG-HP-10],[pid=4391],[license_number=40554391],[date=08-Jun-2026]
14:40:27 OUT: "MATLAB" rahul@ECSG-HP-10
16:33:27 (MLM) CHECKIN: [feature=MATLAB],[user=rahul],[host=ECSG-HP-10],[pid=4391],[date=08-Jun-2026]
16:33:27 IN: "MATLAB" rahul@ECSG-HP-10
13:48:53 (MLM) CHECKOUT: [feature=distri_computing_toolbox],[user=rahul],[host=RDP-LAB],[pid=4392],[license_number=40554392],[date=08-Jun-2026]
13:48:53 OUT: "distri_computing_toolbox" rahul@RDP-LAB
13:49:53 (MLM) DENIED: "distri_computing_toolbox" rahul@RDP-LAB
16:43:53 (MLM) CHECKIN: [feature=distri_computing_toolbox],[user=rahul],[host=RDP-LAB],[pid=4392],[date=08-Jun-2026]
09:24:32 (MLM) CHECKOUT: [feature=control_toolbox],[user=sudhakr_kunnur],[host=RDP-LAB],[pid=4393],[license_number=40554393],[date=08-Jun-2026]
09:24:32 OUT: "control_toolbox" sudhakr_kunnur@RDP-LAB
09:50:32 (MLM) CHECKIN: [feature=control_toolbox],[user=sudhakr_kunnur],[host=RDP-LAB],[pid=4393],[date=08-Jun-2026]
09:50:32 IN: "control_toolbox" sudhakr_kunnur@RDP-LAB
13:27:56 (MLM) CHECKOUT: [feature=simulink],[user=sudhakr_kunnur],[host=LAB-WS-18],[pid=4394],[license_number=40554394],[date=08-Jun-2026]
13:27:56 OUT: "simulink" sudhakr_kunnur@LAB-WS-18
15:47:56 (MLM) CHECKIN: [feature=simulink],[user=sudhakr_kunnur],[host=LAB-WS-18],[pid=4394],[date=08-Jun-2026]
15:47:56 IN: "simulink" sudhakr_kunnur@LAB-WS-18
11:46:08 (MLM) CHECKOUT: [feature=MATLAB],[user=sudhakr_kunnur],[host=ECSG-HP-07],[pid=4395],[license_number=40554395],[date=08-Jun-2026]
11:46:08 OUT: "MATLAB" sudhakr_kunnur@ECSG-HP-07
12:03:08 (MLM) DENIED: "MATLAB" sudhakr_kunnur@ECSG-HP-07
12:44:08 (MLM) CHECKIN: [feature=MATLAB],[user=sudhakr_kunnur],[host=ECSG-HP-07],[pid=4395],[date=08-Jun-2026]
12:44:08 IN: "MATLAB" sudhakr_kunnur@ECSG-HP-07
12:49:34 (MLM) CHECKOUT: [feature=signal_toolbox],[user=vinay],[host=ECSG-HP-10],[pid=4396],[license_number=40554396],[date=08-Jun-2026]
12:49:34 OUT: "signal_toolbox" vinay@ECSG-HP-10
13:16:34 (MLM) CHECKIN: [feature=signal_toolbox],[user=vinay],[host=ECSG-HP-10],[pid=4396],[date=08-Jun-2026]
13:16:34 IN: "signal_toolbox" vinay@ECSG-HP-10
09:26:28 (MLM) CHECKOUT: [feature=MATLAB],[user=jaibeer],[host=ECSG-HP-10],[pid=4397],[license_number=40554397],[date=08-Jun-2026]
09:26:28 OUT: "MATLAB" jaibeer@ECSG-HP-10
11:42:28 (MLM) CHECKIN: [feature=MATLAB],[user=jaibeer],[host=ECSG-HP-10],[pid=4397],[date=08-Jun-2026]
09:42:33 (MLM) CHECKOUT: [feature=control_toolbox],[user=sudhakr_kunnur],[host=ECSG-HP-10],[pid=4398],[license_number=40554398],[date=08-Jun-2026]
09:42:33 OUT: "control_toolbox" sudhakr_kunnur@ECSG-HP-10
10:32:33 (MLM) CHECKIN: [feature=control_toolbox],[user=sudhakr_kunnur],[host=ECSG-HP-10],[pid=4398],[date=08-Jun-2026]
10:32:33 IN: "control_toolbox" sudhakr_kunnur@ECSG-HP-10
09:18:07 (MLM) CHECKOUT: [feature=signal_blocks],[user=amit_ad],[host=LAB-WS-18],[pid=4399],[license_number=40554399],[date=08-Jun-2026]
12:08:07 (MLM) CHECKIN: [feature=signal_blocks],[user=amit_ad],[host=LAB-WS-18],[pid=4399],[date=08-Jun-2026]
12:08:07 IN: "signal_blocks" amit_ad@LAB-WS-18
13:45:26 (MLM) CHECKOUT: [feature=distri_computing_toolbox],[user=sudhakr_kunnur],[host=LAB-WS-18],[pid=4400],[license_number=40554400],[date=08-Jun-2026]
13:45:26 OUT: "distri_computing_toolbox" sudhakr_kunnur@LAB-WS-18
14:01:26 (MLM) DENIED: "distri_computing_toolbox" sudhakr_kunnur@LAB-WS-18
14:53:26 (MLM) CHECKIN: [feature=distri_computing_toolbox],[user=sudhakr_kunnur],[host=LAB-WS-18],[pid=4400],[date=08-Jun-2026]
14:53:26 IN: "distri_computing_toolbox" sudhakr_kunnur@LAB-WS-18
09:58:07 (MLM) CHECKOUT: [feature=MATLAB],[user=rahul],[host=DO5P-PC-222],[pid=4401],[license_number=40554401],[date=08-Jun-2026]
10:51:07 (MLM) CHECKIN: [feature=MATLAB],[user=rahul],[host=DO5P-PC-222],[pid=4401],[date=08-Jun-2026]
09:57:16 (MLM) CHECKOUT: [feature=signal_blocks],[user=vinay],[host=ECSG-HP-10],[pid=4402],[license_number=40554402],[date=08-Jun-2026]
09:57:16 OUT: "signal_blocks" vinay@ECSG-HP-10
11:27:16 (MLM) CHECKIN: [feature=signal_blocks],[user=vinay],[host=ECSG-HP-10],[pid=4402],[date=08-Jun-2026]
11:27:16 IN: "signal_blocks" vinay@ECSG-HP-10
12:23:51 (MLM) CHECKOUT: [feature=map_toolbox],[user=abhishek],[host=DO5P-PC-222],[pid=4403],[license_number=40554403],[date=08-Jun-2026]
12:23:51 OUT: "map_toolbox" abhishek@DO5P-PC-222
13:07:51 (MLM) CHECKIN: [feature=map_toolbox],[user=abhishek],[host=DO5P-PC-222],[pid=4403],[date=08-Jun-2026]
13:07:51 IN: "map_toolbox" abhishek@DO5P-PC-222
10:42:41 (MLM) CHECKOUT: [feature=MATLAB],[user=vinay],[host=ECSG-HP-10],[pid=4404],[license_number=40554404],[date=08-Jun-2026]
10:42:41 OUT: "MATLAB" vinay@ECSG-HP-10
12:49:41 (MLM) CHECKIN: [feature=MATLAB],[user=vinay],[host=ECSG-HP-10],[pid=4404],[date=08-Jun-2026]
13:11:07 (MLM) CHECKOUT: [feature=signal_toolbox],[user=sudhakr_kunnur],[host=ECSG-HP-10],[pid=4405],[license_number=40554405],[date=08-Jun-2026]
13:11:07 OUT: "signal_toolbox" sudhakr_kunnur@ECSG-HP-10
14:35:07 (MLM) CHECKIN: [feature=signal_toolbox],[user=sudhakr_kunnur],[host=ECSG-HP-10],[pid=4405],[date=08-Jun-2026]
10:07:08 (MLM) CHECKOUT: [feature=aerospace_toolbox],[user=jaibeer],[host=ECSG-HP-07],[pid=4406],[license_number=40554406],[date=08-Jun-2026]
10:07:08 OUT: "aerospace_toolbox" jaibeer@ECSG-HP-07
10:13:08 (MLM) DENIED: "aerospace_toolbox" jaibeer@ECSG-HP-07
10:48:08 (MLM) CHECKIN: [feature=aerospace_toolbox],[user=jaibeer],[host=ECSG-HP-07],[pid=4406],[date=08-Jun-2026]
10:48:08 IN: "aerospace_toolbox" jaibeer@ECSG-HP-07
10:39:24 (MLM) CHECKOUT: [feature=simulink_control_design],[user=rahul],[host=LAB-WS-18],[pid=4407],[license_number=40554407],[date=08-Jun-2026]
11:27:24 (MLM) CHECKIN: [feature=simulink_control_design],[user=rahul],[host=LAB-WS-18],[pid=4407],[date=08-Jun-2026]
11:27:24 IN: "simulink_control_design" rahul@LAB-WS-18
09:16:41 (MLM) CHECKOUT: [feature=signal_toolbox],[user=rahul],[host=ECSG-HP-07],[pid=4408],[license_number=40554408],[date=08-Jun-2026]
09:16:41 OUT: "signal_toolbox" rahul@ECSG-HP-07
11:45:41 (MLM) CHECKIN: [feature=signal_toolbox],[user=rahul],[host=ECSG-HP-07],[pid=4408],[date=08-Jun-2026]
13:33:33 (MLM) CHECKOUT: [feature=MATLAB],[user=rahul],[host=LAB-WS-18],[pid=4409],[license_number=40554409],[date=08-Jun-2026]
13:33:33 OUT: "MATLAB" rahul@LAB-WS-18
15:38:33 (MLM) CHECKIN: [feature=MATLAB],[user=rahul],[host=LAB-WS-18],[pid=4409],[date=08-Jun-2026]
15:38:33 IN: "MATLAB" rahul@LAB-WS-18
14:09:53 (MLM) CHECKOUT: [feature=simulink_control_design],[user=sudhakr_kunnur],[host=RDP-LAB],[pid=4410],[license_number=40554410],[date=08-Jun-2026]
17:00:53 (MLM) CHECKIN: [feature=simulink_control_design],[user=sudhakr_kunnur],[host=RDP-LAB],[pid=4410],[date=08-Jun-2026]
17:00:53 IN: "simulink_control_design" sudhakr_kunnur@RDP-LAB
15:54:31 (MLM) CHECKOUT: [feature=simulink],[user=jaibeer],[host=DO5P-PC-222],[pid=4411],[license_number=40554411],[date=08-Jun-2026]
16:10:31 (MLM) DENIED: "simulink" jaibeer@DO5P-PC-222
17:31:31 (MLM) CHECKIN: [feature=simulink],[user=jaibeer],[host=DO5P-PC-222],[pid=4411],[date=08-Jun-2026]
17:31:31 IN: "simulink" jaibeer@DO5P-PC-222
16:41:24 (MLM) CHECKOUT: [feature=simulink],[user=efcs],[host=ECSG-HP-10],[pid=4412],[license_number=40554412],[date=08-Jun-2026]
16:41:24 OUT: "simulink" efcs@ECSG-HP-10
18:53:24 (MLM) CHECKIN: [feature=simulink],[user=efcs],[host=ECSG-HP-10],[pid=4412],[date=08-Jun-2026]
18:53:24 IN: "simulink" efcs@ECSG-HP-10
15:20:07 (MLM) CHECKOUT: [feature=aerospace_blockset],[user=rahul],[host=ECSG-HP-10],[pid=4413],[license_number=40554413],[date=08-Jun-2026]
15:39:07 (MLM) CHECKIN: [feature=aerospace_blockset],[user=rahul],[host=ECSG-HP-10],[pid=4413],[date=08-Jun-2026]
15:39:07 IN: "aerospace_blockset" rahul@ECSG-HP-10
00:00:01 (MLM) TIMESTAMP 6/9/2026
09:50:38 (MLM) CHECKOUT: [feature=MATLAB],[user=abhishek],[host=LAB-WS-18],[pid=4414],[license_number=40554414],[date=09-Jun-2026]
12:15:38 (MLM) CHECKIN: [feature=MATLAB],[user=abhishek],[host=LAB-WS-18],[pid=4414],[date=09-Jun-2026]
12:15:38 IN: "MATLAB" abhishek@LAB-WS-18
13:52:03 (MLM) CHECKOUT: [feature=distri_computing_toolbox],[user=jaibeer],[host=ECSG-HP-07],[pid=4415],[license_number=40554415],[date=09-Jun-2026]
15:31:03 (MLM) CHECKIN: [feature=distri_computing_toolbox],[user=jaibeer],[host=ECSG-HP-07],[pid=4415],[date=09-Jun-2026]
15:31:03 IN: "distri_computing_toolbox" jaibeer@ECSG-HP-07
13:45:28 (MLM) CHECKOUT: [feature=signal_blocks],[user=jaibeer],[host=ECSG-HP-07],[pid=4416],[license_number=40554416],[date=09-Jun-2026]
13:45:28 OUT: "signal_blocks" jaibeer@ECSG-HP-07
14:56:28 (MLM) CHECKIN: [feature=signal_blocks],[user=jaibeer],[host=ECSG-HP-07],[pid=4416],[date=09-Jun-2026]
14:56:28 IN: "signal_blocks" jaibeer@ECSG-HP-07
13:44:06 (MLM) CHECKOUT: [feature=simulink],[user=k_brahmiah],[host=RDP-LAB],[pid=4417],[license_number=40554417],[date=09-Jun-2026]
13:44:06 OUT: "simulink" k_brahmiah@RDP-LAB
14:34:06 (MLM) CHECKIN: [feature=simulink],[user=k_brahmiah],[host=RDP-LAB],[pid=4417],[date=09-Jun-2026]
17:12:12 (MLM) CHECKOUT: [feature=MATLAB],[user=vinay],[host=ECSG-HP-07],[pid=4418],[license_number=40554418],[date=09-Jun-2026]
17:12:12 OUT: "MATLAB" vinay@ECSG-HP-07
18:22:12 (MLM) CHECKIN: [feature=MATLAB],[user=vinay],[host=ECSG-HP-07],[pid=4418],[date=09-Jun-2026]
18:22:12 IN: "MATLAB" vinay@ECSG-HP-07
14:02:59 (MLM) CHECKOUT: [feature=MATLAB],[user=vinay],[host=RDP-LAB],[pid=4419],[license_number=40554419],[date=09-Jun-2026]
14:02:59 OUT: "MATLAB" vinay@RDP-LAB
14:48:59 (MLM) CHECKIN: [feature=MATLAB],[user=vinay],[host=RDP-LAB],[pid=4419],[date=09-Jun-2026]
10:31:00 (MLM) CHECKOUT: [feature=distri_computing_toolbox],[user=rahul],[host=LAB-WS-18],[pid=4420],[license_number=40554420],[date=09-Jun-2026]
10:31:00 OUT: "distri_computing_toolbox" rahul@LAB-WS-18
10:45:00 (MLM) DENIED: "distri_computing_toolbox" rahul@LAB-WS-18
13:15:00 (MLM) CHECKIN: [feature=distri_computing_toolbox],[user=rahul],[host=LAB-WS-18],[pid=4420],[date=09-Jun-2026]
13:15:00 IN: "distri_computing_toolbox" rahul@LAB-WS-18
10:46:52 (MLM) CHECKOUT: [feature=simulink_control_design],[user=rahul],[host=DO5P-PC-222],[pid=4421],[license_number=40554421],[date=09-Jun-2026]
10:46:52 OUT: "simulink_control_design" rahul@DO5P-PC-222
13:34:52 (MLM) CHECKIN: [feature=simulink_control_design],[user=rahul],[host=DO5P-PC-222],[pid=4421],[date=09-Jun-2026]
13:34:52 IN: "simulink_control_design" rahul@DO5P-PC-222
17:58:44 (MLM) CHECKOUT: [feature=signal_toolbox],[user=k_brahmiah],[host=ECSG-HP-07],[pid=4422],[license_number=40554422],[date=09-Jun-2026]
19:40:44 (MLM) CHECKIN: [feature=signal_toolbox],[user=k_brahmiah],[host=ECSG-HP-07],[pid=4422],[date=09-Jun-2026]
17:44:56 (MLM) CHECKOUT: [feature=MATLAB],[user=rahul],[host=DO5P-PC-222],[pid=4423],[license_number=40554423],[date=09-Jun-2026]
20:19:56 (MLM) CHECKIN: [feature=MATLAB],[user=rahul],[host=DO5P-PC-222],[pid=4423],[date=09-Jun-2026]
11:13:39 (MLM) CHECKOUT: [feature=simulink_control_design],[user=vinay],[host=LAB-WS-18],[pid=4424],[license_number=40554424],[date=09-Jun-2026]
12:01:39 (MLM) CHECKIN: [feature=simulink_control_design],[user=vinay],[host=LAB-WS-18],[pid=4424],[date=09-Jun-2026]
13:45:07 (MLM) CHECKOUT: [feature=simulink],[user=jaibeer],[host=DO5P-PC-222],[pid=4425],[license_number=40554425],[date=09-Jun-2026]
16:29:07 (MLM) CHECKIN: [feature=simulink],[user=jaibeer],[host=DO5P-PC-222],[pid=4425],[date=09-Jun-2026]
16:29:07 IN: "simulink" jaibeer@DO5P-PC-222
16:18:56 (MLM) CHECKOUT: [feature=simulink_control_design],[user=jaibeer],[host=ECSG-HP-07],[pid=4426],[license_number=40554426],[date=09-Jun-2026]
18:46:56 (MLM) CHECKIN: [feature=simulink_control_design],[user=jaibeer],[host=ECSG-HP-07],[pid=4426],[date=09-Jun-2026]
18:46:56 IN: "simulink_control_design" jaibeer@ECSG-HP-07
11:17:48 (MLM) CHECKOUT: [feature=simulink_control_design],[user=k_brahmiah],[host=ECSG-HP-10],[pid=4427],[license_number=40554427],[date=09-Jun-2026]
12:36:48 (MLM) CHECKIN: [feature=simulink_control_design],[user=k_brahmiah],[host=ECSG-HP-10],[pid=4427],[date=09-Jun-2026]
12:36:48 IN: "simulink_control_design" k_brahmiah@ECSG-HP-10
16:02:22 (MLM) CHECKOUT: [feature=MATLAB],[user=abhishek],[host=RDP-LAB],[pid=4428],[license_number=40554428],[date=09-Jun-2026]
18:40:22 (MLM) CHECKIN: [feature=MATLAB],[user=abhishek],[host=RDP-LAB],[pid=4428],[date=09-Jun-2026]
16:50:50 (MLM) CHECKOUT: [feature=signal_toolbox],[user=vinay],[host=LAB-WS-18],[pid=4429],[license_number=40554429],[date=09-Jun-2026]
17:17:50 (MLM) CHECKIN: [feature=signal_toolbox],[user=vinay],[host=LAB-WS-18],[pid=4429],[date=09-Jun-2026]
08:00:47 (MLM) CHECKOUT: [feature=distri_computing_toolbox],[user=k_brahmiah],[host=RDP-LAB],[pid=4430],[license_number=40554430],[date=09-Jun-2026]
08:00:47 OUT: "distri_computing_toolbox" k_brahmiah@RDP-LAB
10:08:47 (MLM) CHECKIN: [feature=distri_computing_toolbox],[user=k_brahmiah],[host=RDP-LAB],[pid=4430],[date=09-Jun-2026]
16:47:38 (MLM) CHECKOUT: [feature=signal_blocks],[user=amit_ad],[host=RDP-LAB],[pid=4431],[license_number=40554431],[date=09-Jun-2026]
16:47:38 OUT: "signal_blocks" amit_ad@RDP-LAB
17:51:38 (MLM) CHECKIN: [feature=signal_blocks],[user=amit_ad],[host=RDP-LAB],[pid=4431],[date=09-Jun-2026]
17:51:38 IN: "signal_blocks" amit_ad@RDP-LAB
10:47:32 (MLM) CHECKOUT: [feature=MATLAB],[user=sudhakr_kunnur],[host=ECSG-HP-10],[pid=4432],[license_number=40554432],[date=09-Jun-2026]
10:47:32 OUT: "MATLAB" sudhakr_kunnur@ECSG-HP-10
10:56:32 (MLM) DENIED: "MATLAB" sudhakr_kunnur@ECSG-HP-10
13:24:32 (MLM) CHECKIN: [feature=MATLAB],[user=sudhakr_kunnur],[host=ECSG-HP-10],[pid=4432],[date=09-Jun-2026]
13:24:32 IN: "MATLAB" sudhakr_kunnur@ECSG-HP-10
15:45:59 (MLM) CHECKOUT: [feature=MATLAB],[user=abhishek],[host=RDP-LAB],[pid=4433],[license_number=40554433],[date=09-Jun-2026]
15:45:59 OUT: "MATLAB" abhishek@RDP-LAB
17:22:59 (MLM) CHECKIN: [feature=MATLAB],[user=abhishek],[host=RDP-LAB],[pid=4433],[date=09-Jun-2026]
17:22:59 IN: "MATLAB" abhishek@RDP-LAB
12:31:50 (MLM) CHECKOUT: [feature=aerospace_blockset],[user=vinay],[host=LAB-WS-18],[pid=4434],[license_number=40554434],[date=09-Jun-2026]
12:31:50 OUT: "aerospace_blockset" vinay@LAB-WS-18
14:07:50 (MLM) CHECKIN: [feature=aerospace_blockset],[user=vinay],[host=LAB-WS-18],[pid=4434],[date=09-Jun-2026]
14:07:50 IN: "aerospace_blockset" vinay@LAB-WS-18
16:10:26 (MLM) CHECKOUT: [feature=MATLAB],[user=efcs],[host=LAB-WS-18],[pid=4435],[license_number=40554435],[date=09-Jun-2026]
16:10:26 OUT: "MATLAB" efcs@LAB-WS-18
17:54:26 (MLM) CHECKIN: [feature=MATLAB],[user=efcs],[host=LAB-WS-18],[pid=4435],[date=09-Jun-2026]
17:54:26 IN: "MATLAB" efcs@LAB-WS-18
12:13:48 (MLM) CHECKOUT: [feature=control_toolbox],[user=sudhakr_kunnur],[host=RDP-LAB],[pid=4436],[license_number=40554436],[date=09-Jun-2026]
12:13:48 OUT: "control_toolbox" sudhakr_kunnur@RDP-LAB
14:51:48 (MLM) CHECKIN: [feature=control_toolbox],[user=sudhakr_kunnur],[host=RDP-LAB],[pid=4436],[date=09-Jun-2026]
13:28:15 (MLM) CHECKOUT: [feature=MATLAB],[user=efcs],[host=ECSG-HP-10],[pid=4437],[license_number=40554437],[date=09-Jun-2026]
16:22:15 (MLM) CHECKIN: [feature=MATLAB],[user=efcs],[host=ECSG-HP-10],[pid=4437],[date=09-Jun-2026]
16:22:15 IN: "MATLAB" efcs@ECSG-HP-10
09:24:16 (MLM) CHECKOUT: [feature=signal_toolbox],[user=abhishek],[host=RDP-LAB],[pid=4438],[license_number=40554438],[date=09-Jun-2026]
09:24:16 OUT: "signal_toolbox" abhishek@RDP-LAB
11:51:16 (MLM) CHECKIN: [feature=signal_toolbox],[user=abhishek],[host=RDP-LAB],[pid=4438],[date=09-Jun-2026]
08:18:57 (MLM) CHECKOUT: [feature=signal_toolbox],[user=k_brahmiah],[host=LAB-WS-18],[pid=4439],[license_number=40554439],[date=09-Jun-2026]
08:18:57 OUT: "signal_toolbox" k_brahmiah@LAB-WS-18
08:54:57 (MLM) CHECKIN: [feature=signal_toolbox],[user=k_brahmiah],[host=LAB-WS-18],[pid=4439],[date=09-Jun-2026]
09:13:42 (MLM) CHECKOUT: [feature=simulink],[user=sudhakr_kunnur],[host=LAB-WS-18],[pid=4440],[license_number=40554440],[date=09-Jun-2026]
09:13:42 OUT: "simulink" sudhakr_kunnur@LAB-WS-18
11:16:42 (MLM) CHECKIN: [feature=simulink],[user=sudhakr_kunnur],[host=LAB-WS-18],[pid=4440],[date=09-Jun-2026]
09:47:43 (MLM) CHECKOUT: [feature=simulink_control_design],[user=sudhakr_kunnur],[host=ECSG-HP-07],[pid=4441],[license_number=40554441],[date=09-Jun-2026]
09:47:43 OUT: "simulink_control_design" sudhakr_kunnur@ECSG-HP-07
11:26:43 (MLM) CHECKIN: [feature=simulink_control_design],[user=sudhakr_kunnur],[host=ECSG-HP-07],[pid=4441],[date=09-Jun-2026]
11:26:43 IN: "simulink_control_design" sudhakr_kunnur@ECSG-HP-07
16:04:36 (MLM) CHECKOUT: [feature=aerospace_toolbox],[user=abhishek],[host=DO5P-PC-222],[pid=4442],[license_number=40554442],[date=09-Jun-2026]
18:03:36 (MLM) CHECKIN: [feature=aerospace_toolbox],[user=abhishek],[host=DO5P-PC-222],[pid=4442],[date=09-Jun-2026]
18:03:36 IN: "aerospace_toolbox" abhishek@DO5P-PC-222
14:43:07 (MLM) CHECKOUT: [feature=control_toolbox],[user=jaibeer],[host=ECSG-HP-07],[pid=4443],[license_number=40554443],[date=09-Jun-2026]
14:43:07 OUT: "control_toolbox" jaibeer@ECSG-HP-07
17:36:07 (MLM) CHECKIN: [feature=control_toolbox],[user=jaibeer],[host=ECSG-HP-07],[pid=4443],[date=09-Jun-2026]
17:36:07 IN: "control_toolbox" jaibeer@ECSG-HP-07
09:22:59 (MLM) CHECKOUT: [feature=simulink_control_design],[user=vinay],[host=ECSG-HP-10],[pid=4444],[license_number=40554444],[date=09-Jun-2026]
09:22:59 OUT: "simulink_control_design" vinay@ECSG-HP-10
10:54:59 (MLM) CHECKIN: [feature=simulink_control_design],[user=vinay],[host=ECSG-HP-10],[pid=4444],[date=09-Jun-2026]
10:54:59 IN: "simulink_control_design" vinay@ECSG-HP-10
00:00:01 (MLM) TIMESTAMP 6/10/2026
08:30:10 (MLM) CHECKOUT: [feature=signal_toolbox],[user=vinay],[host=ECSG-HP-07],[pid=4445],[license_number=40554445],[date=10-Jun-2026]
08:30:10 OUT: "signal_toolbox" vinay@ECSG-HP-07
10:25:10 (MLM) CHECKIN: [feature=signal_toolbox],[user=vinay],[host=ECSG-HP-07],[pid=4445],[date=10-Jun-2026]
10:19:43 (MLM) CHECKOUT: [feature=distri_computing_toolbox],[user=amit_ad],[host=RDP-LAB],[pid=4446],[license_number=40554446],[date=10-Jun-2026]
13:19:43 (MLM) CHECKIN: [feature=distri_computing_toolbox],[user=amit_ad],[host=RDP-LAB],[pid=4446],[date=10-Jun-2026]
13:19:43 IN: "distri_computing_toolbox" amit_ad@RDP-LAB
10:07:02 (MLM) CHECKOUT: [feature=map_toolbox],[user=efcs],[host=LAB-WS-18],[pid=4447],[license_number=40554447],[date=10-Jun-2026]
10:07:02 OUT: "map_toolbox" efcs@LAB-WS-18
12:39:02 (MLM) CHECKIN: [feature=map_toolbox],[user=efcs],[host=LAB-WS-18],[pid=4447],[date=10-Jun-2026]
12:39:02 IN: "map_toolbox" efcs@LAB-WS-18
13:13:26 (MLM) CHECKOUT: [feature=signal_blocks],[user=abhishek],[host=DO5P-PC-222],[pid=4448],[license_number=40554448],[date=10-Jun-2026]
14:04:26 (MLM) CHECKIN: [feature=signal_blocks],[user=abhishek],[host=DO5P-PC-222],[pid=4448],[date=10-Jun-2026]
14:04:26 IN: "signal_blocks" abhishek@DO5P-PC-222
10:42:51 (MLM) CHECKOUT: [feature=MATLAB],[user=sudhakr_kunnur],[host=RDP-LAB],[pid=4449],[license_number=40554449],[date=10-Jun-2026]
10:42:51 OUT: "MATLAB" sudhakr_kunnur@RDP-LAB
11:00:51 (MLM) DENIED: "MATLAB" sudhakr_kunnur@RDP-LAB
12:55:51 (MLM) CHECKIN: [feature=MATLAB],[user=sudhakr_kunnur],[host=RDP-LAB],[pid=4449],[date=10-Jun-2026]
12:55:51 IN: "MATLAB" sudhakr_kunnur@RDP-LAB
11:46:37 (MLM) CHECKOUT: [feature=control_toolbox],[user=abhishek],[host=ECSG-HP-10],[pid=4450],[license_number=40554450],[date=10-Jun-2026]
11:46:37 OUT: "control_toolbox" abhishek@ECSG-HP-10
12:33:37 (MLM) CHECKIN: [feature=control_toolbox],[user=abhishek],[host=ECSG-HP-10],[pid=4450],[date=10-Jun-2026]
12:33:37 IN: "control_toolbox" abhishek@ECSG-HP-10
11:20:31 (MLM) CHECKOUT: [feature=simulink],[user=sudhakr_kunnur],[host=RDP-LAB],[pid=4451],[license_number=40554451],[date=10-Jun-2026]
11:20:31 OUT: "simulink" sudhakr_kunnur@RDP-LAB
12:53:31 (MLM) CHECKIN: [feature=simulink],[user=sudhakr_kunnur],[host=RDP-LAB],[pid=4451],[date=10-Jun-2026]
12:53:31 IN: "simulink" sudhakr_kunnur@RDP-LAB
13:27:10 (MLM) CHECKOUT: [feature=signal_toolbox],[user=abhishek],[host=LAB-WS-18],[pid=4452],[license_number=40554452],[date=10-Jun-2026]
13:27:10 OUT: "signal_toolbox" abhishek@LAB-WS-18
14:38:10 (MLM) CHECKIN: [feature=signal_toolbox],[user=abhishek],[host=LAB-WS-18],[pid=4452],[date=10-Jun-2026]
10:43:46 (MLM) CHECKOUT: [feature=aerospace_blockset],[user=jaibeer],[host=RDP-LAB],[pid=4453],[license_number=40554453],[date=10-Jun-2026]
10:43:46 OUT: "aerospace_blockset" jaibeer@RDP-LAB
12:52:46 (MLM) CHECKIN: [feature=aerospace_blockset],[user=jaibeer],[host=RDP-LAB],[pid=4453],[date=10-Jun-2026]
12:52:46 IN: "aerospace_blockset" jaibeer@RDP-LAB
17:05:53 (MLM) CHECKOUT: [feature=MATLAB],[user=sudhakr_kunnur],[host=LAB-WS-18],[pid=4454],[license_number=40554454],[date=10-Jun-2026]
17:05:53 OUT: "MATLAB" sudhakr_kunnur@LAB-WS-18
19:37:53 (MLM) CHECKIN: [feature=MATLAB],[user=sudhakr_kunnur],[host=LAB-WS-18],[pid=4454],[date=10-Jun-2026]
19:37:53 IN: "MATLAB" sudhakr_kunnur@LAB-WS-18
08:54:32 (MLM) CHECKOUT: [feature=signal_blocks],[user=vinay],[host=ECSG-HP-10],[pid=4455],[license_number=40554455],[date=10-Jun-2026]
08:54:32 OUT: "signal_blocks" vinay@ECSG-HP-10
11:37:32 (MLM) CHECKIN: [feature=signal_blocks],[user=vinay],[host=ECSG-HP-10],[pid=4455],[date=10-Jun-2026]
11:37:32 IN: "signal_blocks" vinay@ECSG-HP-10
16:57:34 (MLM) CHECKOUT: [feature=simulink],[user=rahul],[host=ECSG-HP-10],[pid=4456],[license_number=40554456],[date=10-Jun-2026]
16:57:34 OUT: "simulink" rahul@ECSG-HP-10
18:45:34 (MLM) CHECKIN: [feature=simulink],[user=rahul],[host=ECSG-HP-10],[pid=4456],[date=10-Jun-2026]
18:45:34 IN: "simulink" rahul@ECSG-HP-10
12:08:29 (MLM) CHECKOUT: [feature=signal_blocks],[user=amit_ad],[host=LAB-WS-18],[pid=4457],[license_number=40554457],[date=10-Jun-2026]
12:08:29 OUT: "signal_blocks" amit_ad@LAB-WS-18
13:56:29 (MLM) CHECKIN: [feature=signal_blocks],[user=amit_ad],[host=LAB-WS-18],[pid=4457],[date=10-Jun-2026]
13:56:29 IN: "signal_blocks" amit_ad@LAB-WS-18
16:08:28 (MLM) CHECKOUT: [feature=simulink_control_design],[user=jaibeer],[host=LAB-WS-18],[pid=4458],[license_number=40554458],[date=10-Jun-2026]
16:08:28 OUT: "simulink_control_design" jaibeer@LAB-WS-18
18:47:28 (MLM) CHECKIN: [feature=simulink_control_design],[user=jaibeer],[host=LAB-WS-18],[pid=4458],[date=10-Jun-2026]
18:47:28 IN: "simulink_control_design" jaibeer@LAB-WS-18
08:14:48 (MLM) CHECKOUT: [feature=polyspace_bf],[user=efcs],[host=ECSG-HP-07],[pid=4459],[license_number=40554459],[date=10-Jun-2026]
08:14:48 OUT: "polyspace_bf" efcs@ECSG-HP-07
08:26:48 (MLM) DENIED: "polyspace_bf" efcs@ECSG-HP-07
09:28:48 (MLM) CHECKIN: [feature=polyspace_bf],[user=efcs],[host=ECSG-HP-07],[pid=4459],[date=10-Jun-2026]
09:28:48 IN: "polyspace_bf" efcs@ECSG-HP-07
15:56:02 (MLM) CHECKOUT: [feature=signal_toolbox],[user=sudhakr_kunnur],[host=RDP-LAB],[pid=4460],[license_number=40554460],[date=10-Jun-2026]
15:56:02 OUT: "signal_toolbox" sudhakr_kunnur@RDP-LAB
16:37:02 (MLM) CHECKIN: [feature=signal_toolbox],[user=sudhakr_kunnur],[host=RDP-LAB],[pid=4460],[date=10-Jun-2026]
12:37:34 (MLM) CHECKOUT: [feature=aerospace_blockset],[user=rahul],[host=RDP-LAB],[pid=4461],[license_number=40554461],[date=10-Jun-2026]
12:37:34 OUT: "aerospace_blockset" rahul@RDP-LAB
14:28:34 (MLM) CHECKIN: [feature=aerospace_blockset],[user=rahul],[host=RDP-LAB],[pid=4461],[date=10-Jun-2026]
14:28:34 IN: "aerospace_blockset" rahul@RDP-LAB
14:58:14 (MLM) CHECKOUT: [feature=simulink],[user=jaibeer],[host=ECSG-HP-10],[pid=4462],[license_number=40554462],[date=10-Jun-2026]
14:58:14 OUT: "simulink" jaibeer@ECSG-HP-10
16:41:14 (MLM) CHECKIN: [feature=simulink],[user=jaibeer],[host=ECSG-HP-10],[pid=4462],[date=10-Jun-2026]
16:41:14 IN: "simulink" jaibeer@ECSG-HP-10
10:28:10 (MLM) CHECKOUT: [feature=MATLAB],[user=rahul],[host=LAB-WS-18],[pid=4463],[license_number=40554463],[date=10-Jun-2026]
10:28:10 OUT: "MATLAB" rahul@LAB-WS-18
11:54:10 (MLM) CHECKIN: [feature=MATLAB],[user=rahul],[host=LAB-WS-18],[pid=4463],[date=10-Jun-2026]
11:54:10 IN: "MATLAB" rahul@LAB-WS-18
09:42:14 (MLM) CHECKOUT: [feature=simulink],[user=sudhakr_kunnur],[host=RDP-LAB],[pid=4464],[license_number=40554464],[date=10-Jun-2026]
09:42:14 OUT: "simulink" sudhakr_kunnur@RDP-LAB
10:26:14 (MLM) CHECKIN: [feature=simulink],[user=sudhakr_kunnur],[host=RDP-LAB],[pid=4464],[date=10-Jun-2026]
10:26:14 IN: "simulink" sudhakr_kunnur@RDP-LAB
14:01:15 (MLM) CHECKOUT: [feature=simulink],[user=rahul],[host=DO5P-PC-222],[pid=4465],[license_number=40554465],[date=10-Jun-2026]
14:01:15 OUT: "simulink" rahul@DO5P-PC-222
14:57:15 (MLM) CHECKIN: [feature=simulink],[user=rahul],[host=DO5P-PC-222],[pid=4465],[date=10-Jun-2026]
14:57:15 IN: "simulink" rahul@DO5P-PC-222
10:16:59 (MLM) CHECKOUT: [feature=MATLAB],[user=rahul],[host=LAB-WS-18],[pid=4466],[license_number=40554466],[date=10-Jun-2026]
10:16:59 OUT: "MATLAB" rahul@LAB-WS-18
13:04:59 (MLM) CHECKIN: [feature=MATLAB],[user=rahul],[host=LAB-WS-18],[pid=4466],[date=10-Jun-2026]
11:28:38 (MLM) CHECKOUT: [feature=polyspace_bf],[user=jaibeer],[host=RDP-LAB],[pid=4467],[license_number=40554467],[date=10-Jun-2026]
12:26:38 (MLM) CHECKIN: [feature=polyspace_bf],[user=jaibeer],[host=RDP-LAB],[pid=4467],[date=10-Jun-2026]
12:26:38 IN: "polyspace_bf" jaibeer@RDP-LAB
10:39:42 (MLM) CHECKOUT: [feature=aerospace_toolbox],[user=k_brahmiah],[host=DO5P-PC-222],[pid=4468],[license_number=40554468],[date=10-Jun-2026]
10:39:42 OUT: "aerospace_toolbox" k_brahmiah@DO5P-PC-222
12:21:42 (MLM) CHECKIN: [feature=aerospace_toolbox],[user=k_brahmiah],[host=DO5P-PC-222],[pid=4468],[date=10-Jun-2026]
14:08:06 (MLM) CHECKOUT: [feature=MATLAB],[user=jaibeer],[host=ECSG-HP-10],[pid=4469],[license_number=40554469],[date=10-Jun-2026]
14:08:06 OUT: "MATLAB" jaibeer@ECSG-HP-10
16:32:06 (MLM) CHECKIN: [feature=MATLAB],[user=jaibeer],[host=ECSG-HP-10],[pid=4469],[date=10-Jun-2026]
16:32:06 IN: "MATLAB" jaibeer@ECSG-HP-10
15:57:39 (MLM) CHECKOUT: [feature=MATLAB],[user=vinay],[host=LAB-WS-18],[pid=4470],[license_number=40554470],[date=10-Jun-2026]
15:57:39 OUT: "MATLAB" vinay@LAB-WS-18
18:28:39 (MLM) CHECKIN: [feature=MATLAB],[user=vinay],[host=LAB-WS-18],[pid=4470],[date=10-Jun-2026]
18:28:39 IN: "MATLAB" vinay@LAB-WS-18
17:34:52 (MLM) CHECKOUT: [feature=simulink_control_design],[user=abhishek],[host=ECSG-HP-07],[pid=4471],[license_number=40554471],[date=10-Jun-2026]
17:34:52 OUT: "simulink_control_design" abhishek@ECSG-HP-07
19:39:52 (MLM) CHECKIN: [feature=simulink_control_design],[user=abhishek],[host=ECSG-HP-07],[pid=4471],[date=10-Jun-2026]
19:39:52 IN: "simulink_control_design" abhishek@ECSG-HP-07
00:00:01 (MLM) TIMESTAMP 6/11/2026
15:50:49 (MLM) CHECKOUT: [feature=signal_toolbox],[user=amit_ad],[host=LAB-WS-18],[pid=4472],[license_number=40554472],[date=11-Jun-2026]
15:50:49 OUT: "signal_toolbox" amit_ad@LAB-WS-18
18:32:49 (MLM) CHECKIN: [feature=signal_toolbox],[user=amit_ad],[host=LAB-WS-18],[pid=4472],[date=11-Jun-2026]
18:32:49 IN: "signal_toolbox" amit_ad@LAB-WS-18
09:18:38 (MLM) CHECKOUT: [feature=signal_blocks],[user=abhishek],[host=ECSG-HP-07],[pid=4473],[license_number=40554473],[date=11-Jun-2026]
10:21:38 (MLM) CHECKIN: [feature=signal_blocks],[user=abhishek],[host=ECSG-HP-07],[pid=4473],[date=11-Jun-2026]
10:21:38 IN: "signal_blocks" abhishek@ECSG-HP-07
09:33:00 (MLM) CHECKOUT: [feature=simulink],[user=vinay],[host=ECSG-HP-10],[pid=4474],[license_number=40554474],[date=11-Jun-2026]
09:33:00 OUT: "simulink" vinay@ECSG-HP-10
11:08:00 (MLM) CHECKIN: [feature=simulink],[user=vinay],[host=ECSG-HP-10],[pid=4474],[date=11-Jun-2026]
11:08:00 IN: "simulink" vinay@ECSG-HP-10
12:16:54 (MLM) CHECKOUT: [feature=simulink_control_design],[user=abhishek],[host=ECSG-HP-07],[pid=4475],[license_number=40554475],[date=11-Jun-2026]
12:16:54 OUT: "simulink_control_design" abhishek@ECSG-HP-07
15:07:54 (MLM) CHECKIN: [feature=simulink_control_design],[user=abhishek],[host=ECSG-HP-07],[pid=4475],[date=11-Jun-2026]
15:07:54 IN: "simulink_control_design" abhishek@ECSG-HP-07
16:30:11 (MLM) CHECKOUT: [feature=signal_toolbox],[user=jaibeer],[host=DO5P-PC-222],[pid=4476],[license_number=40554476],[date=11-Jun-2026]
16:30:11 OUT: "signal_toolbox" jaibeer@DO5P-PC-222
17:49:11 (MLM) CHECKIN: [feature=signal_toolbox],[user=jaibeer],[host=DO5P-PC-222],[pid=4476],[date=11-Jun-2026]
09:47:14 (MLM) CHECKOUT: [feature=signal_blocks],[user=rahul],[host=ECSG-HP-07],[pid=4477],[license_number=40554477],[date=11-Jun-2026]
09:47:14 OUT: "signal_blocks" rahul@ECSG-HP-07
10:43:14 (MLM) CHECKIN: [feature=signal_blocks],[user=rahul],[host=ECSG-HP-07],[pid=4477],[date=11-Jun-2026]
10:43:14 IN: "signal_blocks" rahul@ECSG-HP-07
17:44:43 (MLM) CHECKOUT: [feature=aerospace_toolbox],[user=rahul],[host=RDP-LAB],[pid=4478],[license_number=40554478],[date=11-Jun-2026]
20:41:43 (MLM) CHECKIN: [feature=aerospace_toolbox],[user=rahul],[host=RDP-LAB],[pid=4478],[date=11-Jun-2026]
20:41:43 IN: "aerospace_toolbox" rahul@RDP-LAB
17:27:05 (MLM) CHECKOUT: [feature=simulink],[user=abhishek],[host=DO5P-PC-222],[pid=4479],[license_number=40554479],[date=11-Jun-2026]
17:27:05 OUT: "simulink" abhishek@DO5P-PC-222
18:02:05 (MLM) CHECKIN: [feature=simulink],[user=abhishek],[host=DO5P-PC-222],[pid=4479],[date=11-Jun-2026]
18:02:05 IN: "simulink" abhishek@DO5P-PC-222
16:18:45 (MLM) CHECKOUT: [feature=simulink],[user=vinay],[host=ECSG-HP-07],[pid=4480],[license_number=40554480],[date=11-Jun-2026]
16:24:45 (MLM) DENIED: "simulink" vinay@ECSG-HP-07
19:16:45 (MLM) CHECKIN: [feature=simulink],[user=vinay],[host=ECSG-HP-07],[pid=4480],[date=11-Jun-2026]
19:16:45 IN: "simulink" vinay@ECSG-HP-07
08:50:38 (MLM) CHECKOUT: [feature=control_toolbox],[user=abhishek],[host=LAB-WS-18],[pid=4481],[license_number=40554481],[date=11-Jun-2026]
08:50:38 OUT: "control_toolbox" abhishek@LAB-WS-18
11:42:38 (MLM) CHECKIN: [feature=control_toolbox],[user=abhishek],[host=LAB-WS-18],[pid=4481],[date=11-Jun-2026]
11:42:38 IN: "control_toolbox" abhishek@LAB-WS-18
10:05:17 (MLM) CHECKOUT: [feature=simulink_control_design],[user=abhishek],[host=DO5P-PC-222],[pid=4482],[license_number=40554482],[date=11-Jun-2026]
12:01:17 (MLM) CHECKIN: [feature=simulink_control_design],[user=abhishek],[host=DO5P-PC-222],[pid=4482],[date=11-Jun-2026]
12:01:17 IN: "simulink_control_design" abhishek@DO5P-PC-222
09:58:05 (MLM) CHECKOUT: [feature=signal_blocks],[user=sudhakr_kunnur],[host=ECSG-HP-10],[pid=4483],[license_number=40554483],[date=11-Jun-2026]
09:58:05 OUT: "signal_blocks" sudhakr_kunnur@ECSG-HP-10
12:36:05 (MLM) CHECKIN: [feature=signal_blocks],[user=sudhakr_kunnur],[host=ECSG-HP-10],[pid=4483],[date=11-Jun-2026]
11:29:59 (MLM) CHECKOUT: [feature=MATLAB],[user=k_brahmiah],[host=RDP-LAB],[pid=4484],[license_number=40554484],[date=11-Jun-2026]
11:29:59 OUT: "MATLAB" k_brahmiah@RDP-LAB
11:35:59 (MLM) DENIED: "MATLAB" k_brahmiah@RDP-LAB
13:28:59 (MLM) CHECKIN: [feature=MATLAB],[user=k_brahmiah],[host=RDP-LAB],[pid=4484],[date=11-Jun-2026]
13:28:59 IN: "MATLAB" k_brahmiah@RDP-LAB
09:51:32 (MLM) CHECKOUT: [feature=control_toolbox],[user=rahul],[host=LAB-WS-18],[pid=4485],[license_number=40554485],[date=11-Jun-2026]
12:33:32 (MLM) CHECKIN: [feature=control_toolbox],[user=rahul],[host=LAB-WS-18],[pid=4485],[date=11-Jun-2026]
12:33:32 IN: "control_toolbox" rahul@LAB-WS-18
11:48:21 (MLM) CHECKOUT: [feature=simulink],[user=k_brahmiah],[host=ECSG-HP-07],[pid=4486],[license_number=40554486],[date=11-Jun-2026]
14:00:21 (MLM) CHECKIN: [feature=simulink],[user=k_brahmiah],[host=ECSG-HP-07],[pid=4486],[date=11-Jun-2026]
09:24:40 (MLM) CHECKOUT: [feature=MATLAB],[user=amit_ad],[host=ECSG-HP-07],[pid=4487],[license_number=40554487],[date=11-Jun-2026]
10:37:40 (MLM) CHECKIN: [feature=MATLAB],[user=amit_ad],[host=ECSG-HP-07],[pid=4487],[date=11-Jun-2026]
08:44:53 (MLM) CHECKOUT: [feature=simulink],[user=k_brahmiah],[host=RDP-LAB],[pid=4488],[license_number=40554488],[date=11-Jun-2026]
08:44:53 OUT: "simulink" k_brahmiah@RDP-LAB
10:41:53 (MLM) CHECKIN: [feature=simulink],[user=k_brahmiah],[host=RDP-LAB],[pid=4488],[date=11-Jun-2026]
10:41:53 IN: "simulink" k_brahmiah@RDP-LAB
10:30:20 (MLM) CHECKOUT: [feature=simulink],[user=vinay],[host=ECSG-HP-10],[pid=4489],[license_number=40554489],[date=11-Jun-2026]
10:30:20 OUT: "simulink" vinay@ECSG-HP-10
11:53:20 (MLM) CHECKIN: [feature=simulink],[user=vinay],[host=ECSG-HP-10],[pid=4489],[date=11-Jun-2026]
11:53:20 IN: "simulink" vinay@ECSG-HP-10
11:15:47 (MLM) CHECKOUT: [feature=simulink],[user=vinay],[host=DO5P-PC-222],[pid=4490],[license_number=40554490],[date=11-Jun-2026]
11:15:47 OUT: "simulink" vinay@DO5P-PC-222
12:28:47 (MLM) CHECKIN: [feature=simulink],[user=vinay],[host=DO5P-PC-222],[pid=4490],[date=11-Jun-2026]
12:28:47 IN: "simulink" vinay@DO5P-PC-222
09:07:58 (MLM) CHECKOUT: [feature=signal_toolbox],[user=sudhakr_kunnur],[host=LAB-WS-18],[pid=4491],[license_number=40554491],[date=11-Jun-2026]
09:07:58 OUT: "signal_toolbox" sudhakr_kunnur@LAB-WS-18
11:28:58 (MLM) CHECKIN: [feature=signal_toolbox],[user=sudhakr_kunnur],[host=LAB-WS-18],[pid=4491],[date=11-Jun-2026]
11:28:58 IN: "signal_toolbox" sudhakr_kunnur@LAB-WS-18
15:23:39 (MLM) CHECKOUT: [feature=distri_computing_toolbox],[user=vinay],[host=LAB-WS-18],[pid=4492],[license_number=40554492],[date=11-Jun-2026]
15:23:39 OUT: "distri_computing_toolbox" vinay@LAB-WS-18
18:05:39 (MLM) CHECKIN: [feature=distri_computing_toolbox],[user=vinay],[host=LAB-WS-18],[pid=4492],[date=11-Jun-2026]
11:48:36 (MLM) CHECKOUT: [feature=control_toolbox],[user=rahul],[host=LAB-WS-18],[pid=4493],[license_number=40554493],[date=11-Jun-2026]
11:48:36 OUT: "control_toolbox" rahul@LAB-WS-18
13:51:36 (MLM) CHECKIN: [feature=control_toolbox],[user=rahul],[host=LAB-WS-18],[pid=4493],[date=11-Jun-2026]
13:51:36 IN: "control_toolbox" rahul@LAB-WS-18
10:29:07 (MLM) CHECKOUT: [feature=control_toolbox],[user=rahul],[host=LAB-WS-18],[pid=4494],[license_number=40554494],[date=11-Jun-2026]
10:29:07 OUT: "control_toolbox" rahul@LAB-WS-18
10:46:07 (MLM) CHECKIN: [feature=control_toolbox],[user=rahul],[host=LAB-WS-18],[pid=4494],[date=11-Jun-2026]
10:46:07 IN: "control_toolbox" rahul@LAB-WS-18
13:39:55 (MLM) CHECKOUT: [feature=MATLAB],[user=sudhakr_kunnur],[host=LAB-WS-18],[pid=4495],[license_number=40554495],[date=11-Jun-2026]
13:39:55 OUT: "MATLAB" sudhakr_kunnur@LAB-WS-18
14:54:55 (MLM) CHECKIN: [feature=MATLAB],[user=sudhakr_kunnur],[host=LAB-WS-18],[pid=4495],[date=11-Jun-2026]
14:54:55 IN: "MATLAB" sudhakr_kunnur@LAB-WS-18
15:27:13 (MLM) CHECKOUT: [feature=signal_toolbox],[user=efcs],[host=RDP-LAB],[pid=4496],[license_number=40554496],[date=11-Jun-2026]
15:27:13 OUT: "signal_toolbox" efcs@RDP-LAB
17:15:13 (MLM) CHECKIN: [feature=signal_toolbox],[user=efcs],[host=RDP-LAB],[pid=4496],[date=11-Jun-2026]
17:43:14 (MLM) CHECKOUT: [feature=simulink],[user=sudhakr_kunnur],[host=DO5P-PC-222],[pid=4497],[license_number=40554497],[date=11-Jun-2026]
18:58:14 (MLM) CHECKIN: [feature=simulink],[user=sudhakr_kunnur],[host=DO5P-PC-222],[pid=4497],[date=11-Jun-2026]
18:58:14 IN: "simulink" sudhakr_kunnur@DO5P-PC-222
10:30:51 (MLM) CHECKOUT: [feature=MATLAB],[user=amit_ad],[host=DO5P-PC-222],[pid=4498],[license_number=40554498],[date=11-Jun-2026]
10:30:51 OUT: "MATLAB" amit_ad@DO5P-PC-222
11:19:51 (MLM) CHECKIN: [feature=MATLAB],[user=amit_ad],[host=DO5P-PC-222],[pid=4498],[date=11-Jun-2026]
13:50:31 (MLM) CHECKOUT: [feature=simulink],[user=amit_ad],[host=LAB-WS-18],[pid=4499],[license_number=40554499],[date=11-Jun-2026]
13:50:31 OUT: "simulink" amit_ad@LAB-WS-18
16:30:31 (MLM) CHECKIN: [feature=simulink],[user=amit_ad],[host=LAB-WS-18],[pid=4499],[date=11-Jun-2026]
16:30:31 IN: "simulink" amit_ad@LAB-WS-18
12:30:53 (MLM) CHECKOUT: [feature=MATLAB],[user=abhishek],[host=DO5P-PC-222],[pid=4500],[license_number=40554500],[date=11-Jun-2026]
12:30:53 OUT: "MATLAB" abhishek@DO5P-PC-222
14:10:53 (MLM) CHECKIN: [feature=MATLAB],[user=abhishek],[host=DO5P-PC-222],[pid=4500],[date=11-Jun-2026]
14:10:53 IN: "MATLAB" abhishek@DO5P-PC-222
00:00:01 (MLM) TIMESTAMP 6/12/2026
14:07:22 (MLM) CHECKOUT: [feature=control_toolbox],[user=rahul],[host=RDP-LAB],[pid=4501],[license_number=40554501],[date=12-Jun-2026]
15:12:22 (MLM) CHECKIN: [feature=control_toolbox],[user=rahul],[host=RDP-LAB],[pid=4501],[date=12-Jun-2026]
15:12:22 IN: "control_toolbox" rahul@RDP-LAB
12:22:20 (MLM) CHECKOUT: [feature=MATLAB],[user=jaibeer],[host=LAB-WS-18],[pid=4502],[license_number=40554502],[date=12-Jun-2026]
12:22:20 OUT: "MATLAB" jaibeer@LAB-WS-18
14:31:20 (MLM) CHECKIN: [feature=MATLAB],[user=jaibeer],[host=LAB-WS-18],[pid=4502],[date=12-Jun-2026]
10:55:10 (MLM) CHECKOUT: [feature=simulink],[user=k_brahmiah],[host=RDP-LAB],[pid=4503],[license_number=40554503],[date=12-Jun-2026]
10:55:10 OUT: "simulink" k_brahmiah@RDP-LAB
12:57:10 (MLM) CHECKIN: [feature=simulink],[user=k_brahmiah],[host=RDP-LAB],[pid=4503],[date=12-Jun-2026]
12:57:10 IN: "simulink" k_brahmiah@RDP-LAB
13:14:20 (MLM) CHECKOUT: [feature=MATLAB],[user=rahul],[host=ECSG-HP-10],[pid=4504],[license_number=40554504],[date=12-Jun-2026]
13:14:20 OUT: "MATLAB" rahul@ECSG-HP-10
14:37:20 (MLM) CHECKIN: [feature=MATLAB],[user=rahul],[host=ECSG-HP-10],[pid=4504],[date=12-Jun-2026]
14:37:20 IN: "MATLAB" rahul@ECSG-HP-10
13:47:37 (MLM) CHECKOUT: [feature=aerospace_toolbox],[user=k_brahmiah],[host=ECSG-HP-07],[pid=4505],[license_number=40554505],[date=12-Jun-2026]
13:47:37 OUT: "aerospace_toolbox" k_brahmiah@ECSG-HP-07
14:44:37 (MLM) CHECKIN: [feature=aerospace_toolbox],[user=k_brahmiah],[host=ECSG-HP-07],[pid=4505],[date=12-Jun-2026]
14:44:37 IN: "aerospace_toolbox" k_brahmiah@ECSG-HP-07
09:13:10 (MLM) CHECKOUT: [feature=simulink_control_design],[user=abhishek],[host=DO5P-PC-222],[pid=4506],[license_number=40554506],[date=12-Jun-2026]
09:13:10 OUT: "simulink_control_design" abhishek@DO5P-PC-222
11:29:10 (MLM) CHECKIN: [feature=simulink_control_design],[user=abhishek],[host=DO5P-PC-222],[pid=4506],[date=12-Jun-2026]
11:29:10 IN: "simulink_control_design" abhishek@DO5P-PC-222
09:06:16 (MLM) CHECKOUT: [feature=simulink],[user=abhishek],[host=ECSG-HP-07],[pid=4507],[license_number=40554507],[date=12-Jun-2026]
09:06:16 OUT: "simulink" abhishek@ECSG-HP-07
11:00:16 (MLM) CHECKIN: [feature=simulink],[user=abhishek],[host=ECSG-HP-07],[pid=4507],[date=12-Jun-2026]
11:00:16 IN: "simulink" abhishek@ECSG-HP-07
10:08:33 (MLM) CHECKOUT: [feature=signal_toolbox],[user=sudhakr_kunnur],[host=RDP-LAB],[pid=4508],[license_number=40554508],[date=12-Jun-2026]
10:20:33 (MLM) DENIED: "signal_toolbox" sudhakr_kunnur@RDP-LAB
11:46:33 (MLM) CHECKIN: [feature=signal_toolbox],[user=sudhakr_kunnur],[host=RDP-LAB],[pid=4508],[date=12-Jun-2026]
16:28:08 (MLM) CHECKOUT: [feature=polyspace_bf],[user=rahul],[host=LAB-WS-18],[pid=4509],[license_number=40554509],[date=12-Jun-2026]
17:28:08 (MLM) CHECKIN: [feature=polyspace_bf],[user=rahul],[host=LAB-WS-18],[pid=4509],[date=12-Jun-2026]
17:28:08 IN: "polyspace_bf" rahul@LAB-WS-18
16:19:58 (MLM) CHECKOUT: [feature=signal_toolbox],[user=rahul],[host=LAB-WS-18],[pid=4510],[license_number=40554510],[date=12-Jun-2026]
16:19:58 OUT: "signal_toolbox" rahul@LAB-WS-18
16:56:58 (MLM) CHECKIN: [feature=signal_toolbox],[user=rahul],[host=LAB-WS-18],[pid=4510],[date=12-Jun-2026]
16:56:58 IN: "signal_toolbox" rahul@LAB-WS-18
08:00:33 (MLM) CHECKOUT: [feature=MATLAB],[user=k_brahmiah],[host=RDP-LAB],[pid=4511],[license_number=40554511],[date=12-Jun-2026]
09:43:33 (MLM) CHECKIN: [feature=MATLAB],[user=k_brahmiah],[host=RDP-LAB],[pid=4511],[date=12-Jun-2026]
09:43:33 IN: "MATLAB" k_brahmiah@RDP-LAB
15:19:00 (MLM) CHECKOUT: [feature=polyspace_bf],[user=rahul],[host=ECSG-HP-07],[pid=4512],[license_number=40554512],[date=12-Jun-2026]
18:06:00 (MLM) CHECKIN: [feature=polyspace_bf],[user=rahul],[host=ECSG-HP-07],[pid=4512],[date=12-Jun-2026]
18:06:00 IN: "polyspace_bf" rahul@ECSG-HP-07
16:27:25 (MLM) CHECKOUT: [feature=MATLAB],[user=abhishek],[host=RDP-LAB],[pid=4513],[license_number=40554513],[date=12-Jun-2026]
16:27:25 OUT: "MATLAB" abhishek@RDP-LAB
19:27:25 (MLM) CHECKIN: [feature=MATLAB],[user=abhishek],[host=RDP-LAB],[pid=4513],[date=12-Jun-2026]
19:27:25 IN: "MATLAB" abhishek@RDP-LAB
11:33:48 (MLM) CHECKOUT: [feature=MATLAB],[user=k_brahmiah],[host=RDP-LAB],[pid=4514],[license_number=40554514],[date=12-Jun-2026]
12:57:48 (MLM) CHECKIN: [feature=MATLAB],[user=k_brahmiah],[host=RDP-LAB],[pid=4514],[date=12-Jun-2026]
12:57:48 IN: "MATLAB" k_brahmiah@RDP-LAB
09:11:08 (MLM) CHECKOUT: [feature=signal_toolbox],[user=vinay],[host=RDP-LAB],[pid=4515],[license_number=40554515],[date=12-Jun-2026]
09:11:08 OUT: "signal_toolbox" vinay@RDP-LAB
12:04:08 (MLM) CHECKIN: [feature=signal_toolbox],[user=vinay],[host=RDP-LAB],[pid=4515],[date=12-Jun-2026]
12:04:08 IN: "signal_toolbox" vinay@RDP-LAB
08:09:03 (MLM) CHECKOUT: [feature=MATLAB],[user=jaibeer],[host=ECSG-HP-07],[pid=4516],[license_number=40554516],[date=12-Jun-2026]
08:13:03 (MLM) DENIED: "MATLAB" jaibeer@ECSG-HP-07
09:36:03 (MLM) CHECKIN: [feature=MATLAB],[user=jaibeer],[host=ECSG-HP-07],[pid=4516],[date=12-Jun-2026]
09:36:03 IN: "MATLAB" jaibeer@ECSG-HP-07
10:00:31 (MLM) CHECKOUT: [feature=MATLAB],[user=vinay],[host=ECSG-HP-10],[pid=4517],[license_number=40554517],[date=12-Jun-2026]
10:00:31 OUT: "MATLAB" vinay@ECSG-HP-10
12:22:31 (MLM) CHECKIN: [feature=MATLAB],[user=vinay],[host=ECSG-HP-10],[pid=4517],[date=12-Jun-2026]
10:03:17 (MLM) CHECKOUT: [feature=control_toolbox],[user=rahul],[host=ECSG-HP-10],[pid=4518],[license_number=40554518],[date=12-Jun-2026]
10:19:17 (MLM) DENIED: "control_toolbox" rahul@ECSG-HP-10
11:04:17 (MLM) CHECKIN: [feature=control_toolbox],[user=rahul],[host=ECSG-HP-10],[pid=4518],[date=12-Jun-2026]
11:04:17 IN: "control_toolbox" rahul@ECSG-HP-10
09:49:45 (MLM) CHECKOUT: [feature=aerospace_toolbox],[user=amit_ad],[host=ECSG-HP-07],[pid=4519],[license_number=40554519],[date=12-Jun-2026]
09:49:45 OUT: "aerospace_toolbox" amit_ad@ECSG-HP-07
11:57:45 (MLM) CHECKIN: [feature=aerospace_toolbox],[user=amit_ad],[host=ECSG-HP-07],[pid=4519],[date=12-Jun-2026]
11:57:45 IN: "aerospace_toolbox" amit_ad@ECSG-HP-07
09:33:42 (MLM) CHECKOUT: [feature=simulink],[user=efcs],[host=DO5P-PC-222],[pid=4520],[license_number=40554520],[date=12-Jun-2026]
11:07:42 (MLM) CHECKIN: [feature=simulink],[user=efcs],[host=DO5P-PC-222],[pid=4520],[date=12-Jun-2026]
16:33:07 (MLM) CHECKOUT: [feature=signal_blocks],[user=abhishek],[host=ECSG-HP-10],[pid=4521],[license_number=40554521],[date=12-Jun-2026]
16:33:07 OUT: "signal_blocks" abhishek@ECSG-HP-10
17:38:07 (MLM) CHECKIN: [feature=signal_blocks],[user=abhishek],[host=ECSG-HP-10],[pid=4521],[date=12-Jun-2026]
17:38:07 IN: "signal_blocks" abhishek@ECSG-HP-10
11:40:27 (MLM) CHECKOUT: [feature=distri_computing_toolbox],[user=abhishek],[host=DO5P-PC-222],[pid=4522],[license_number=40554522],[date=12-Jun-2026]
11:40:27 OUT: "distri_computing_toolbox" abhishek@DO5P-PC-222
13:05:27 (MLM) CHECKIN: [feature=distri_computing_toolbox],[user=abhishek],[host=DO5P-PC-222],[pid=4522],[date=12-Jun-2026]
13:05:27 IN: "distri_computing_toolbox" abhishek@DO5P-PC-222
08:37:50 (MLM) CHECKOUT: [feature=MATLAB],[user=k_brahmiah],[host=DO5P-PC-222],[pid=4523],[license_number=40554523],[date=12-Jun-2026]
08:37:50 OUT: "MATLAB" k_brahmiah@DO5P-PC-222
09:31:50 (MLM) CHECKIN: [feature=MATLAB],[user=k_brahmiah],[host=DO5P-PC-222],[pid=4523],[date=12-Jun-2026]
09:31:50 IN: "MATLAB" k_brahmiah@DO5P-PC-222
17:21:59 (MLM) CHECKOUT: [feature=simulink],[user=abhishek],[host=DO5P-PC-222],[pid=4524],[license_number=40554524],[date=12-Jun-2026]
17:51:59 (MLM) CHECKIN: [feature=simulink],[user=abhishek],[host=DO5P-PC-222],[pid=4524],[date=12-Jun-2026]
17:51:59 IN: "simulink" abhishek@DO5P-PC-222
10:31:14 (MLM) CHECKOUT: [feature=aerospace_toolbox],[user=jaibeer],[host=LAB-WS-18],[pid=4525],[license_number=40554525],[date=12-Jun-2026]
10:31:14 OUT: "aerospace_toolbox" jaibeer@LAB-WS-18
13:31:14 (MLM) CHECKIN: [feature=aerospace_toolbox],[user=jaibeer],[host=LAB-WS-18],[pid=4525],[date=12-Jun-2026]
08:44:24 (MLM) CHECKOUT: [feature=signal_blocks],[user=vinay],[host=ECSG-HP-07],[pid=4526],[license_number=40554526],[date=12-Jun-2026]
08:44:24 OUT: "signal_blocks" vinay@ECSG-HP-07
09:09:24 (MLM) CHECKIN: [feature=signal_blocks],[user=vinay],[host=ECSG-HP-07],[pid=4526],[date=12-Jun-2026]
09:09:24 IN: "signal_blocks" vinay@ECSG-HP-07
15:12:36 (MLM) CHECKOUT: [feature=simulink],[user=k_brahmiah],[host=RDP-LAB],[pid=4527],[license_number=40554527],[date=12-Jun-2026]
15:12:36 OUT: "simulink" k_brahmiah@RDP-LAB
17:26:36 (MLM) CHECKIN: [feature=simulink],[user=k_brahmiah],[host=RDP-LAB],[pid=4527],[date=12-Jun-2026]
17:26:36 IN: "simulink" k_brahmiah@RDP-LAB
16:09:28 (MLM) CHECKOUT: [feature=MATLAB],[user=vinay],[host=LAB-WS-18],[pid=4528],[license_number=40554528],[date=12-Jun-2026]
16:09:28 OUT: "MATLAB" vinay@LAB-WS-18
17:57:28 (MLM) CHECKIN: [feature=MATLAB],[user=vinay],[host=LAB-WS-18],[pid=4528],[date=12-Jun-2026]
17:57:28 IN: "MATLAB" vinay@LAB-WS-18
10:56:01 (MLM) CHECKOUT: [feature=signal_toolbox],[user=vinay],[host=LAB-WS-18],[pid=4529],[license_number=40554529],[date=12-Jun-2026]
10:56:01 OUT: "signal_toolbox" vinay@LAB-WS-18
13:49:01 (MLM) CHECKIN: [feature=signal_toolbox],[user=vinay],[host=LAB-WS-18],[pid=4529],[date=12-Jun-2026]
13:49:01 IN: "signal_toolbox" vinay@LAB-WS-18
00:00:01 (MLM) TIMESTAMP 6/13/2026
11:33:43 (MLM) CHECKOUT: [feature=aerospace_toolbox],[user=jaibeer],[host=LAB-WS-18],[pid=4530],[license_number=40554530],[date=13-Jun-2026]
11:33:43 OUT: "aerospace_toolbox" jaibeer@LAB-WS-18
14:24:43 (MLM) CHECKIN: [feature=aerospace_toolbox],[user=jaibeer],[host=LAB-WS-18],[pid=4530],[date=13-Jun-2026]
14:24:43 IN: "aerospace_toolbox" jaibeer@LAB-WS-18
16:42:04 (MLM) CHECKOUT: [feature=MATLAB],[user=k_brahmiah],[host=RDP-LAB],[pid=4531],[license_number=40554531],[date=13-Jun-2026]
16:42:04 OUT: "MATLAB" k_brahmiah@RDP-LAB
17:42:04 (MLM) CHECKIN: [feature=MATLAB],[user=k_brahmiah],[host=RDP-LAB],[pid=4531],[date=13-Jun-2026]
08:36:41 (MLM) CHECKOUT: [feature=MATLAB],[user=sudhakr_kunnur],[host=ECSG-HP-07],[pid=4532],[license_number=40554532],[date=13-Jun-2026]
11:05:41 (MLM) CHECKIN: [feature=MATLAB],[user=sudhakr_kunnur],[host=ECSG-HP-07],[pid=4532],[date=13-Jun-2026]
11:05:41 IN: "MATLAB" sudhakr_kunnur@ECSG-HP-07
17:45:04 (MLM) CHECKOUT: [feature=signal_toolbox],[user=rahul],[host=ECSG-HP-10],[pid=4533],[license_number=40554533],[date=13-Jun-2026]
17:45:04 OUT: "signal_toolbox" rahul@ECSG-HP-10
20:05:04 (MLM) CHECKIN: [feature=signal_toolbox],[user=rahul],[host=ECSG-HP-10],[pid=4533],[date=13-Jun-2026]
08:23:35 (MLM) CHECKOUT: [feature=aerospace_toolbox],[user=vinay],[host=ECSG-HP-07],[pid=4534],[license_number=40554534],[date=13-Jun-2026]
10:12:35 (MLM) CHECKIN: [feature=aerospace_toolbox],[user=vinay],[host=ECSG-HP-07],[pid=4534],[date=13-Jun-2026]
08:46:04 (MLM) CHECKOUT: [feature=control_toolbox],[user=abhishek],[host=LAB-WS-18],[pid=4535],[license_number=40554535],[date=13-Jun-2026]
08:53:04 (MLM) DENIED: "control_toolbox" abhishek@LAB-WS-18
11:13:04 (MLM) CHECKIN: [feature=control_toolbox],[user=abhishek],[host=LAB-WS-18],[pid=4535],[date=13-Jun-2026]
11:13:04 IN: "control_toolbox" abhishek@LAB-WS-18
11:33:42 (MLM) CHECKOUT: [feature=signal_toolbox],[user=vinay],[host=LAB-WS-18],[pid=4536],[license_number=40554536],[date=13-Jun-2026]
11:33:42 OUT: "signal_toolbox" vinay@LAB-WS-18
12:33:42 (MLM) CHECKIN: [feature=signal_toolbox],[user=vinay],[host=LAB-WS-18],[pid=4536],[date=13-Jun-2026]
12:33:42 IN: "signal_toolbox" vinay@LAB-WS-18
17:22:43 (MLM) CHECKOUT: [feature=signal_blocks],[user=rahul],[host=ECSG-HP-10],[pid=4537],[license_number=40554537],[date=13-Jun-2026]
17:22:43 OUT: "signal_blocks" rahul@ECSG-HP-10
18:03:43 (MLM) CHECKIN: [feature=signal_blocks],[user=rahul],[host=ECSG-HP-10],[pid=4537],[date=13-Jun-2026]
18:03:43 IN: "signal_blocks" rahul@ECSG-HP-10
10:34:38 (MLM) CHECKOUT: [feature=simulink],[user=sudhakr_kunnur],[host=ECSG-HP-07],[pid=4538],[license_number=40554538],[date=13-Jun-2026]
10:34:38 OUT: "simulink" sudhakr_kunnur@ECSG-HP-07
12:09:38 (MLM) CHECKIN: [feature=simulink],[user=sudhakr_kunnur],[host=ECSG-HP-07],[pid=4538],[date=13-Jun-2026]
12:09:38 IN: "simulink" sudhakr_kunnur@ECSG-HP-07
14:52:46 (MLM) CHECKOUT: [feature=signal_toolbox],[user=efcs],[host=RDP-LAB],[pid=4539],[license_number=40554539],[date=13-Jun-2026]
14:52:46 OUT: "signal_toolbox" efcs@RDP-LAB
17:26:46 (MLM) CHECKIN: [feature=signal_toolbox],[user=efcs],[host=RDP-LAB],[pid=4539],[date=13-Jun-2026]
17:26:46 IN: "signal_toolbox" efcs@RDP-LAB
15:28:25 (MLM) CHECKOUT: [feature=signal_toolbox],[user=vinay],[host=RDP-LAB],[pid=4540],[license_number=40554540],[date=13-Jun-2026]
15:28:25 OUT: "signal_toolbox" vinay@RDP-LAB
15:38:25 (MLM) DENIED: "signal_toolbox" vinay@RDP-LAB
18:15:25 (MLM) CHECKIN: [feature=signal_toolbox],[user=vinay],[host=RDP-LAB],[pid=4540],[date=13-Jun-2026]
18:15:25 IN: "signal_toolbox" vinay@RDP-LAB
11:13:54 (MLM) CHECKOUT: [feature=MATLAB],[user=abhishek],[host=RDP-LAB],[pid=4541],[license_number=40554541],[date=13-Jun-2026]
11:13:54 OUT: "MATLAB" abhishek@RDP-LAB
12:38:54 (MLM) CHECKIN: [feature=MATLAB],[user=abhishek],[host=RDP-LAB],[pid=4541],[date=13-Jun-2026]
10:06:02 (MLM) CHECKOUT: [feature=polyspace_bf],[user=rahul],[host=LAB-WS-18],[pid=4542],[license_number=40554542],[date=13-Jun-2026]
10:06:02 OUT: "polyspace_bf" rahul@LAB-WS-18
11:28:02 (MLM) CHECKIN: [feature=polyspace_bf],[user=rahul],[host=LAB-WS-18],[pid=4542],[date=13-Jun-2026]
11:28:02 IN: "polyspace_bf" rahul@LAB-WS-18
12:05:36 (MLM) CHECKOUT: [feature=control_toolbox],[user=rahul],[host=DO5P-PC-222],[pid=4543],[license_number=40554543],[date=13-Jun-2026]
12:05:36 OUT: "control_toolbox" rahul@DO5P-PC-222
12:39:36 (MLM) CHECKIN: [feature=control_toolbox],[user=rahul],[host=DO5P-PC-222],[pid=4543],[date=13-Jun-2026]
17:52:58 (MLM) CHECKOUT: [feature=simulink],[user=vinay],[host=DO5P-PC-222],[pid=4544],[license_number=40554544],[date=13-Jun-2026]
17:52:58 OUT: "simulink" vinay@DO5P-PC-222
18:16:58 (MLM) CHECKIN: [feature=simulink],[user=vinay],[host=DO5P-PC-222],[pid=4544],[date=13-Jun-2026]
13:22:56 (MLM) CHECKOUT: [feature=aerospace_toolbox],[user=rahul],[host=ECSG-HP-10],[pid=4545],[license_number=40554545],[date=13-Jun-2026]
14:07:56 (MLM) CHECKIN: [feature=aerospace_toolbox],[user=rahul],[host=ECSG-HP-10],[pid=4545],[date=13-Jun-2026]
14:03:19 (MLM) CHECKOUT: [feature=polyspace_bf],[user=sudhakr_kunnur],[host=LAB-WS-18],[pid=4546],[license_number=40554546],[date=13-Jun-2026]
14:03:19 OUT: "polyspace_bf" sudhakr_kunnur@LAB-WS-18
16:42:19 (MLM) CHECKIN: [feature=polyspace_bf],[user=sudhakr_kunnur],[host=LAB-WS-18],[pid=4546],[date=13-Jun-2026]
16:42:19 IN: "polyspace_bf" sudhakr_kunnur@LAB-WS-18
14:28:48 (MLM) CHECKOUT: [feature=MATLAB],[user=rahul],[host=DO5P-PC-222],[pid=4547],[license_number=40554547],[date=13-Jun-2026]
14:28:48 OUT: "MATLAB" rahul@DO5P-PC-222
15:39:48 (MLM) CHECKIN: [feature=MATLAB],[user=rahul],[host=DO5P-PC-222],[pid=4547],[date=13-Jun-2026]
15:39:48 IN: "MATLAB" rahul@DO5P-PC-222
09:30:36 (MLM) CHECKOUT: [feature=MATLAB],[user=vinay],[host=DO5P-PC-222],[pid=4548],[license_number=40554548],[date=13-Jun-2026]
10:52:36 (MLM) CHECKIN: [feature=MATLAB],[user=vinay],[host=DO5P-PC-222],[pid=4548],[date=13-Jun-2026]
10:52:36 IN: "MATLAB" vinay@DO5P-PC-222
15:35:12 (MLM) CHECKOUT: [feature=signal_blocks],[user=rahul],[host=DO5P-PC-222],[pid=4549],[license_number=40554549],[date=13-Jun-2026]
15:35:12 OUT: "signal_blocks" rahul@DO5P-PC-222
16:40:12 (MLM) CHECKIN: [feature=signal_blocks],[user=rahul],[host=DO5P-PC-222],[pid=4549],[date=13-Jun-2026]
16:40:12 IN: "signal_blocks" rahul@DO5P-PC-222
00:00:01 (MLM) TIMESTAMP 6/14/2026
14:20:43 (MLM) CHECKOUT: [feature=control_toolbox],[user=sudhakr_kunnur],[host=ECSG-HP-10],[pid=4550],[license_number=40554550],[date=14-Jun-2026]
16:20:43 (MLM) CHECKIN: [feature=control_toolbox],[user=sudhakr_kunnur],[host=ECSG-HP-10],[pid=4550],[date=14-Jun-2026]
16:20:43 IN: "control_toolbox" sudhakr_kunnur@ECSG-HP-10
08:49:19 (MLM) CHECKOUT: [feature=control_toolbox],[user=k_brahmiah],[host=RDP-LAB],[pid=4551],[license_number=40554551],[date=14-Jun-2026]
08:49:19 OUT: "control_toolbox" k_brahmiah@RDP-LAB
10:57:19 (MLM) CHECKIN: [feature=control_toolbox],[user=k_brahmiah],[host=RDP-LAB],[pid=4551],[date=14-Jun-2026]
10:57:19 IN: "control_toolbox" k_brahmiah@RDP-LAB
13:09:48 (MLM) CHECKOUT: [feature=MATLAB],[user=k_brahmiah],[host=DO5P-PC-222],[pid=4552],[license_number=40554552],[date=14-Jun-2026]
13:37:48 (MLM) CHECKIN: [feature=MATLAB],[user=k_brahmiah],[host=DO5P-PC-222],[pid=4552],[date=14-Jun-2026]
13:37:48 IN: "MATLAB" k_brahmiah@DO5P-PC-222
12:00:21 (MLM) CHECKOUT: [feature=map_toolbox],[user=jaibeer],[host=DO5P-PC-222],[pid=4553],[license_number=40554553],[date=14-Jun-2026]
12:00:21 OUT: "map_toolbox" jaibeer@DO5P-PC-222
14:10:21 (MLM) CHECKIN: [feature=map_toolbox],[user=jaibeer],[host=DO5P-PC-222],[pid=4553],[date=14-Jun-2026]
14:10:21 IN: "map_toolbox" jaibeer@DO5P-PC-222
16:33:48 (MLM) CHECKOUT: [feature=MATLAB],[user=k_brahmiah],[host=LAB-WS-18],[pid=4554],[license_number=40554554],[date=14-Jun-2026]
16:33:48 OUT: "MATLAB" k_brahmiah@LAB-WS-18
17:24:48 (MLM) CHECKIN: [feature=MATLAB],[user=k_brahmiah],[host=LAB-WS-18],[pid=4554],[date=14-Jun-2026]
17:24:48 IN: "MATLAB" k_brahmiah@LAB-WS-18
16:02:16 (MLM) CHECKOUT: [feature=simulink],[user=jaibeer],[host=ECSG-HP-07],[pid=4555],[license_number=40554555],[date=14-Jun-2026]
16:02:16 OUT: "simulink" jaibeer@ECSG-HP-07
18:55:16 (MLM) CHECKIN: [feature=simulink],[user=jaibeer],[host=ECSG-HP-07],[pid=4555],[date=14-Jun-2026]
18:55:16 IN: "simulink" jaibeer@ECSG-HP-07
12:42:54 (MLM) CHECKOUT: [feature=MATLAB],[user=rahul],[host=ECSG-HP-10],[pid=4556],[license_number=40554556],[date=14-Jun-2026]
13:24:54 (MLM) CHECKIN: [feature=MATLAB],[user=rahul],[host=ECSG-HP-10],[pid=4556],[date=14-Jun-2026]
13:24:54 IN: "MATLAB" rahul@ECSG-HP-10
14:32:45 (MLM) CHECKOUT: [feature=MATLAB],[user=amit_ad],[host=ECSG-HP-07],[pid=4557],[license_number=40554557],[date=14-Jun-2026]
14:32:45 OUT: "MATLAB" amit_ad@ECSG-HP-07
17:19:45 (MLM) CHECKIN: [feature=MATLAB],[user=amit_ad],[host=ECSG-HP-07],[pid=4557],[date=14-Jun-2026]
17:19:45 IN: "MATLAB" amit_ad@ECSG-HP-07
16:59:45 (MLM) CHECKOUT: [feature=distri_computing_toolbox],[user=sudhakr_kunnur],[host=LAB-WS-18],[pid=4558],[license_number=40554558],[date=14-Jun-2026]
16:59:45 OUT: "distri_computing_toolbox" sudhakr_kunnur@LAB-WS-18
19:29:45 (MLM) CHECKIN: [feature=distri_computing_toolbox],[user=sudhakr_kunnur],[host=LAB-WS-18],[pid=4558],[date=14-Jun-2026]
19:29:45 IN: "distri_computing_toolbox" sudhakr_kunnur@LAB-WS-18
13:22:40 (MLM) CHECKOUT: [feature=MATLAB],[user=rahul],[host=DO5P-PC-222],[pid=4559],[license_number=40554559],[date=14-Jun-2026]
13:22:40 OUT: "MATLAB" rahul@DO5P-PC-222
15:45:40 (MLM) CHECKIN: [feature=MATLAB],[user=rahul],[host=DO5P-PC-222],[pid=4559],[date=14-Jun-2026]
15:45:40 IN: "MATLAB" rahul@DO5P-PC-222
08:35:17 (MLM) CHECKOUT: [feature=map_toolbox],[user=abhishek],[host=RDP-LAB],[pid=4560],[license_number=40554560],[date=14-Jun-2026]
08:35:17 OUT: "map_toolbox" abhishek@RDP-LAB
10:30:17 (MLM) CHECKIN: [feature=map_toolbox],[user=abhishek],[host=RDP-LAB],[pid=4560],[date=14-Jun-2026]
10:30:17 IN: "map_toolbox" abhishek@RDP-LAB
17:55:40 (MLM) CHECKOUT: [feature=simulink],[user=abhishek],[host=ECSG-HP-07],[pid=4561],[license_number=40554561],[date=14-Jun-2026]
17:55:40 OUT: "simulink" abhishek@ECSG-HP-07
20:36:40 (MLM) CHECKIN: [feature=simulink],[user=abhishek],[host=ECSG-HP-07],[pid=4561],[date=14-Jun-2026]
20:36:40 IN: "simulink" abhishek@ECSG-HP-07
16:08:13 (MLM) CHECKOUT: [feature=control_toolbox],[user=efcs],[host=LAB-WS-18],[pid=4562],[license_number=40554562],[date=14-Jun-2026]
16:08:13 OUT: "control_toolbox" efcs@LAB-WS-18
17:14:13 (MLM) CHECKIN: [feature=control_toolbox],[user=efcs],[host=LAB-WS-18],[pid=4562],[date=14-Jun-2026]
14:58:49 (MLM) CHECKOUT: [feature=map_toolbox],[user=sudhakr_kunnur],[host=LAB-WS-18],[pid=4563],[license_number=40554563],[date=14-Jun-2026]
14:58:49 OUT: "map_toolbox" sudhakr_kunnur@LAB-WS-18
15:53:49 (MLM) CHECKIN: [feature=map_toolbox],[user=sudhakr_kunnur],[host=LAB-WS-18],[pid=4563],[date=14-Jun-2026]
15:53:49 IN: "map_toolbox" sudhakr_kunnur@LAB-WS-18
10:46:01 (MLM) CHECKOUT: [feature=MATLAB],[user=rahul],[host=ECSG-HP-10],[pid=4564],[license_number=40554564],[date=14-Jun-2026]
12:46:01 (MLM) CHECKIN: [feature=MATLAB],[user=rahul],[host=ECSG-HP-10],[pid=4564],[date=14-Jun-2026]
11:06:08 (MLM) CHECKOUT: [feature=MATLAB],[user=sudhakr_kunnur],[host=RDP-LAB],[pid=4565],[license_number=40554565],[date=14-Jun-2026]
11:06:08 OUT: "MATLAB" sudhakr_kunnur@RDP-LAB
13:57:08 (MLM) CHECKIN: [feature=MATLAB],[user=sudhakr_kunnur],[host=RDP-LAB],[pid=4565],[date=14-Jun-2026]
13:57:08 IN: "MATLAB" sudhakr_kunnur@RDP-LAB
11:14:43 (MLM) CHECKOUT: [feature=MATLAB],[user=jaibeer],[host=LAB-WS-18],[pid=4566],[license_number=40554566],[date=14-Jun-2026]
11:14:43 OUT: "MATLAB" jaibeer@LAB-WS-18
11:30:43 (MLM) DENIED: "MATLAB" jaibeer@LAB-WS-18
12:03:43 (MLM) CHECKIN: [feature=MATLAB],[user=jaibeer],[host=LAB-WS-18],[pid=4566],[date=14-Jun-2026]
12:03:43 IN: "MATLAB" jaibeer@LAB-WS-18
14:31:30 (MLM) CHECKOUT: [feature=MATLAB],[user=jaibeer],[host=RDP-LAB],[pid=4567],[license_number=40554567],[date=14-Jun-2026]
14:31:30 OUT: "MATLAB" jaibeer@RDP-LAB
14:54:30 (MLM) CHECKIN: [feature=MATLAB],[user=jaibeer],[host=RDP-LAB],[pid=4567],[date=14-Jun-2026]
14:54:30 IN: "MATLAB" jaibeer@RDP-LAB
11:47:42 (MLM) CHECKOUT: [feature=distri_computing_toolbox],[user=efcs],[host=RDP-LAB],[pid=4568],[license_number=40554568],[date=14-Jun-2026]
12:18:42 (MLM) CHECKIN: [feature=distri_computing_toolbox],[user=efcs],[host=RDP-LAB],[pid=4568],[date=14-Jun-2026]
12:18:42 IN: "distri_computing_toolbox" efcs@RDP-LAB
15:44:20 (MLM) CHECKOUT: [feature=map_toolbox],[user=efcs],[host=ECSG-HP-07],[pid=4569],[license_number=40554569],[date=14-Jun-2026]
17:48:20 (MLM) CHECKIN: [feature=map_toolbox],[user=efcs],[host=ECSG-HP-07],[pid=4569],[date=14-Jun-2026]
17:48:20 IN: "map_toolbox" efcs@ECSG-HP-07
14:39:47 (MLM) CHECKOUT: [feature=signal_blocks],[user=abhishek],[host=ECSG-HP-07],[pid=4570],[license_number=40554570],[date=14-Jun-2026]
14:39:47 OUT: "signal_blocks" abhishek@ECSG-HP-07
17:38:47 (MLM) CHECKIN: [feature=signal_blocks],[user=abhishek],[host=ECSG-HP-07],[pid=4570],[date=14-Jun-2026]
15:52:56 (MLM) CHECKOUT: [feature=MATLAB],[user=vinay],[host=LAB-WS-18],[pid=4571],[license_number=40554571],[date=14-Jun-2026]
15:52:56 OUT: "MATLAB" vinay@LAB-WS-18
18:19:56 (MLM) CHECKIN: [feature=MATLAB],[user=vinay],[host=LAB-WS-18],[pid=4571],[date=14-Jun-2026]
18:19:56 IN: "MATLAB" vinay@LAB-WS-18
16:48:40 (MLM) CHECKOUT: [feature=simulink],[user=efcs],[host=ECSG-HP-10],[pid=4572],[license_number=40554572],[date=14-Jun-2026]
18:55:40 (MLM) CHECKIN: [feature=simulink],[user=efcs],[host=ECSG-HP-10],[pid=4572],[date=14-Jun-2026]
18:55:40 IN: "simulink" efcs@ECSG-HP-10
14:18:39 (MLM) CHECKOUT: [feature=simulink],[user=sudhakr_kunnur],[host=RDP-LAB],[pid=4573],[license_number=40554573],[date=14-Jun-2026]
15:09:39 (MLM) CHECKIN: [feature=simulink],[user=sudhakr_kunnur],[host=RDP-LAB],[pid=4573],[date=14-Jun-2026]
15:09:39 IN: "simulink" sudhakr_kunnur@RDP-LAB
09:11:49 (MLM) CHECKOUT: [feature=signal_blocks],[user=jaibeer],[host=ECSG-HP-10],[pid=4574],[license_number=40554574],[date=14-Jun-2026]
09:11:49 OUT: "signal_blocks" jaibeer@ECSG-HP-10
11:45:49 (MLM) CHECKIN: [feature=signal_blocks],[user=jaibeer],[host=ECSG-HP-10],[pid=4574],[date=14-Jun-2026]
11:45:49 IN: "signal_blocks" jaibeer@ECSG-HP-10
15:37:57 (MLM) CHECKOUT: [feature=MATLAB],[user=k_brahmiah],[host=ECSG-HP-07],[pid=4575],[license_number=40554575],[date=14-Jun-2026]
17:48:57 (MLM) CHECKIN: [feature=MATLAB],[user=k_brahmiah],[host=ECSG-HP-07],[pid=4575],[date=14-Jun-2026]
17:48:57 IN: "MATLAB" k_brahmiah@ECSG-HP-07
09:05:07 (MLM) CHECKOUT: [feature=signal_blocks],[user=k_brahmiah],[host=DO5P-PC-222],[pid=4576],[license_number=40554576],[date=14-Jun-2026]
09:41:07 (MLM) CHECKIN: [feature=signal_blocks],[user=k_brahmiah],[host=DO5P-PC-222],[pid=4576],[date=14-Jun-2026]
09:41:07 IN: "signal_blocks" k_brahmiah@DO5P-PC-222
10:24:35 (MLM) CHECKOUT: [feature=simulink],[user=k_brahmiah],[host=LAB-WS-18],[pid=4577],[license_number=40554577],[date=14-Jun-2026]
10:24:35 OUT: "simulink" k_brahmiah@LAB-WS-18
12:04:35 (MLM) CHECKIN: [feature=simulink],[user=k_brahmiah],[host=LAB-WS-18],[pid=4577],[date=14-Jun-2026]
12:04:35 IN: "simulink" k_brahmiah@LAB-WS-18
10:11:49 (MLM) CHECKOUT: [feature=MATLAB],[user=jaibeer],[host=DO5P-PC-222],[pid=4578],[license_number=40554578],[date=14-Jun-2026]
11:45:49 (MLM) CHECKIN: [feature=MATLAB],[user=jaibeer],[host=DO5P-PC-222],[pid=4578],[date=14-Jun-2026]
09:57:08 (MLM) CHECKOUT: [feature=simulink],[user=efcs],[host=RDP-LAB],[pid=4579],[license_number=40554579],[date=14-Jun-2026]
10:06:08 (MLM) DENIED: "simulink" efcs@RDP-LAB
10:15:08 (MLM) CHECKIN: [feature=simulink],[user=efcs],[host=RDP-LAB],[pid=4579],[date=14-Jun-2026]
10:15:08 IN: "simulink" efcs@RDP-LAB
17:56:31 (MLM) CHECKOUT: [feature=aerospace_toolbox],[user=amit_ad],[host=LAB-WS-18],[pid=4580],[license_number=40554580],[date=14-Jun-2026]
17:56:31 OUT: "aerospace_toolbox" amit_ad@LAB-WS-18
20:12:31 (MLM) CHECKIN: [feature=aerospace_toolbox],[user=amit_ad],[host=LAB-WS-18],[pid=4580],[date=14-Jun-2026]
20:12:31 IN: "aerospace_toolbox" amit_ad@LAB-WS-18
11:56:35 (MLM) CHECKOUT: [feature=simulink],[user=k_brahmiah],[host=LAB-WS-18],[pid=4581],[license_number=40554581],[date=14-Jun-2026]
11:56:35 OUT: "simulink" k_brahmiah@LAB-WS-18
13:04:35 (MLM) CHECKIN: [feature=simulink],[user=k_brahmiah],[host=LAB-WS-18],[pid=4581],[date=14-Jun-2026]
13:04:35 IN: "simulink" k_brahmiah@LAB-WS-18
08:42:36 (MLM) CHECKOUT: [feature=MATLAB],[user=abhishek],[host=RDP-LAB],[pid=4582],[license_number=40554582],[date=14-Jun-2026]
09:19:36 (MLM) CHECKIN: [feature=MATLAB],[user=abhishek],[host=RDP-LAB],[pid=4582],[date=14-Jun-2026]
09:19:36 IN: "MATLAB" abhishek@RDP-LAB
12:39:42 (MLM) CHECKOUT: [feature=MATLAB],[user=k_brahmiah],[host=DO5P-PC-222],[pid=4583],[license_number=40554583],[date=14-Jun-2026]
12:39:42 OUT: "MATLAB" k_brahmiah@DO5P-PC-222
15:17:42 (MLM) CHECKIN: [feature=MATLAB],[user=k_brahmiah],[host=DO5P-PC-222],[pid=4583],[date=14-Jun-2026]
15:17:42 IN: "MATLAB" k_brahmiah@DO5P-PC-222
00:00:01 (MLM) TIMESTAMP 6/15/2026
09:49:19 (MLM) CHECKOUT: [feature=polyspace_bf],[user=vinay],[host=RDP-LAB],[pid=4584],[license_number=40554584],[date=15-Jun-2026]
09:49:19 OUT: "polyspace_bf" vinay@RDP-LAB
10:21:19 (MLM) CHECKIN: [feature=polyspace_bf],[user=vinay],[host=RDP-LAB],[pid=4584],[date=15-Jun-2026]
10:07:44 (MLM) CHECKOUT: [feature=control_toolbox],[user=amit_ad],[host=ECSG-HP-10],[pid=4585],[license_number=40554585],[date=15-Jun-2026]
12:07:44 (MLM) CHECKIN: [feature=control_toolbox],[user=amit_ad],[host=ECSG-HP-10],[pid=4585],[date=15-Jun-2026]
12:07:44 IN: "control_toolbox" amit_ad@ECSG-HP-10
17:46:40 (MLM) CHECKOUT: [feature=MATLAB],[user=jaibeer],[host=LAB-WS-18],[pid=4586],[license_number=40554586],[date=15-Jun-2026]
17:46:40 OUT: "MATLAB" jaibeer@LAB-WS-18
20:35:40 (MLM) CHECKIN: [feature=MATLAB],[user=jaibeer],[host=LAB-WS-18],[pid=4586],[date=15-Jun-2026]
13:16:33 (MLM) CHECKOUT: [feature=signal_toolbox],[user=efcs],[host=RDP-LAB],[pid=4587],[license_number=40554587],[date=15-Jun-2026]
13:16:33 OUT: "signal_toolbox" efcs@RDP-LAB
14:04:33 (MLM) CHECKIN: [feature=signal_toolbox],[user=efcs],[host=RDP-LAB],[pid=4587],[date=15-Jun-2026]
14:04:33 IN: "signal_toolbox" efcs@RDP-LAB
10:56:39 (MLM) CHECKOUT: [feature=simulink],[user=rahul],[host=ECSG-HP-07],[pid=4588],[license_number=40554588],[date=15-Jun-2026]
10:56:39 OUT: "simulink" rahul@ECSG-HP-07
12:00:39 (MLM) CHECKIN: [feature=simulink],[user=rahul],[host=ECSG-HP-07],[pid=4588],[date=15-Jun-2026]
12:00:39 IN: "simulink" rahul@ECSG-HP-07
11:51:39 (MLM) CHECKOUT: [feature=signal_blocks],[user=abhishek],[host=ECSG-HP-10],[pid=4589],[license_number=40554589],[date=15-Jun-2026]
13:31:39 (MLM) CHECKIN: [feature=signal_blocks],[user=abhishek],[host=ECSG-HP-10],[pid=4589],[date=15-Jun-2026]
13:31:39 IN: "signal_blocks" abhishek@ECSG-HP-10
11:44:18 (MLM) CHECKOUT: [feature=MATLAB],[user=vinay],[host=DO5P-PC-222],[pid=4590],[license_number=40554590],[date=15-Jun-2026]
11:44:18 OUT: "MATLAB" vinay@DO5P-PC-222
11:54:18 (MLM) DENIED: "MATLAB" vinay@DO5P-PC-222
14:08:18 (MLM) CHECKIN: [feature=MATLAB],[user=vinay],[host=DO5P-PC-222],[pid=4590],[date=15-Jun-2026]
14:08:18 IN: "MATLAB" vinay@DO5P-PC-222
13:25:46 (MLM) CHECKOUT: [feature=simulink_control_design],[user=vinay],[host=ECSG-HP-10],[pid=4591],[license_number=40554591],[date=15-Jun-2026]
13:25:46 OUT: "simulink_control_design" vinay@ECSG-HP-10
14:24:46 (MLM) CHECKIN: [feature=simulink_control_design],[user=vinay],[host=ECSG-HP-10],[pid=4591],[date=15-Jun-2026]
14:24:46 IN: "simulink_control_design" vinay@ECSG-HP-10
08:41:08 (MLM) CHECKOUT: [feature=polyspace_bf],[user=amit_ad],[host=ECSG-HP-07],[pid=4592],[license_number=40554592],[date=15-Jun-2026]
08:41:08 OUT: "polyspace_bf" amit_ad@ECSG-HP-07
11:13:08 (MLM) CHECKIN: [feature=polyspace_bf],[user=amit_ad],[host=ECSG-HP-07],[pid=4592],[date=15-Jun-2026]
08:53:33 (MLM) CHECKOUT: [feature=polyspace_bf],[user=rahul],[host=ECSG-HP-07],[pid=4593],[license_number=40554593],[date=15-Jun-2026]
08:53:33 OUT: "polyspace_bf" rahul@ECSG-HP-07
10:28:33 (MLM) CHECKIN: [feature=polyspace_bf],[user=rahul],[host=ECSG-HP-07],[pid=4593],[date=15-Jun-2026]
10:28:33 IN: "polyspace_bf" rahul@ECSG-HP-07
13:04:09 (MLM) CHECKOUT: [feature=simulink_control_design],[user=abhishek],[host=LAB-WS-18],[pid=4594],[license_number=40554594],[date=15-Jun-2026]
13:04:09 OUT: "simulink_control_design" abhishek@LAB-WS-18
13:17:09 (MLM) DENIED: "simulink_control_design" abhishek@LAB-WS-18
15:59:09 (MLM) CHECKIN: [feature=simulink_control_design],[user=abhishek],[host=LAB-WS-18],[pid=4594],[date=15-Jun-2026]
15:59:09 IN: "simulink_control_design" abhishek@LAB-WS-18
17:07:55 (MLM) CHECKOUT: [feature=signal_toolbox],[user=abhishek],[host=LAB-WS-18],[pid=4595],[license_number=40554595],[date=15-Jun-2026]
18:42:55 (MLM) CHECKIN: [feature=signal_toolbox],[user=abhishek],[host=LAB-WS-18],[pid=4595],[date=15-Jun-2026]
11:23:28 (MLM) CHECKOUT: [feature=simulink],[user=sudhakr_kunnur],[host=ECSG-HP-10],[pid=4596],[license_number=40554596],[date=15-Jun-2026]
13:52:28 (MLM) CHECKIN: [feature=simulink],[user=sudhakr_kunnur],[host=ECSG-HP-10],[pid=4596],[date=15-Jun-2026]
13:52:28 IN: "simulink" sudhakr_kunnur@ECSG-HP-10
09:28:32 (MLM) CHECKOUT: [feature=signal_blocks],[user=abhishek],[host=ECSG-HP-10],[pid=4597],[license_number=40554597],[date=15-Jun-2026]
09:28:32 OUT: "signal_blocks" abhishek@ECSG-HP-10
11:51:32 (MLM) CHECKIN: [feature=signal_blocks],[user=abhishek],[host=ECSG-HP-10],[pid=4597],[date=15-Jun-2026]
11:51:32 IN: "signal_blocks" abhishek@ECSG-HP-10
16:19:49 (MLM) CHECKOUT: [feature=signal_blocks],[user=k_brahmiah],[host=ECSG-HP-07],[pid=4598],[license_number=40554598],[date=15-Jun-2026]
16:19:49 OUT: "signal_blocks" k_brahmiah@ECSG-HP-07
16:59:49 (MLM) CHECKIN: [feature=signal_blocks],[user=k_brahmiah],[host=ECSG-HP-07],[pid=4598],[date=15-Jun-2026]
08:29:24 (MLM) CHECKOUT: [feature=MATLAB],[user=efcs],[host=DO5P-PC-222],[pid=4599],[license_number=40554599],[date=15-Jun-2026]
08:45:24 (MLM) CHECKIN: [feature=MATLAB],[user=efcs],[host=DO5P-PC-222],[pid=4599],[date=15-Jun-2026]
08:45:24 IN: "MATLAB" efcs@DO5P-PC-222
13:29:56 (MLM) CHECKOUT: [feature=map_toolbox],[user=abhishek],[host=LAB-WS-18],[pid=4600],[license_number=40554600],[date=15-Jun-2026]
13:29:56 OUT: "map_toolbox" abhishek@LAB-WS-18
15:03:56 (MLM) CHECKIN: [feature=map_toolbox],[user=abhishek],[host=LAB-WS-18],[pid=4600],[date=15-Jun-2026]
15:03:56 IN: "map_toolbox" abhishek@LAB-WS-18
11:18:17 (MLM) CHECKOUT: [feature=control_toolbox],[user=vinay],[host=DO5P-PC-222],[pid=4601],[license_number=40554601],[date=15-Jun-2026]
11:18:17 OUT: "control_toolbox" vinay@DO5P-PC-222
12:03:17 (MLM) CHECKIN: [feature=control_toolbox],[user=vinay],[host=DO5P-PC-222],[pid=4601],[date=15-Jun-2026]
12:03:17 IN: "control_toolbox" vinay@DO5P-PC-222
17:35:32 (MLM) CHECKOUT: [feature=MATLAB],[user=abhishek],[host=ECSG-HP-10],[pid=4602],[license_number=40554602],[date=15-Jun-2026]
17:35:32 OUT: "MATLAB" abhishek@ECSG-HP-10
20:10:32 (MLM) CHECKIN: [feature=MATLAB],[user=abhishek],[host=ECSG-HP-10],[pid=4602],[date=15-Jun-2026]
20:10:32 IN: "MATLAB" abhishek@ECSG-HP-10
10:04:19 (MLM) CHECKOUT: [feature=simulink],[user=abhishek],[host=RDP-LAB],[pid=4603],[license_number=40554603],[date=15-Jun-2026]
10:04:19 OUT: "simulink" abhishek@RDP-LAB
12:12:19 (MLM) CHECKIN: [feature=simulink],[user=abhishek],[host=RDP-LAB],[pid=4603],[date=15-Jun-2026]
12:12:19 IN: "simulink" abhishek@RDP-LAB
08:05:27 (MLM) CHECKOUT: [feature=MATLAB],[user=abhishek],[host=ECSG-HP-10],[pid=4604],[license_number=40554604],[date=15-Jun-2026]
08:05:27 OUT: "MATLAB" abhishek@ECSG-HP-10
10:51:27 (MLM) CHECKIN: [feature=MATLAB],[user=abhishek],[host=ECSG-HP-10],[pid=4604],[date=15-Jun-2026]
10:51:27 IN: "MATLAB" abhishek@ECSG-HP-10
12:21:52 (MLM) CHECKOUT: [feature=simulink],[user=jaibeer],[host=ECSG-HP-07],[pid=4605],[license_number=40554605],[date=15-Jun-2026]
12:21:52 OUT: "simulink" jaibeer@ECSG-HP-07
14:52:52 (MLM) CHECKIN: [feature=simulink],[user=jaibeer],[host=ECSG-HP-07],[pid=4605],[date=15-Jun-2026]
14:52:52 IN: "simulink" jaibeer@ECSG-HP-07
09:52:51 (MLM) CHECKOUT: [feature=simulink],[user=amit_ad],[host=ECSG-HP-07],[pid=4606],[license_number=40554606],[date=15-Jun-2026]
12:03:51 (MLM) CHECKIN: [feature=simulink],[user=amit_ad],[host=ECSG-HP-07],[pid=4606],[date=15-Jun-2026]
12:03:51 IN: "simulink" amit_ad@ECSG-HP-07
11:09:55 (MLM) CHECKOUT: [feature=simulink],[user=jaibeer],[host=ECSG-HP-07],[pid=4607],[license_number=40554607],[date=15-Jun-2026]
12:57:55 (MLM) CHECKIN: [feature=simulink],[user=jaibeer],[host=ECSG-HP-07],[pid=4607],[date=15-Jun-2026]
12:57:55 IN: "simulink" jaibeer@ECSG-HP-07
13:29:31 (MLM) CHECKOUT: [feature=aerospace_toolbox],[user=jaibeer],[host=RDP-LAB],[pid=4608],[license_number=40554608],[date=15-Jun-2026]
13:29:31 OUT: "aerospace_toolbox" jaibeer@RDP-LAB
15:13:31 (MLM) CHECKIN: [feature=aerospace_toolbox],[user=jaibeer],[host=RDP-LAB],[pid=4608],[date=15-Jun-2026]
15:13:31 IN: "aerospace_toolbox" jaibeer@RDP-LAB
17:36:08 (MLM) CHECKOUT: [feature=signal_blocks],[user=amit_ad],[host=RDP-LAB],[pid=4609],[license_number=40554609],[date=15-Jun-2026]
17:36:08 OUT: "signal_blocks" amit_ad@RDP-LAB
18:18:08 (MLM) CHECKIN: [feature=signal_blocks],[user=amit_ad],[host=RDP-LAB],[pid=4609],[date=15-Jun-2026]
18:18:08 IN: "signal_blocks" amit_ad@RDP-LAB
14:37:26 (MLM) CHECKOUT: [feature=simulink],[user=jaibeer],[host=RDP-LAB],[pid=4610],[license_number=40554610],[date=15-Jun-2026]
14:37:26 OUT: "simulink" jaibeer@RDP-LAB
15:32:26 (MLM) CHECKIN: [feature=simulink],[user=jaibeer],[host=RDP-LAB],[pid=4610],[date=15-Jun-2026]
17:27:50 (MLM) CHECKOUT: [feature=MATLAB],[user=k_brahmiah],[host=RDP-LAB],[pid=4611],[license_number=40554611],[date=15-Jun-2026]
19:09:50 (MLM) CHECKIN: [feature=MATLAB],[user=k_brahmiah],[host=RDP-LAB],[pid=4611],[date=15-Jun-2026]
19:09:50 IN: "MATLAB" k_brahmiah@RDP-LAB
17:53:31 (MLM) CHECKOUT: [feature=signal_blocks],[user=sudhakr_kunnur],[host=ECSG-HP-10],[pid=4612],[license_number=40554612],[date=15-Jun-2026]
17:53:31 OUT: "signal_blocks" sudhakr_kunnur@ECSG-HP-10
19:31:31 (MLM) CHECKIN: [feature=signal_blocks],[user=sudhakr_kunnur],[host=ECSG-HP-10],[pid=4612],[date=15-Jun-2026]
19:31:31 IN: "signal_blocks" sudhakr_kunnur@ECSG-HP-10
14:04:38 (MLM) CHECKOUT: [feature=control_toolbox],[user=vinay],[host=DO5P-PC-222],[pid=4613],[license_number=40554613],[date=15-Jun-2026]
14:04:38 OUT: "control_toolbox" vinay@DO5P-PC-222
15:56:38 (MLM) CHECKIN: [feature=control_toolbox],[user=vinay],[host=DO5P-PC-222],[pid=4613],[date=15-Jun-2026]
15:56:38 IN: "control_toolbox" vinay@DO5P-PC-222
10:56:37 (MLM) CHECKOUT: [feature=MATLAB],[user=jaibeer],[host=ECSG-HP-10],[pid=4614],[license_number=40554614],[date=15-Jun-2026]
11:11:37 (MLM) CHECKIN: [feature=MATLAB],[user=jaibeer],[host=ECSG-HP-10],[pid=4614],[date=15-Jun-2026]
14:39:36 (MLM) CHECKOUT: [feature=simulink],[user=jaibeer],[host=ECSG-HP-07],[pid=4615],[license_number=40554615],[date=15-Jun-2026]
14:39:36 OUT: "simulink" jaibeer@ECSG-HP-07
16:15:36 (MLM) CHECKIN: [feature=simulink],[user=jaibeer],[host=ECSG-HP-07],[pid=4615],[date=15-Jun-2026]
16:15:36 IN: "simulink" jaibeer@ECSG-HP-07
00:00:01 (MLM) TIMESTAMP 6/16/2026
13:05:37 (MLM) CHECKOUT: [feature=signal_blocks],[user=amit_ad],[host=ECSG-HP-07],[pid=4616],[license_number=40554616],[date=16-Jun-2026]
13:05:37 OUT: "signal_blocks" amit_ad@ECSG-HP-07
15:03:37 (MLM) CHECKIN: [feature=signal_blocks],[user=amit_ad],[host=ECSG-HP-07],[pid=4616],[date=16-Jun-2026]
16:03:00 (MLM) CHECKOUT: [feature=signal_toolbox],[user=amit_ad],[host=ECSG-HP-10],[pid=4617],[license_number=40554617],[date=16-Jun-2026]
17:49:00 (MLM) CHECKIN: [feature=signal_toolbox],[user=amit_ad],[host=ECSG-HP-10],[pid=4617],[date=16-Jun-2026]
17:49:00 IN: "signal_toolbox" amit_ad@ECSG-HP-10
17:25:40 (MLM) CHECKOUT: [feature=MATLAB],[user=sudhakr_kunnur],[host=ECSG-HP-10],[pid=4618],[license_number=40554618],[date=16-Jun-2026]
17:25:40 OUT: "MATLAB" sudhakr_kunnur@ECSG-HP-10
19:17:40 (MLM) CHECKIN: [feature=MATLAB],[user=sudhakr_kunnur],[host=ECSG-HP-10],[pid=4618],[date=16-Jun-2026]
19:17:40 IN: "MATLAB" sudhakr_kunnur@ECSG-HP-10
11:35:24 (MLM) CHECKOUT: [feature=simulink],[user=sudhakr_kunnur],[host=DO5P-PC-222],[pid=4619],[license_number=40554619],[date=16-Jun-2026]
13:36:24 (MLM) CHECKIN: [feature=simulink],[user=sudhakr_kunnur],[host=DO5P-PC-222],[pid=4619],[date=16-Jun-2026]
13:36:24 IN: "simulink" sudhakr_kunnur@DO5P-PC-222
09:41:01 (MLM) CHECKOUT: [feature=MATLAB],[user=efcs],[host=DO5P-PC-222],[pid=4620],[license_number=40554620],[date=16-Jun-2026]
09:41:01 OUT: "MATLAB" efcs@DO5P-PC-222
11:47:01 (MLM) CHECKIN: [feature=MATLAB],[user=efcs],[host=DO5P-PC-222],[pid=4620],[date=16-Jun-2026]
14:55:29 (MLM) CHECKOUT: [feature=simulink_control_design],[user=abhishek],[host=DO5P-PC-222],[pid=4621],[license_number=40554621],[date=16-Jun-2026]
16:58:29 (MLM) CHECKIN: [feature=simulink_control_design],[user=abhishek],[host=DO5P-PC-222],[pid=4621],[date=16-Jun-2026]
16:58:29 IN: "simulink_control_design" abhishek@DO5P-PC-222
15:24:22 (MLM) CHECKOUT: [feature=simulink],[user=rahul],[host=ECSG-HP-07],[pid=4622],[license_number=40554622],[date=16-Jun-2026]
15:24:22 OUT: "simulink" rahul@ECSG-HP-07
15:40:22 (MLM) CHECKIN: [feature=simulink],[user=rahul],[host=ECSG-HP-07],[pid=4622],[date=16-Jun-2026]
15:40:22 IN: "simulink" rahul@ECSG-HP-07
12:26:59 (MLM) CHECKOUT: [feature=signal_blocks],[user=amit_ad],[host=DO5P-PC-222],[pid=4623],[license_number=40554623],[date=16-Jun-2026]
12:26:59 OUT: "signal_blocks" amit_ad@DO5P-PC-222
12:50:59 (MLM) CHECKIN: [feature=signal_blocks],[user=amit_ad],[host=DO5P-PC-222],[pid=4623],[date=16-Jun-2026]
12:50:59 IN: "signal_blocks" amit_ad@DO5P-PC-222
09:09:46 (MLM) CHECKOUT: [feature=simulink],[user=vinay],[host=ECSG-HP-10],[pid=4624],[license_number=40554624],[date=16-Jun-2026]
10:35:46 (MLM) CHECKIN: [feature=simulink],[user=vinay],[host=ECSG-HP-10],[pid=4624],[date=16-Jun-2026]
10:35:46 IN: "simulink" vinay@ECSG-HP-10
15:40:47 (MLM) CHECKOUT: [feature=MATLAB],[user=abhishek],[host=LAB-WS-18],[pid=4625],[license_number=40554625],[date=16-Jun-2026]
15:40:47 OUT: "MATLAB" abhishek@LAB-WS-18
18:37:47 (MLM) CHECKIN: [feature=MATLAB],[user=abhishek],[host=LAB-WS-18],[pid=4625],[date=16-Jun-2026]
18:37:47 IN: "MATLAB" abhishek@LAB-WS-18
13:34:49 (MLM) CHECKOUT: [feature=MATLAB],[user=rahul],[host=LAB-WS-18],[pid=4626],[license_number=40554626],[date=16-Jun-2026]
13:34:49 OUT: "MATLAB" rahul@LAB-WS-18
15:49:49 (MLM) CHECKIN: [feature=MATLAB],[user=rahul],[host=LAB-WS-18],[pid=4626],[date=16-Jun-2026]
15:49:49 IN: "MATLAB" rahul@LAB-WS-18
12:18:10 (MLM) CHECKOUT: [feature=distri_computing_toolbox],[user=k_brahmiah],[host=RDP-LAB],[pid=4627],[license_number=40554627],[date=16-Jun-2026]
12:18:10 OUT: "distri_computing_toolbox" k_brahmiah@RDP-LAB
13:50:10 (MLM) CHECKIN: [feature=distri_computing_toolbox],[user=k_brahmiah],[host=RDP-LAB],[pid=4627],[date=16-Jun-2026]
17:10:36 (MLM) CHECKOUT: [feature=simulink],[user=rahul],[host=ECSG-HP-10],[pid=4628],[license_number=40554628],[date=16-Jun-2026]
17:10:36 OUT: "simulink" rahul@ECSG-HP-10
20:04:36 (MLM) CHECKIN: [feature=simulink],[user=rahul],[host=ECSG-HP-10],[pid=4628],[date=16-Jun-2026]
20:04:36 IN: "simulink" rahul@ECSG-HP-10
12:16:08 (MLM) CHECKOUT: [feature=simulink],[user=rahul],[host=DO5P-PC-222],[pid=4629],[license_number=40554629],[date=16-Jun-2026]
12:16:08 OUT: "simulink" rahul@DO5P-PC-222
13:36:08 (MLM) CHECKIN: [feature=simulink],[user=rahul],[host=DO5P-PC-222],[pid=4629],[date=16-Jun-2026]
13:36:08 IN: "simulink" rahul@DO5P-PC-222
10:42:28 (MLM) CHECKOUT: [feature=polyspace_bf],[user=abhishek],[host=DO5P-PC-222],[pid=4630],[license_number=40554630],[date=16-Jun-2026]
10:42:28 OUT: "polyspace_bf" abhishek@DO5P-PC-222
11:57:28 (MLM) CHECKIN: [feature=polyspace_bf],[user=abhishek],[host=DO5P-PC-222],[pid=4630],[date=16-Jun-2026]
11:57:28 IN: "polyspace_bf" abhishek@DO5P-PC-222
09:09:38 (MLM) CHECKOUT: [feature=control_toolbox],[user=vinay],[host=ECSG-HP-10],[pid=4631],[license_number=40554631],[date=16-Jun-2026]
11:30:38 (MLM) CHECKIN: [feature=control_toolbox],[user=vinay],[host=ECSG-HP-10],[pid=4631],[date=16-Jun-2026]
15:46:40 (MLM) CHECKOUT: [feature=MATLAB],[user=k_brahmiah],[host=ECSG-HP-07],[pid=4632],[license_number=40554632],[date=16-Jun-2026]
15:46:40 OUT: "MATLAB" k_brahmiah@ECSG-HP-07
17:29:40 (MLM) CHECKIN: [feature=MATLAB],[user=k_brahmiah],[host=ECSG-HP-07],[pid=4632],[date=16-Jun-2026]
17:29:40 IN: "MATLAB" k_brahmiah@ECSG-HP-07
15:25:30 (MLM) CHECKOUT: [feature=MATLAB],[user=sudhakr_kunnur],[host=ECSG-HP-10],[pid=4633],[license_number=40554633],[date=16-Jun-2026]
15:25:30 OUT: "MATLAB" sudhakr_kunnur@ECSG-HP-10
17:56:30 (MLM) CHECKIN: [feature=MATLAB],[user=sudhakr_kunnur],[host=ECSG-HP-10],[pid=4633],[date=16-Jun-2026]
17:56:30 IN: "MATLAB" sudhakr_kunnur@ECSG-HP-10
10:33:55 (MLM) CHECKOUT: [feature=simulink],[user=jaibeer],[host=ECSG-HP-07],[pid=4634],[license_number=40554634],[date=16-Jun-2026]
10:33:55 OUT: "simulink" jaibeer@ECSG-HP-07
12:42:55 (MLM) CHECKIN: [feature=simulink],[user=jaibeer],[host=ECSG-HP-07],[pid=4634],[date=16-Jun-2026]
12:42:55 IN: "simulink" jaibeer@ECSG-HP-07
08:06:58 (MLM) CHECKOUT: [feature=simulink_control_design],[user=k_brahmiah],[host=LAB-WS-18],[pid=4635],[license_number=40554635],[date=16-Jun-2026]
08:06:58 OUT: "simulink_control_design" k_brahmiah@LAB-WS-18
10:11:58 (MLM) CHECKIN: [feature=simulink_control_design],[user=k_brahmiah],[host=LAB-WS-18],[pid=4635],[date=16-Jun-2026]
10:11:58 IN: "simulink_control_design" k_brahmiah@LAB-WS-18
12:51:06 (MLM) CHECKOUT: [feature=control_toolbox],[user=jaibeer],[host=RDP-LAB],[pid=4636],[license_number=40554636],[date=16-Jun-2026]
12:51:06 OUT: "control_toolbox" jaibeer@RDP-LAB
15:04:06 (MLM) CHECKIN: [feature=control_toolbox],[user=jaibeer],[host=RDP-LAB],[pid=4636],[date=16-Jun-2026]
16:21:43 (MLM) CHECKOUT: [feature=signal_blocks],[user=vinay],[host=LAB-WS-18],[pid=4637],[license_number=40554637],[date=16-Jun-2026]
16:21:43 OUT: "signal_blocks" vinay@LAB-WS-18
18:56:43 (MLM) CHECKIN: [feature=signal_blocks],[user=vinay],[host=LAB-WS-18],[pid=4637],[date=16-Jun-2026]
18:56:43 IN: "signal_blocks" vinay@LAB-WS-18
09:33:06 (MLM) CHECKOUT: [feature=MATLAB],[user=abhishek],[host=ECSG-HP-10],[pid=4638],[license_number=40554638],[date=16-Jun-2026]
09:33:06 OUT: "MATLAB" abhishek@ECSG-HP-10
11:00:06 (MLM) CHECKIN: [feature=MATLAB],[user=abhishek],[host=ECSG-HP-10],[pid=4638],[date=16-Jun-2026]
11:00:06 IN: "MATLAB" abhishek@ECSG-HP-10
17:42:57 (MLM) CHECKOUT: [feature=MATLAB],[user=abhishek],[host=LAB-WS-18],[pid=4639],[license_number=40554639],[date=16-Jun-2026]
20:40:57 (MLM) CHECKIN: [feature=MATLAB],[user=abhishek],[host=LAB-WS-18],[pid=4639],[date=16-Jun-2026]
20:40:57 IN: "MATLAB" abhishek@LAB-WS-18
10:24:42 (MLM) CHECKOUT: [feature=aerospace_blockset],[user=efcs],[host=ECSG-HP-10],[pid=4640],[license_number=40554640],[date=16-Jun-2026]
11:26:42 (MLM) CHECKIN: [feature=aerospace_blockset],[user=efcs],[host=ECSG-HP-10],[pid=4640],[date=16-Jun-2026]
09:40:29 (MLM) CHECKOUT: [feature=control_toolbox],[user=jaibeer],[host=RDP-LAB],[pid=4641],[license_number=40554641],[date=16-Jun-2026]
11:44:29 (MLM) CHECKIN: [feature=control_toolbox],[user=jaibeer],[host=RDP-LAB],[pid=4641],[date=16-Jun-2026]
11:44:29 IN: "control_toolbox" jaibeer@RDP-LAB
09:17:49 (MLM) CHECKOUT: [feature=control_toolbox],[user=jaibeer],[host=RDP-LAB],[pid=4642],[license_number=40554642],[date=16-Jun-2026]
09:17:49 OUT: "control_toolbox" jaibeer@RDP-LAB
09:47:49 (MLM) CHECKIN: [feature=control_toolbox],[user=jaibeer],[host=RDP-LAB],[pid=4642],[date=16-Jun-2026]
09:47:49 IN: "control_toolbox" jaibeer@RDP-LAB
00:00:01 (MLM) TIMESTAMP 6/17/2026
11:39:25 (MLM) CHECKOUT: [feature=simulink],[user=sudhakr_kunnur],[host=ECSG-HP-10],[pid=4643],[license_number=40554643],[date=17-Jun-2026]
11:39:25 OUT: "simulink" sudhakr_kunnur@ECSG-HP-10
12:30:25 (MLM) CHECKIN: [feature=simulink],[user=sudhakr_kunnur],[host=ECSG-HP-10],[pid=4643],[date=17-Jun-2026]
12:30:25 IN: "simulink" sudhakr_kunnur@ECSG-HP-10
15:45:16 (MLM) CHECKOUT: [feature=simulink_control_design],[user=k_brahmiah],[host=LAB-WS-18],[pid=4644],[license_number=40554644],[date=17-Jun-2026]
15:45:16 OUT: "simulink_control_design" k_brahmiah@LAB-WS-18
16:04:16 (MLM) DENIED: "simulink_control_design" k_brahmiah@LAB-WS-18
17:04:16 (MLM) CHECKIN: [feature=simulink_control_design],[user=k_brahmiah],[host=LAB-WS-18],[pid=4644],[date=17-Jun-2026]
08:59:02 (MLM) CHECKOUT: [feature=MATLAB],[user=abhishek],[host=ECSG-HP-07],[pid=4645],[license_number=40554645],[date=17-Jun-2026]
08:59:02 OUT: "MATLAB" abhishek@ECSG-HP-07
10:38:02 (MLM) CHECKIN: [feature=MATLAB],[user=abhishek],[host=ECSG-HP-07],[pid=4645],[date=17-Jun-2026]
15:30:27 (MLM) CHECKOUT: [feature=simulink_control_design],[user=rahul],[host=LAB-WS-18],[pid=4646],[license_number=40554646],[date=17-Jun-2026]
15:30:27 OUT: "simulink_control_design" rahul@LAB-WS-18
16:02:27 (MLM) CHECKIN: [feature=simulink_control_design],[user=rahul],[host=LAB-WS-18],[pid=4646],[date=17-Jun-2026]
16:02:27 IN: "simulink_control_design" rahul@LAB-WS-18
16:59:22 (MLM) CHECKOUT: [feature=MATLAB],[user=abhishek],[host=ECSG-HP-07],[pid=4647],[license_number=40554647],[date=17-Jun-2026]
16:59:22 OUT: "MATLAB" abhishek@ECSG-HP-07
17:28:22 (MLM) CHECKIN: [feature=MATLAB],[user=abhishek],[host=ECSG-HP-07],[pid=4647],[date=17-Jun-2026]
17:28:22 IN: "MATLAB" abhishek@ECSG-HP-07
13:05:53 (MLM) CHECKOUT: [feature=signal_toolbox],[user=efcs],[host=ECSG-HP-10],[pid=4648],[license_number=40554648],[date=17-Jun-2026]
13:05:53 OUT: "signal_toolbox" efcs@ECSG-HP-10
16:05:53 (MLM) CHECKIN: [feature=signal_toolbox],[user=efcs],[host=ECSG-HP-10],[pid=4648],[date=17-Jun-2026]
16:05:53 IN: "signal_toolbox" efcs@ECSG-HP-10
12:44:24 (MLM) CHECKOUT: [feature=simulink_control_design],[user=rahul],[host=ECSG-HP-07],[pid=4649],[license_number=40554649],[date=17-Jun-2026]
14:30:24 (MLM) CHECKIN: [feature=simulink_control_design],[user=rahul],[host=ECSG-HP-07],[pid=4649],[date=17-Jun-2026]
14:30:24 IN: "simulink_control_design" rahul@ECSG-HP-07
10:02:12 (MLM) CHECKOUT: [feature=signal_blocks],[user=amit_ad],[host=ECSG-HP-07],[pid=4650],[license_number=40554650],[date=17-Jun-2026]
10:02:12 OUT: "signal_blocks" amit_ad@ECSG-HP-07
11:18:12 (MLM) CHECKIN: [feature=signal_blocks],[user=amit_ad],[host=ECSG-HP-07],[pid=4650],[date=17-Jun-2026]
11:18:12 IN: "signal_blocks" amit_ad@ECSG-HP-07
15:34:53 (MLM) CHECKOUT: [feature=simulink_control_design],[user=abhishek],[host=LAB-WS-18],[pid=4651],[license_number=40554651],[date=17-Jun-2026]
15:53:53 (MLM) CHECKIN: [feature=simulink_control_design],[user=abhishek],[host=LAB-WS-18],[pid=4651],[date=17-Jun-2026]
15:53:53 IN: "simulink_control_design" abhishek@LAB-WS-18
11:51:41 (MLM) CHECKOUT: [feature=signal_toolbox],[user=abhishek],[host=ECSG-HP-10],[pid=4652],[license_number=40554652],[date=17-Jun-2026]
11:51:41 OUT: "signal_toolbox" abhishek@ECSG-HP-10
14:23:41 (MLM) CHECKIN: [feature=signal_toolbox],[user=abhishek],[host=ECSG-HP-10],[pid=4652],[date=17-Jun-2026]
14:23:41 IN: "signal_toolbox" abhishek@ECSG-HP-10
10:31:41 (MLM) CHECKOUT: [feature=MATLAB],[user=rahul],[host=ECSG-HP-10],[pid=4653],[license_number=40554653],[date=17-Jun-2026]
10:31:41 OUT: "MATLAB" rahul@ECSG-HP-10
13:24:41 (MLM) CHECKIN: [feature=MATLAB],[user=rahul],[host=ECSG-HP-10],[pid=4653],[date=17-Jun-2026]
13:24:41 IN: "MATLAB" rahul@ECSG-HP-10
08:57:19 (MLM) CHECKOUT: [feature=MATLAB],[user=jaibeer],[host=DO5P-PC-222],[pid=4654],[license_number=40554654],[date=17-Jun-2026]
11:48:19 (MLM) CHECKIN: [feature=MATLAB],[user=jaibeer],[host=DO5P-PC-222],[pid=4654],[date=17-Jun-2026]
11:48:19 IN: "MATLAB" jaibeer@DO5P-PC-222
17:51:39 (MLM) CHECKOUT: [feature=MATLAB],[user=rahul],[host=ECSG-HP-10],[pid=4655],[license_number=40554655],[date=17-Jun-2026]
17:51:39 OUT: "MATLAB" rahul@ECSG-HP-10
19:55:39 (MLM) CHECKIN: [feature=MATLAB],[user=rahul],[host=ECSG-HP-10],[pid=4655],[date=17-Jun-2026]
19:55:39 IN: "MATLAB" rahul@ECSG-HP-10
17:34:08 (MLM) CHECKOUT: [feature=control_toolbox],[user=amit_ad],[host=ECSG-HP-07],[pid=4656],[license_number=40554656],[date=17-Jun-2026]
17:34:08 OUT: "control_toolbox" amit_ad@ECSG-HP-07
18:43:08 (MLM) CHECKIN: [feature=control_toolbox],[user=amit_ad],[host=ECSG-HP-07],[pid=4656],[date=17-Jun-2026]
12:09:48 (MLM) CHECKOUT: [feature=MATLAB],[user=jaibeer],[host=RDP-LAB],[pid=4657],[license_number=40554657],[date=17-Jun-2026]
12:09:48 OUT: "MATLAB" jaibeer@RDP-LAB
14:45:48 (MLM) CHECKIN: [feature=MATLAB],[user=jaibeer],[host=RDP-LAB],[pid=4657],[date=17-Jun-2026]
14:45:48 IN: "MATLAB" jaibeer@RDP-LAB
09:50:54 (MLM) CHECKOUT: [feature=MATLAB],[user=sudhakr_kunnur],[host=LAB-WS-18],[pid=4658],[license_number=40554658],[date=17-Jun-2026]
09:50:54 OUT: "MATLAB" sudhakr_kunnur@LAB-WS-18
10:45:54 (MLM) CHECKIN: [feature=MATLAB],[user=sudhakr_kunnur],[host=LAB-WS-18],[pid=4658],[date=17-Jun-2026]
10:45:54 IN: "MATLAB" sudhakr_kunnur@LAB-WS-18
09:45:41 (MLM) CHECKOUT: [feature=MATLAB],[user=rahul],[host=ECSG-HP-10],[pid=4659],[license_number=40554659],[date=17-Jun-2026]
09:45:41 OUT: "MATLAB" rahul@ECSG-HP-10
12:01:41 (MLM) CHECKIN: [feature=MATLAB],[user=rahul],[host=ECSG-HP-10],[pid=4659],[date=17-Jun-2026]
12:01:41 IN: "MATLAB" rahul@ECSG-HP-10
14:15:11 (MLM) CHECKOUT: [feature=simulink],[user=sudhakr_kunnur],[host=RDP-LAB],[pid=4660],[license_number=40554660],[date=17-Jun-2026]
14:15:11 OUT: "simulink" sudhakr_kunnur@RDP-LAB
14:21:11 (MLM) DENIED: "simulink" sudhakr_kunnur@RDP-LAB
16:37:11 (MLM) CHECKIN: [feature=simulink],[user=sudhakr_kunnur],[host=RDP-LAB],[pid=4660],[date=17-Jun-2026]
16:37:11 IN: "simulink" sudhakr_kunnur@RDP-LAB
08:35:15 (MLM) CHECKOUT: [feature=control_toolbox],[user=abhishek],[host=RDP-LAB],[pid=4661],[license_number=40554661],[date=17-Jun-2026]
08:35:15 OUT: "control_toolbox" abhishek@RDP-LAB
09:14:15 (MLM) CHECKIN: [feature=control_toolbox],[user=abhishek],[host=RDP-LAB],[pid=4661],[date=17-Jun-2026]
09:14:15 IN: "control_toolbox" abhishek@RDP-LAB
15:49:40 (MLM) CHECKOUT: [feature=simulink],[user=amit_ad],[host=LAB-WS-18],[pid=4662],[license_number=40554662],[date=17-Jun-2026]
15:49:40 OUT: "simulink" amit_ad@LAB-WS-18
16:53:40 (MLM) CHECKIN: [feature=simulink],[user=amit_ad],[host=LAB-WS-18],[pid=4662],[date=17-Jun-2026]
16:53:40 IN: "simulink" amit_ad@LAB-WS-18
10:42:59 (MLM) CHECKOUT: [feature=simulink],[user=abhishek],[host=ECSG-HP-07],[pid=4663],[license_number=40554663],[date=17-Jun-2026]
10:42:59 OUT: "simulink" abhishek@ECSG-HP-07
12:09:59 (MLM) CHECKIN: [feature=simulink],[user=abhishek],[host=ECSG-HP-07],[pid=4663],[date=17-Jun-2026]
12:09:59 IN: "simulink" abhishek@ECSG-HP-07
15:02:06 (MLM) CHECKOUT: [feature=aerospace_toolbox],[user=sudhakr_kunnur],[host=LAB-WS-18],[pid=4664],[license_number=40554664],[date=17-Jun-2026]
16:02:06 (MLM) CHECKIN: [feature=aerospace_toolbox],[user=sudhakr_kunnur],[host=LAB-WS-18],[pid=4664],[date=17-Jun-2026]
16:02:06 IN: "aerospace_toolbox" sudhakr_kunnur@LAB-WS-18
11:46:28 (MLM) CHECKOUT: [feature=MATLAB],[user=abhishek],[host=LAB-WS-18],[pid=4665],[license_number=40554665],[date=17-Jun-2026]
11:46:28 OUT: "MATLAB" abhishek@LAB-WS-18
12:51:28 (MLM) CHECKIN: [feature=MATLAB],[user=abhishek],[host=LAB-WS-18],[pid=4665],[date=17-Jun-2026]
13:14:06 (MLM) CHECKOUT: [feature=signal_blocks],[user=amit_ad],[host=DO5P-PC-222],[pid=4666],[license_number=40554666],[date=17-Jun-2026]
13:14:06 OUT: "signal_blocks" amit_ad@DO5P-PC-222
14:20:06 (MLM) CHECKIN: [feature=signal_blocks],[user=amit_ad],[host=DO5P-PC-222],[pid=4666],[date=17-Jun-2026]
14:20:06 IN: "signal_blocks" amit_ad@DO5P-PC-222
08:56:27 (MLM) CHECKOUT: [feature=simulink],[user=sudhakr_kunnur],[host=ECSG-HP-07],[pid=4667],[license_number=40554667],[date=17-Jun-2026]
08:56:27 OUT: "simulink" sudhakr_kunnur@ECSG-HP-07
11:07:27 (MLM) CHECKIN: [feature=simulink],[user=sudhakr_kunnur],[host=ECSG-HP-07],[pid=4667],[date=17-Jun-2026]
11:07:27 IN: "simulink" sudhakr_kunnur@ECSG-HP-07
13:17:12 (MLM) CHECKOUT: [feature=signal_blocks],[user=k_brahmiah],[host=ECSG-HP-07],[pid=4668],[license_number=40554668],[date=17-Jun-2026]
13:17:12 OUT: "signal_blocks" k_brahmiah@ECSG-HP-07
13:36:12 (MLM) DENIED: "signal_blocks" k_brahmiah@ECSG-HP-07
13:47:12 (MLM) CHECKIN: [feature=signal_blocks],[user=k_brahmiah],[host=ECSG-HP-07],[pid=4668],[date=17-Jun-2026]
13:47:12 IN: "signal_blocks" k_brahmiah@ECSG-HP-07
00:00:01 (MLM) TIMESTAMP 6/18/2026
13:14:56 (MLM) CHECKOUT: [feature=signal_toolbox],[user=amit_ad],[host=ECSG-HP-07],[pid=4669],[license_number=40554669],[date=18-Jun-2026]
13:14:56 OUT: "signal_toolbox" amit_ad@ECSG-HP-07
16:12:56 (MLM) CHECKIN: [feature=signal_toolbox],[user=amit_ad],[host=ECSG-HP-07],[pid=4669],[date=18-Jun-2026]
11:05:26 (MLM) CHECKOUT: [feature=distri_computing_toolbox],[user=amit_ad],[host=LAB-WS-18],[pid=4670],[license_number=40554670],[date=18-Jun-2026]
12:15:26 (MLM) CHECKIN: [feature=distri_computing_toolbox],[user=amit_ad],[host=LAB-WS-18],[pid=4670],[date=18-Jun-2026]
12:15:26 IN: "distri_computing_toolbox" amit_ad@LAB-WS-18
14:47:55 (MLM) CHECKOUT: [feature=MATLAB],[user=amit_ad],[host=RDP-LAB],[pid=4671],[license_number=40554671],[date=18-Jun-2026]
14:47:55 OUT: "MATLAB" amit_ad@RDP-LAB
17:30:55 (MLM) CHECKIN: [feature=MATLAB],[user=amit_ad],[host=RDP-LAB],[pid=4671],[date=18-Jun-2026]
17:30:55 IN: "MATLAB" amit_ad@RDP-LAB
08:26:02 (MLM) CHECKOUT: [feature=polyspace_bf],[user=efcs],[host=DO5P-PC-222],[pid=4672],[license_number=40554672],[date=18-Jun-2026]
08:26:02 OUT: "polyspace_bf" efcs@DO5P-PC-222
10:50:02 (MLM) CHECKIN: [feature=polyspace_bf],[user=efcs],[host=DO5P-PC-222],[pid=4672],[date=18-Jun-2026]
10:50:02 IN: "polyspace_bf" efcs@DO5P-PC-222
09:28:31 (MLM) CHECKOUT: [feature=aerospace_toolbox],[user=rahul],[host=ECSG-HP-07],[pid=4673],[license_number=40554673],[date=18-Jun-2026]
09:28:31 OUT: "aerospace_toolbox" rahul@ECSG-HP-07
09:46:31 (MLM) CHECKIN: [feature=aerospace_toolbox],[user=rahul],[host=ECSG-HP-07],[pid=4673],[date=18-Jun-2026]
09:46:31 IN: "aerospace_toolbox" rahul@ECSG-HP-07
12:15:41 (MLM) CHECKOUT: [feature=MATLAB],[user=k_brahmiah],[host=DO5P-PC-222],[pid=4674],[license_number=40554674],[date=18-Jun-2026]
12:25:41 (MLM) DENIED: "MATLAB" k_brahmiah@DO5P-PC-222
13:11:41 (MLM) CHECKIN: [feature=MATLAB],[user=k_brahmiah],[host=DO5P-PC-222],[pid=4674],[date=18-Jun-2026]
15:29:49 (MLM) CHECKOUT: [feature=MATLAB],[user=amit_ad],[host=LAB-WS-18],[pid=4675],[license_number=40554675],[date=18-Jun-2026]
15:29:49 OUT: "MATLAB" amit_ad@LAB-WS-18
16:31:49 (MLM) CHECKIN: [feature=MATLAB],[user=amit_ad],[host=LAB-WS-18],[pid=4675],[date=18-Jun-2026]
08:55:40 (MLM) CHECKOUT: [feature=simulink_control_design],[user=k_brahmiah],[host=ECSG-HP-07],[pid=4676],[license_number=40554676],[date=18-Jun-2026]
08:55:40 OUT: "simulink_control_design" k_brahmiah@ECSG-HP-07
10:35:40 (MLM) CHECKIN: [feature=simulink_control_design],[user=k_brahmiah],[host=ECSG-HP-07],[pid=4676],[date=18-Jun-2026]
10:35:40 IN: "simulink_control_design" k_brahmiah@ECSG-HP-07
17:34:36 (MLM) CHECKOUT: [feature=simulink_control_design],[user=sudhakr_kunnur],[host=RDP-LAB],[pid=4677],[license_number=40554677],[date=18-Jun-2026]
18:09:36 (MLM) CHECKIN: [feature=simulink_control_design],[user=sudhakr_kunnur],[host=RDP-LAB],[pid=4677],[date=18-Jun-2026]
18:09:36 IN: "simulink_control_design" sudhakr_kunnur@RDP-LAB
13:56:03 (MLM) CHECKOUT: [feature=simulink],[user=k_brahmiah],[host=ECSG-HP-10],[pid=4678],[license_number=40554678],[date=18-Jun-2026]
13:56:03 OUT: "simulink" k_brahmiah@ECSG-HP-10
16:49:03 (MLM) CHECKIN: [feature=simulink],[user=k_brahmiah],[host=ECSG-HP-10],[pid=4678],[date=18-Jun-2026]
16:49:03 IN: "simulink" k_brahmiah@ECSG-HP-10
16:45:49 (MLM) CHECKOUT: [feature=simulink_control_design],[user=k_brahmiah],[host=LAB-WS-18],[pid=4679],[license_number=40554679],[date=18-Jun-2026]
16:45:49 OUT: "simulink_control_design" k_brahmiah@LAB-WS-18
18:01:49 (MLM) CHECKIN: [feature=simulink_control_design],[user=k_brahmiah],[host=LAB-WS-18],[pid=4679],[date=18-Jun-2026]
18:01:49 IN: "simulink_control_design" k_brahmiah@LAB-WS-18
11:48:47 (MLM) CHECKOUT: [feature=map_toolbox],[user=jaibeer],[host=LAB-WS-18],[pid=4680],[license_number=40554680],[date=18-Jun-2026]
13:11:47 (MLM) CHECKIN: [feature=map_toolbox],[user=jaibeer],[host=LAB-WS-18],[pid=4680],[date=18-Jun-2026]
13:11:47 IN: "map_toolbox" jaibeer@LAB-WS-18
13:28:31 (MLM) CHECKOUT: [feature=MATLAB],[user=k_brahmiah],[host=ECSG-HP-10],[pid=4681],[license_number=40554681],[date=18-Jun-2026]
13:28:31 OUT: "MATLAB" k_brahmiah@ECSG-HP-10
15:43:31 (MLM) CHECKIN: [feature=MATLAB],[user=k_brahmiah],[host=ECSG-HP-10],[pid=4681],[date=18-Jun-2026]
15:39:23 (MLM) CHECKOUT: [feature=map_toolbox],[user=jaibeer],[host=LAB-WS-18],[pid=4682],[license_number=40554682],[date=18-Jun-2026]
16:10:23 (MLM) CHECKIN: [feature=map_toolbox],[user=jaibeer],[host=LAB-WS-18],[pid=4682],[date=18-Jun-2026]
16:10:23 IN: "map_toolbox" jaibeer@LAB-WS-18
10:18:04 (MLM) CHECKOUT: [feature=MATLAB],[user=amit_ad],[host=ECSG-HP-10],[pid=4683],[license_number=40554683],[date=18-Jun-2026]
10:18:04 OUT: "MATLAB" amit_ad@ECSG-HP-10
11:10:04 (MLM) CHECKIN: [feature=MATLAB],[user=amit_ad],[host=ECSG-HP-10],[pid=4683],[date=18-Jun-2026]
11:10:04 IN: "MATLAB" amit_ad@ECSG-HP-10
08:18:26 (MLM) CHECKOUT: [feature=distri_computing_toolbox],[user=amit_ad],[host=LAB-WS-18],[pid=4684],[license_number=40554684],[date=18-Jun-2026]
09:06:26 (MLM) CHECKIN: [feature=distri_computing_toolbox],[user=amit_ad],[host=LAB-WS-18],[pid=4684],[date=18-Jun-2026]
09:06:26 IN: "distri_computing_toolbox" amit_ad@LAB-WS-18
09:01:55 (MLM) CHECKOUT: [feature=control_toolbox],[user=k_brahmiah],[host=ECSG-HP-10],[pid=4685],[license_number=40554685],[date=18-Jun-2026]
11:29:55 (MLM) CHECKIN: [feature=control_toolbox],[user=k_brahmiah],[host=ECSG-HP-10],[pid=4685],[date=18-Jun-2026]
11:29:55 IN: "control_toolbox" k_brahmiah@ECSG-HP-10
13:31:37 (MLM) CHECKOUT: [feature=simulink_control_design],[user=k_brahmiah],[host=RDP-LAB],[pid=4686],[license_number=40554686],[date=18-Jun-2026]
13:31:37 OUT: "simulink_control_design" k_brahmiah@RDP-LAB
16:06:37 (MLM) CHECKIN: [feature=simulink_control_design],[user=k_brahmiah],[host=RDP-LAB],[pid=4686],[date=18-Jun-2026]
16:06:37 IN: "simulink_control_design" k_brahmiah@RDP-LAB
12:10:50 (MLM) CHECKOUT: [feature=map_toolbox],[user=sudhakr_kunnur],[host=DO5P-PC-222],[pid=4687],[license_number=40554687],[date=18-Jun-2026]
12:10:50 OUT: "map_toolbox" sudhakr_kunnur@DO5P-PC-222
13:38:50 (MLM) CHECKIN: [feature=map_toolbox],[user=sudhakr_kunnur],[host=DO5P-PC-222],[pid=4687],[date=18-Jun-2026]
10:39:59 (MLM) CHECKOUT: [feature=control_toolbox],[user=abhishek],[host=RDP-LAB],[pid=4688],[license_number=40554688],[date=18-Jun-2026]
10:39:59 OUT: "control_toolbox" abhishek@RDP-LAB
11:40:59 (MLM) CHECKIN: [feature=control_toolbox],[user=abhishek],[host=RDP-LAB],[pid=4688],[date=18-Jun-2026]
09:02:20 (MLM) CHECKOUT: [feature=MATLAB],[user=amit_ad],[host=DO5P-PC-222],[pid=4689],[license_number=40554689],[date=18-Jun-2026]
09:02:20 OUT: "MATLAB" amit_ad@DO5P-PC-222
10:51:20 (MLM) CHECKIN: [feature=MATLAB],[user=amit_ad],[host=DO5P-PC-222],[pid=4689],[date=18-Jun-2026]
10:51:20 IN: "MATLAB" amit_ad@DO5P-PC-222
00:00:01 (MLM) TIMESTAMP 6/19/2026
10:23:28 (MLM) CHECKOUT: [feature=distri_computing_toolbox],[user=vinay],[host=RDP-LAB],[pid=4690],[license_number=40554690],[date=19-Jun-2026]
10:23:28 OUT: "distri_computing_toolbox" vinay@RDP-LAB
11:55:28 (MLM) CHECKIN: [feature=distri_computing_toolbox],[user=vinay],[host=RDP-LAB],[pid=4690],[date=19-Jun-2026]
11:55:28 IN: "distri_computing_toolbox" vinay@RDP-LAB
15:59:20 (MLM) CHECKOUT: [feature=signal_blocks],[user=abhishek],[host=ECSG-HP-07],[pid=4691],[license_number=40554691],[date=19-Jun-2026]
15:59:20 OUT: "signal_blocks" abhishek@ECSG-HP-07
18:33:20 (MLM) CHECKIN: [feature=signal_blocks],[user=abhishek],[host=ECSG-HP-07],[pid=4691],[date=19-Jun-2026]
12:48:36 (MLM) CHECKOUT: [feature=simulink],[user=k_brahmiah],[host=RDP-LAB],[pid=4692],[license_number=40554692],[date=19-Jun-2026]
12:48:36 OUT: "simulink" k_brahmiah@RDP-LAB
14:56:36 (MLM) CHECKIN: [feature=simulink],[user=k_brahmiah],[host=RDP-LAB],[pid=4692],[date=19-Jun-2026]
14:56:36 IN: "simulink" k_brahmiah@RDP-LAB
10:43:35 (MLM) CHECKOUT: [feature=map_toolbox],[user=abhishek],[host=ECSG-HP-07],[pid=4693],[license_number=40554693],[date=19-Jun-2026]
10:43:35 OUT: "map_toolbox" abhishek@ECSG-HP-07
11:03:35 (MLM) DENIED: "map_toolbox" abhishek@ECSG-HP-07
11:54:35 (MLM) CHECKIN: [feature=map_toolbox],[user=abhishek],[host=ECSG-HP-07],[pid=4693],[date=19-Jun-2026]
11:54:35 IN: "map_toolbox" abhishek@ECSG-HP-07
11:37:33 (MLM) CHECKOUT: [feature=simulink],[user=abhishek],[host=ECSG-HP-10],[pid=4694],[license_number=40554694],[date=19-Jun-2026]
11:37:33 OUT: "simulink" abhishek@ECSG-HP-10
13:03:33 (MLM) CHECKIN: [feature=simulink],[user=abhishek],[host=ECSG-HP-10],[pid=4694],[date=19-Jun-2026]
13:03:33 IN: "simulink" abhishek@ECSG-HP-10
09:32:25 (MLM) CHECKOUT: [feature=simulink_control_design],[user=abhishek],[host=ECSG-HP-07],[pid=4695],[license_number=40554695],[date=19-Jun-2026]
09:32:25 OUT: "simulink_control_design" abhishek@ECSG-HP-07
12:21:25 (MLM) CHECKIN: [feature=simulink_control_design],[user=abhishek],[host=ECSG-HP-07],[pid=4695],[date=19-Jun-2026]
12:21:25 IN: "simulink_control_design" abhishek@ECSG-HP-07
14:23:24 (MLM) CHECKOUT: [feature=signal_toolbox],[user=abhishek],[host=RDP-LAB],[pid=4696],[license_number=40554696],[date=19-Jun-2026]
14:23:24 OUT: "signal_toolbox" abhishek@RDP-LAB
16:07:24 (MLM) CHECKIN: [feature=signal_toolbox],[user=abhishek],[host=RDP-LAB],[pid=4696],[date=19-Jun-2026]
16:07:24 IN: "signal_toolbox" abhishek@RDP-LAB
15:47:26 (MLM) CHECKOUT: [feature=MATLAB],[user=rahul],[host=LAB-WS-18],[pid=4697],[license_number=40554697],[date=19-Jun-2026]
17:50:26 (MLM) CHECKIN: [feature=MATLAB],[user=rahul],[host=LAB-WS-18],[pid=4697],[date=19-Jun-2026]
10:13:19 (MLM) CHECKOUT: [feature=simulink],[user=k_brahmiah],[host=LAB-WS-18],[pid=4698],[license_number=40554698],[date=19-Jun-2026]
10:13:19 OUT: "simulink" k_brahmiah@LAB-WS-18
11:53:19 (MLM) CHECKIN: [feature=simulink],[user=k_brahmiah],[host=LAB-WS-18],[pid=4698],[date=19-Jun-2026]
11:53:19 IN: "simulink" k_brahmiah@LAB-WS-18
14:40:58 (MLM) CHECKOUT: [feature=MATLAB],[user=efcs],[host=ECSG-HP-07],[pid=4699],[license_number=40554699],[date=19-Jun-2026]
14:40:58 OUT: "MATLAB" efcs@ECSG-HP-07
16:53:58 (MLM) CHECKIN: [feature=MATLAB],[user=efcs],[host=ECSG-HP-07],[pid=4699],[date=19-Jun-2026]
14:18:35 (MLM) CHECKOUT: [feature=MATLAB],[user=vinay],[host=DO5P-PC-222],[pid=4700],[license_number=40554700],[date=19-Jun-2026]
14:18:35 OUT: "MATLAB" vinay@DO5P-PC-222
15:50:35 (MLM) CHECKIN: [feature=MATLAB],[user=vinay],[host=DO5P-PC-222],[pid=4700],[date=19-Jun-2026]
11:01:50 (MLM) CHECKOUT: [feature=signal_blocks],[user=sudhakr_kunnur],[host=LAB-WS-18],[pid=4701],[license_number=40554701],[date=19-Jun-2026]
11:01:50 OUT: "signal_blocks" sudhakr_kunnur@LAB-WS-18
13:59:50 (MLM) CHECKIN: [feature=signal_blocks],[user=sudhakr_kunnur],[host=LAB-WS-18],[pid=4701],[date=19-Jun-2026]
15:58:44 (MLM) CHECKOUT: [feature=signal_toolbox],[user=rahul],[host=RDP-LAB],[pid=4702],[license_number=40554702],[date=19-Jun-2026]
15:58:44 OUT: "signal_toolbox" rahul@RDP-LAB
16:07:44 (MLM) DENIED: "signal_toolbox" rahul@RDP-LAB
18:19:44 (MLM) CHECKIN: [feature=signal_toolbox],[user=rahul],[host=RDP-LAB],[pid=4702],[date=19-Jun-2026]
17:27:55 (MLM) CHECKOUT: [feature=simulink],[user=abhishek],[host=RDP-LAB],[pid=4703],[license_number=40554703],[date=19-Jun-2026]
17:27:55 OUT: "simulink" abhishek@RDP-LAB
18:12:55 (MLM) CHECKIN: [feature=simulink],[user=abhishek],[host=RDP-LAB],[pid=4703],[date=19-Jun-2026]
18:12:55 IN: "simulink" abhishek@RDP-LAB
10:37:03 (MLM) CHECKOUT: [feature=aerospace_blockset],[user=vinay],[host=ECSG-HP-10],[pid=4704],[license_number=40554704],[date=19-Jun-2026]
10:37:03 OUT: "aerospace_blockset" vinay@ECSG-HP-10
11:26:03 (MLM) CHECKIN: [feature=aerospace_blockset],[user=vinay],[host=ECSG-HP-10],[pid=4704],[date=19-Jun-2026]
11:26:03 IN: "aerospace_blockset" vinay@ECSG-HP-10
13:03:18 (MLM) CHECKOUT: [feature=signal_toolbox],[user=abhishek],[host=RDP-LAB],[pid=4705],[license_number=40554705],[date=19-Jun-2026]
13:03:18 OUT: "signal_toolbox" abhishek@RDP-LAB
13:37:18 (MLM) CHECKIN: [feature=signal_toolbox],[user=abhishek],[host=RDP-LAB],[pid=4705],[date=19-Jun-2026]
13:37:18 IN: "signal_toolbox" abhishek@RDP-LAB
17:48:10 (MLM) CHECKOUT: [feature=signal_blocks],[user=vinay],[host=DO5P-PC-222],[pid=4706],[license_number=40554706],[date=19-Jun-2026]
17:48:10 OUT: "signal_blocks" vinay@DO5P-PC-222
19:20:10 (MLM) CHECKIN: [feature=signal_blocks],[user=vinay],[host=DO5P-PC-222],[pid=4706],[date=19-Jun-2026]
19:20:10 IN: "signal_blocks" vinay@DO5P-PC-222
17:22:52 (MLM) CHECKOUT: [feature=MATLAB],[user=jaibeer],[host=RDP-LAB],[pid=4707],[license_number=40554707],[date=19-Jun-2026]
17:22:52 OUT: "MATLAB" jaibeer@RDP-LAB
18:49:52 (MLM) CHECKIN: [feature=MATLAB],[user=jaibeer],[host=RDP-LAB],[pid=4707],[date=19-Jun-2026]
18:49:52 IN: "MATLAB" jaibeer@RDP-LAB
10:06:13 (MLM) CHECKOUT: [feature=polyspace_bf],[user=rahul],[host=RDP-LAB],[pid=4708],[license_number=40554708],[date=19-Jun-2026]
10:06:13 OUT: "polyspace_bf" rahul@RDP-LAB
11:09:13 (MLM) CHECKIN: [feature=polyspace_bf],[user=rahul],[host=RDP-LAB],[pid=4708],[date=19-Jun-2026]
16:44:48 (MLM) CHECKOUT: [feature=aerospace_blockset],[user=rahul],[host=LAB-WS-18],[pid=4709],[license_number=40554709],[date=19-Jun-2026]
17:18:48 (MLM) CHECKIN: [feature=aerospace_blockset],[user=rahul],[host=LAB-WS-18],[pid=4709],[date=19-Jun-2026]
17:18:48 IN: "aerospace_blockset" rahul@LAB-WS-18
12:44:23 (MLM) CHECKOUT: [feature=simulink],[user=abhishek],[host=ECSG-HP-10],[pid=4710],[license_number=40554710],[date=19-Jun-2026]
12:44:23 OUT: "simulink" abhishek@ECSG-HP-10
15:31:23 (MLM) CHECKIN: [feature=simulink],[user=abhishek],[host=ECSG-HP-10],[pid=4710],[date=19-Jun-2026]
15:31:23 IN: "simulink" abhishek@ECSG-HP-10
08:47:52 (MLM) CHECKOUT: [feature=simulink_control_design],[user=efcs],[host=DO5P-PC-222],[pid=4711],[license_number=40554711],[date=19-Jun-2026]
08:47:52 OUT: "simulink_control_design" efcs@DO5P-PC-222
09:38:52 (MLM) CHECKIN: [feature=simulink_control_design],[user=efcs],[host=DO5P-PC-222],[pid=4711],[date=19-Jun-2026]
09:38:52 IN: "simulink_control_design" efcs@DO5P-PC-222
09:27:44 (MLM) CHECKOUT: [feature=MATLAB],[user=sudhakr_kunnur],[host=DO5P-PC-222],[pid=4712],[license_number=40554712],[date=19-Jun-2026]
09:46:44 (MLM) CHECKIN: [feature=MATLAB],[user=sudhakr_kunnur],[host=DO5P-PC-222],[pid=4712],[date=19-Jun-2026]
08:50:42 (MLM) CHECKOUT: [feature=MATLAB],[user=vinay],[host=ECSG-HP-10],[pid=4713],[license_number=40554713],[date=19-Jun-2026]
08:50:42 OUT: "MATLAB" vinay@ECSG-HP-10
08:54:42 (MLM) DENIED: "MATLAB" vinay@ECSG-HP-10
10:09:42 (MLM) CHECKIN: [feature=MATLAB],[user=vinay],[host=ECSG-HP-10],[pid=4713],[date=19-Jun-2026]
10:09:42 IN: "MATLAB" vinay@ECSG-HP-10
09:58:38 (MLM) CHECKOUT: [feature=signal_blocks],[user=sudhakr_kunnur],[host=ECSG-HP-10],[pid=4714],[license_number=40554714],[date=19-Jun-2026]
09:58:38 OUT: "signal_blocks" sudhakr_kunnur@ECSG-HP-10
11:00:38 (MLM) CHECKIN: [feature=signal_blocks],[user=sudhakr_kunnur],[host=ECSG-HP-10],[pid=4714],[date=19-Jun-2026]
11:00:38 IN: "signal_blocks" sudhakr_kunnur@ECSG-HP-10
12:37:22 (MLM) CHECKOUT: [feature=aerospace_blockset],[user=abhishek],[host=DO5P-PC-222],[pid=4715],[license_number=40554715],[date=19-Jun-2026]
12:37:22 OUT: "aerospace_blockset" abhishek@DO5P-PC-222
15:28:22 (MLM) CHECKIN: [feature=aerospace_blockset],[user=abhishek],[host=DO5P-PC-222],[pid=4715],[date=19-Jun-2026]
15:28:22 IN: "aerospace_blockset" abhishek@DO5P-PC-222
08:33:13 (MLM) CHECKOUT: [feature=aerospace_toolbox],[user=rahul],[host=ECSG-HP-10],[pid=4716],[license_number=40554716],[date=19-Jun-2026]
09:31:13 (MLM) CHECKIN: [feature=aerospace_toolbox],[user=rahul],[host=ECSG-HP-10],[pid=4716],[date=19-Jun-2026]
16:54:45 (MLM) CHECKOUT: [feature=polyspace_bf],[user=rahul],[host=ECSG-HP-10],[pid=4717],[license_number=40554717],[date=19-Jun-2026]
16:54:45 OUT: "polyspace_bf" rahul@ECSG-HP-10
17:56:45 (MLM) CHECKIN: [feature=polyspace_bf],[user=rahul],[host=ECSG-HP-10],[pid=4717],[date=19-Jun-2026]
17:56:45 IN: "polyspace_bf" rahul@ECSG-HP-10
14:27:13 (MLM) CHECKOUT: [feature=aerospace_blockset],[user=efcs],[host=DO5P-PC-222],[pid=4718],[license_number=40554718],[date=19-Jun-2026]
14:27:13 OUT: "aerospace_blockset" efcs@DO5P-PC-222
16:02:13 (MLM) CHECKIN: [feature=aerospace_blockset],[user=efcs],[host=DO5P-PC-222],[pid=4718],[date=19-Jun-2026]
16:02:13 IN: "aerospace_blockset" efcs@DO5P-PC-222
13:45:18 (MLM) CHECKOUT: [feature=simulink],[user=abhishek],[host=DO5P-PC-222],[pid=4719],[license_number=40554719],[date=19-Jun-2026]
13:45:18 OUT: "simulink" abhishek@DO5P-PC-222
13:56:18 (MLM) DENIED: "simulink" abhishek@DO5P-PC-222
16:06:18 (MLM) CHECKIN: [feature=simulink],[user=abhishek],[host=DO5P-PC-222],[pid=4719],[date=19-Jun-2026]
16:06:18 IN: "simulink" abhishek@DO5P-PC-222
15:14:35 (MLM) CHECKOUT: [feature=signal_blocks],[user=sudhakr_kunnur],[host=LAB-WS-18],[pid=4720],[license_number=40554720],[date=19-Jun-2026]
15:14:35 OUT: "signal_blocks" sudhakr_kunnur@LAB-WS-18
17:18:35 (MLM) CHECKIN: [feature=signal_blocks],[user=sudhakr_kunnur],[host=LAB-WS-18],[pid=4720],[date=19-Jun-2026]
17:18:35 IN: "signal_blocks" sudhakr_kunnur@LAB-WS-18
13:11:00 (MLM) CHECKOUT: [feature=polyspace_bf],[user=abhishek],[host=ECSG-HP-07],[pid=4721],[license_number=40554721],[date=19-Jun-2026]
13:52:00 (MLM) CHECKIN: [feature=polyspace_bf],[user=abhishek],[host=ECSG-HP-07],[pid=4721],[date=19-Jun-2026]
13:52:00 IN: "polyspace_bf" abhishek@ECSG-HP-07
14:25:44 (MLM) CHECKOUT: [feature=MATLAB],[user=rahul],[host=ECSG-HP-10],[pid=4722],[license_number=40554722],[date=19-Jun-2026]
14:25:44 OUT: "MATLAB" rahul@ECSG-HP-10
15:23:44 (MLM) CHECKIN: [feature=MATLAB],[user=rahul],[host=ECSG-HP-10],[pid=4722],[date=19-Jun-2026]
15:23:44 IN: "MATLAB" rahul@ECSG-HP-10
14:07:14 (MLM) CHECKOUT: [feature=MATLAB],[user=efcs],[host=RDP-LAB],[pid=4723],[license_number=40554723],[date=19-Jun-2026]
15:33:14 (MLM) CHECKIN: [feature=MATLAB],[user=efcs],[host=RDP-LAB],[pid=4723],[date=19-Jun-2026]
14:22:30 (MLM) CHECKOUT: [feature=control_toolbox],[user=vinay],[host=LAB-WS-18],[pid=4724],[license_number=40554724],[date=19-Jun-2026]
14:22:30 OUT: "control_toolbox" vinay@LAB-WS-18
16:41:30 (MLM) CHECKIN: [feature=control_toolbox],[user=vinay],[host=LAB-WS-18],[pid=4724],[date=19-Jun-2026]
16:41:30 IN: "control_toolbox" vinay@LAB-WS-18
00:00:01 (MLM) TIMESTAMP 6/20/2026
15:31:14 (MLM) CHECKOUT: [feature=MATLAB],[user=vinay],[host=ECSG-HP-10],[pid=4725],[license_number=40554725],[date=20-Jun-2026]
15:31:14 OUT: "MATLAB" vinay@ECSG-HP-10
16:11:14 (MLM) CHECKIN: [feature=MATLAB],[user=vinay],[host=ECSG-HP-10],[pid=4725],[date=20-Jun-2026]
10:24:38 (MLM) CHECKOUT: [feature=simulink_control_design],[user=vinay],[host=ECSG-HP-07],[pid=4726],[license_number=40554726],[date=20-Jun-2026]
10:24:38 OUT: "simulink_control_design" vinay@ECSG-HP-07
13:18:38 (MLM) CHECKIN: [feature=simulink_control_design],[user=vinay],[host=ECSG-HP-07],[pid=4726],[date=20-Jun-2026]
13:18:38 IN: "simulink_control_design" vinay@ECSG-HP-07
15:12:18 (MLM) CHECKOUT: [feature=signal_blocks],[user=vinay],[host=LAB-WS-18],[pid=4727],[license_number=40554727],[date=20-Jun-2026]
15:12:18 OUT: "signal_blocks" vinay@LAB-WS-18
16:33:18 (MLM) CHECKIN: [feature=signal_blocks],[user=vinay],[host=LAB-WS-18],[pid=4727],[date=20-Jun-2026]
16:33:18 IN: "signal_blocks" vinay@LAB-WS-18
08:27:56 (MLM) CHECKOUT: [feature=simulink],[user=vinay],[host=LAB-WS-18],[pid=4728],[license_number=40554728],[date=20-Jun-2026]
10:02:56 (MLM) CHECKIN: [feature=simulink],[user=vinay],[host=LAB-WS-18],[pid=4728],[date=20-Jun-2026]
16:42:55 (MLM) CHECKOUT: [feature=MATLAB],[user=k_brahmiah],[host=ECSG-HP-10],[pid=4729],[license_number=40554729],[date=20-Jun-2026]
17:39:55 (MLM) CHECKIN: [feature=MATLAB],[user=k_brahmiah],[host=ECSG-HP-10],[pid=4729],[date=20-Jun-2026]
17:39:55 IN: "MATLAB" k_brahmiah@ECSG-HP-10
09:36:43 (MLM) CHECKOUT: [feature=simulink],[user=abhishek],[host=ECSG-HP-07],[pid=4730],[license_number=40554730],[date=20-Jun-2026]
09:36:43 OUT: "simulink" abhishek@ECSG-HP-07
12:09:43 (MLM) CHECKIN: [feature=simulink],[user=abhishek],[host=ECSG-HP-07],[pid=4730],[date=20-Jun-2026]
12:09:43 IN: "simulink" abhishek@ECSG-HP-07
14:16:31 (MLM) CHECKOUT: [feature=simulink],[user=rahul],[host=DO5P-PC-222],[pid=4731],[license_number=40554731],[date=20-Jun-2026]
14:16:31 OUT: "simulink" rahul@DO5P-PC-222
16:01:31 (MLM) CHECKIN: [feature=simulink],[user=rahul],[host=DO5P-PC-222],[pid=4731],[date=20-Jun-2026]
08:08:53 (MLM) CHECKOUT: [feature=MATLAB],[user=sudhakr_kunnur],[host=ECSG-HP-10],[pid=4732],[license_number=40554732],[date=20-Jun-2026]
08:08:53 OUT: "MATLAB" sudhakr_kunnur@ECSG-HP-10
10:52:53 (MLM) CHECKIN: [feature=MATLAB],[user=sudhakr_kunnur],[host=ECSG-HP-10],[pid=4732],[date=20-Jun-2026]
10:52:53 IN: "MATLAB" sudhakr_kunnur@ECSG-HP-10
14:22:22 (MLM) CHECKOUT: [feature=signal_toolbox],[user=amit_ad],[host=RDP-LAB],[pid=4733],[license_number=40554733],[date=20-Jun-2026]
14:22:22 OUT: "signal_toolbox" amit_ad@RDP-LAB
14:30:22 (MLM) DENIED: "signal_toolbox" amit_ad@RDP-LAB
15:40:22 (MLM) CHECKIN: [feature=signal_toolbox],[user=amit_ad],[host=RDP-LAB],[pid=4733],[date=20-Jun-2026]
15:40:22 IN: "signal_toolbox" amit_ad@RDP-LAB
09:55:19 (MLM) CHECKOUT: [feature=polyspace_bf],[user=sudhakr_kunnur],[host=ECSG-HP-10],[pid=4734],[license_number=40554734],[date=20-Jun-2026]
09:55:19 OUT: "polyspace_bf" sudhakr_kunnur@ECSG-HP-10
12:27:19 (MLM) CHECKIN: [feature=polyspace_bf],[user=sudhakr_kunnur],[host=ECSG-HP-10],[pid=4734],[date=20-Jun-2026]
12:27:19 IN: "polyspace_bf" sudhakr_kunnur@ECSG-HP-10
14:17:01 (MLM) CHECKOUT: [feature=simulink],[user=rahul],[host=ECSG-HP-07],[pid=4735],[license_number=40554735],[date=20-Jun-2026]
14:17:01 OUT: "simulink" rahul@ECSG-HP-07
15:53:01 (MLM) CHECKIN: [feature=simulink],[user=rahul],[host=ECSG-HP-07],[pid=4735],[date=20-Jun-2026]
15:53:01 IN: "simulink" rahul@ECSG-HP-07
15:06:44 (MLM) CHECKOUT: [feature=MATLAB],[user=k_brahmiah],[host=LAB-WS-18],[pid=4736],[license_number=40554736],[date=20-Jun-2026]
15:06:44 OUT: "MATLAB" k_brahmiah@LAB-WS-18
17:29:44 (MLM) CHECKIN: [feature=MATLAB],[user=k_brahmiah],[host=LAB-WS-18],[pid=4736],[date=20-Jun-2026]
13:27:12 (MLM) CHECKOUT: [feature=simulink],[user=jaibeer],[host=DO5P-PC-222],[pid=4737],[license_number=40554737],[date=20-Jun-2026]
13:27:12 OUT: "simulink" jaibeer@DO5P-PC-222
14:01:12 (MLM) CHECKIN: [feature=simulink],[user=jaibeer],[host=DO5P-PC-222],[pid=4737],[date=20-Jun-2026]
12:36:25 (MLM) CHECKOUT: [feature=control_toolbox],[user=rahul],[host=RDP-LAB],[pid=4738],[license_number=40554738],[date=20-Jun-2026]
13:14:25 (MLM) CHECKIN: [feature=control_toolbox],[user=rahul],[host=RDP-LAB],[pid=4738],[date=20-Jun-2026]
09:36:51 (MLM) CHECKOUT: [feature=control_toolbox],[user=rahul],[host=LAB-WS-18],[pid=4739],[license_number=40554739],[date=20-Jun-2026]
09:36:51 OUT: "control_toolbox" rahul@LAB-WS-18
11:19:51 (MLM) CHECKIN: [feature=control_toolbox],[user=rahul],[host=LAB-WS-18],[pid=4739],[date=20-Jun-2026]
12:27:42 (MLM) CHECKOUT: [feature=simulink],[user=jaibeer],[host=RDP-LAB],[pid=4740],[license_number=40554740],[date=20-Jun-2026]
12:27:42 OUT: "simulink" jaibeer@RDP-LAB
14:24:42 (MLM) CHECKIN: [feature=simulink],[user=jaibeer],[host=RDP-LAB],[pid=4740],[date=20-Jun-2026]
14:24:42 IN: "simulink" jaibeer@RDP-LAB
08:40:45 (MLM) CHECKOUT: [feature=MATLAB],[user=rahul],[host=LAB-WS-18],[pid=4741],[license_number=40554741],[date=20-Jun-2026]
08:40:45 OUT: "MATLAB" rahul@LAB-WS-18
11:02:45 (MLM) CHECKIN: [feature=MATLAB],[user=rahul],[host=LAB-WS-18],[pid=4741],[date=20-Jun-2026]
11:02:45 IN: "MATLAB" rahul@LAB-WS-18
16:51:39 (MLM) CHECKOUT: [feature=control_toolbox],[user=efcs],[host=ECSG-HP-07],[pid=4742],[license_number=40554742],[date=20-Jun-2026]
19:30:39 (MLM) CHECKIN: [feature=control_toolbox],[user=efcs],[host=ECSG-HP-07],[pid=4742],[date=20-Jun-2026]
10:15:09 (MLM) CHECKOUT: [feature=signal_toolbox],[user=abhishek],[host=DO5P-PC-222],[pid=4743],[license_number=40554743],[date=20-Jun-2026]
12:21:09 (MLM) CHECKIN: [feature=signal_toolbox],[user=abhishek],[host=DO5P-PC-222],[pid=4743],[date=20-Jun-2026]
12:21:09 IN: "signal_toolbox" abhishek@DO5P-PC-222
14:17:52 (MLM) CHECKOUT: [feature=simulink_control_design],[user=amit_ad],[host=ECSG-HP-10],[pid=4744],[license_number=40554744],[date=20-Jun-2026]
14:17:52 OUT: "simulink_control_design" amit_ad@ECSG-HP-10
17:05:52 (MLM) CHECKIN: [feature=simulink_control_design],[user=amit_ad],[host=ECSG-HP-10],[pid=4744],[date=20-Jun-2026]
17:05:52 IN: "simulink_control_design" amit_ad@ECSG-HP-10
11:51:52 (MLM) CHECKOUT: [feature=MATLAB],[user=sudhakr_kunnur],[host=DO5P-PC-222],[pid=4745],[license_number=40554745],[date=20-Jun-2026]
11:51:52 OUT: "MATLAB" sudhakr_kunnur@DO5P-PC-222
13:57:52 (MLM) CHECKIN: [feature=MATLAB],[user=sudhakr_kunnur],[host=DO5P-PC-222],[pid=4745],[date=20-Jun-2026]
13:57:52 IN: "MATLAB" sudhakr_kunnur@DO5P-PC-222
10:01:16 (MLM) CHECKOUT: [feature=MATLAB],[user=amit_ad],[host=DO5P-PC-222],[pid=4746],[license_number=40554746],[date=20-Jun-2026]
12:36:16 (MLM) CHECKIN: [feature=MATLAB],[user=amit_ad],[host=DO5P-PC-222],[pid=4746],[date=20-Jun-2026]
12:36:16 IN: "MATLAB" amit_ad@DO5P-PC-222
00:00:01 (MLM) TIMESTAMP 6/21/2026
08:55:57 (MLM) CHECKOUT: [feature=aerospace_toolbox],[user=efcs],[host=ECSG-HP-07],[pid=4747],[license_number=40554747],[date=21-Jun-2026]
08:55:57 OUT: "aerospace_toolbox" efcs@ECSG-HP-07
09:26:57 (MLM) CHECKIN: [feature=aerospace_toolbox],[user=efcs],[host=ECSG-HP-07],[pid=4747],[date=21-Jun-2026]
09:25:53 (MLM) CHECKOUT: [feature=simulink_control_design],[user=k_brahmiah],[host=RDP-LAB],[pid=4748],[license_number=40554748],[date=21-Jun-2026]
10:08:53 (MLM) CHECKIN: [feature=simulink_control_design],[user=k_brahmiah],[host=RDP-LAB],[pid=4748],[date=21-Jun-2026]
10:08:53 IN: "simulink_control_design" k_brahmiah@RDP-LAB
17:49:59 (MLM) CHECKOUT: [feature=simulink],[user=rahul],[host=ECSG-HP-10],[pid=4749],[license_number=40554749],[date=21-Jun-2026]
17:49:59 OUT: "simulink" rahul@ECSG-HP-10
18:27:59 (MLM) CHECKIN: [feature=simulink],[user=rahul],[host=ECSG-HP-10],[pid=4749],[date=21-Jun-2026]
18:27:59 IN: "simulink" rahul@ECSG-HP-10
17:47:24 (MLM) CHECKOUT: [feature=control_toolbox],[user=abhishek],[host=RDP-LAB],[pid=4750],[license_number=40554750],[date=21-Jun-2026]
19:50:24 (MLM) CHECKIN: [feature=control_toolbox],[user=abhishek],[host=RDP-LAB],[pid=4750],[date=21-Jun-2026]
19:50:24 IN: "control_toolbox" abhishek@RDP-LAB
15:26:16 (MLM) CHECKOUT: [feature=distri_computing_toolbox],[user=abhishek],[host=DO5P-PC-222],[pid=4751],[license_number=40554751],[date=21-Jun-2026]
15:44:16 (MLM) DENIED: "distri_computing_toolbox" abhishek@DO5P-PC-222
17:16:16 (MLM) CHECKIN: [feature=distri_computing_toolbox],[user=abhishek],[host=DO5P-PC-222],[pid=4751],[date=21-Jun-2026]
17:16:16 IN: "distri_computing_toolbox" abhishek@DO5P-PC-222
11:17:56 (MLM) CHECKOUT: [feature=signal_toolbox],[user=abhishek],[host=LAB-WS-18],[pid=4752],[license_number=40554752],[date=21-Jun-2026]
13:33:56 (MLM) CHECKIN: [feature=signal_toolbox],[user=abhishek],[host=LAB-WS-18],[pid=4752],[date=21-Jun-2026]
17:02:53 (MLM) CHECKOUT: [feature=simulink_control_design],[user=vinay],[host=ECSG-HP-10],[pid=4753],[license_number=40554753],[date=21-Jun-2026]
17:30:53 (MLM) CHECKIN: [feature=simulink_control_design],[user=vinay],[host=ECSG-HP-10],[pid=4753],[date=21-Jun-2026]
17:30:53 IN: "simulink_control_design" vinay@ECSG-HP-10
14:19:40 (MLM) CHECKOUT: [feature=control_toolbox],[user=vinay],[host=DO5P-PC-222],[pid=4754],[license_number=40554754],[date=21-Jun-2026]
15:05:40 (MLM) CHECKIN: [feature=control_toolbox],[user=vinay],[host=DO5P-PC-222],[pid=4754],[date=21-Jun-2026]
15:05:40 IN: "control_toolbox" vinay@DO5P-PC-222
14:59:58 (MLM) CHECKOUT: [feature=signal_toolbox],[user=sudhakr_kunnur],[host=ECSG-HP-07],[pid=4755],[license_number=40554755],[date=21-Jun-2026]
14:59:58 OUT: "signal_toolbox" sudhakr_kunnur@ECSG-HP-07
16:14:58 (MLM) CHECKIN: [feature=signal_toolbox],[user=sudhakr_kunnur],[host=ECSG-HP-07],[pid=4755],[date=21-Jun-2026]
16:14:58 IN: "signal_toolbox" sudhakr_kunnur@ECSG-HP-07
13:56:51 (MLM) CHECKOUT: [feature=polyspace_bf],[user=amit_ad],[host=DO5P-PC-222],[pid=4756],[license_number=40554756],[date=21-Jun-2026]
14:19:51 (MLM) CHECKIN: [feature=polyspace_bf],[user=amit_ad],[host=DO5P-PC-222],[pid=4756],[date=21-Jun-2026]
14:19:51 IN: "polyspace_bf" amit_ad@DO5P-PC-222
14:59:53 (MLM) CHECKOUT: [feature=simulink],[user=abhishek],[host=ECSG-HP-07],[pid=4757],[license_number=40554757],[date=21-Jun-2026]
14:59:53 OUT: "simulink" abhishek@ECSG-HP-07
15:39:53 (MLM) CHECKIN: [feature=simulink],[user=abhishek],[host=ECSG-HP-07],[pid=4757],[date=21-Jun-2026]
14:38:46 (MLM) CHECKOUT: [feature=MATLAB],[user=jaibeer],[host=LAB-WS-18],[pid=4758],[license_number=40554758],[date=21-Jun-2026]
16:49:46 (MLM) CHECKIN: [feature=MATLAB],[user=jaibeer],[host=LAB-WS-18],[pid=4758],[date=21-Jun-2026]
16:49:46 IN: "MATLAB" jaibeer@LAB-WS-18
10:00:25 (MLM) CHECKOUT: [feature=simulink_control_design],[user=vinay],[host=DO5P-PC-222],[pid=4759],[license_number=40554759],[date=21-Jun-2026]
10:00:25 OUT: "simulink_control_design" vinay@DO5P-PC-222
12:42:25 (MLM) CHECKIN: [feature=simulink_control_design],[user=vinay],[host=DO5P-PC-222],[pid=4759],[date=21-Jun-2026]
12:42:25 IN: "simulink_control_design" vinay@DO5P-PC-222
10:54:38 (MLM) CHECKOUT: [feature=signal_blocks],[user=abhishek],[host=LAB-WS-18],[pid=4760],[license_number=40554760],[date=21-Jun-2026]
10:54:38 OUT: "signal_blocks" abhishek@LAB-WS-18
12:30:38 (MLM) CHECKIN: [feature=signal_blocks],[user=abhishek],[host=LAB-WS-18],[pid=4760],[date=21-Jun-2026]
12:30:38 IN: "signal_blocks" abhishek@LAB-WS-18
17:52:20 (MLM) CHECKOUT: [feature=control_toolbox],[user=amit_ad],[host=DO5P-PC-222],[pid=4761],[license_number=40554761],[date=21-Jun-2026]
19:53:20 (MLM) CHECKIN: [feature=control_toolbox],[user=amit_ad],[host=DO5P-PC-222],[pid=4761],[date=21-Jun-2026]
19:53:20 IN: "control_toolbox" amit_ad@DO5P-PC-222
17:14:01 (MLM) CHECKOUT: [feature=polyspace_bf],[user=k_brahmiah],[host=ECSG-HP-07],[pid=4762],[license_number=40554762],[date=21-Jun-2026]
20:14:01 (MLM) CHECKIN: [feature=polyspace_bf],[user=k_brahmiah],[host=ECSG-HP-07],[pid=4762],[date=21-Jun-2026]
20:14:01 IN: "polyspace_bf" k_brahmiah@ECSG-HP-07
11:16:44 (MLM) CHECKOUT: [feature=distri_computing_toolbox],[user=sudhakr_kunnur],[host=ECSG-HP-10],[pid=4763],[license_number=40554763],[date=21-Jun-2026]
11:36:44 (MLM) DENIED: "distri_computing_toolbox" sudhakr_kunnur@ECSG-HP-10
13:20:44 (MLM) CHECKIN: [feature=distri_computing_toolbox],[user=sudhakr_kunnur],[host=ECSG-HP-10],[pid=4763],[date=21-Jun-2026]
13:20:44 IN: "distri_computing_toolbox" sudhakr_kunnur@ECSG-HP-10
17:07:00 (MLM) CHECKOUT: [feature=MATLAB],[user=abhishek],[host=RDP-LAB],[pid=4764],[license_number=40554764],[date=21-Jun-2026]
19:18:00 (MLM) CHECKIN: [feature=MATLAB],[user=abhishek],[host=RDP-LAB],[pid=4764],[date=21-Jun-2026]
11:55:52 (MLM) CHECKOUT: [feature=signal_blocks],[user=rahul],[host=DO5P-PC-222],[pid=4765],[license_number=40554765],[date=21-Jun-2026]
14:16:52 (MLM) CHECKIN: [feature=signal_blocks],[user=rahul],[host=DO5P-PC-222],[pid=4765],[date=21-Jun-2026]
14:16:52 IN: "signal_blocks" rahul@DO5P-PC-222
00:00:01 (MLM) TIMESTAMP 6/22/2026
12:46:43 (MLM) CHECKOUT: [feature=MATLAB],[user=amit_ad],[host=LAB-WS-18],[pid=4766],[license_number=40554766],[date=22-Jun-2026]
12:46:43 OUT: "MATLAB" amit_ad@LAB-WS-18
13:38:43 (MLM) CHECKIN: [feature=MATLAB],[user=amit_ad],[host=LAB-WS-18],[pid=4766],[date=22-Jun-2026]
13:38:43 IN: "MATLAB" amit_ad@LAB-WS-18
11:23:37 (MLM) CHECKOUT: [feature=simulink],[user=efcs],[host=DO5P-PC-222],[pid=4767],[license_number=40554767],[date=22-Jun-2026]
11:23:37 OUT: "simulink" efcs@DO5P-PC-222
11:40:37 (MLM) CHECKIN: [feature=simulink],[user=efcs],[host=DO5P-PC-222],[pid=4767],[date=22-Jun-2026]
11:40:37 IN: "simulink" efcs@DO5P-PC-222
14:45:27 (MLM) CHECKOUT: [feature=simulink_control_design],[user=amit_ad],[host=ECSG-HP-07],[pid=4768],[license_number=40554768],[date=22-Jun-2026]
15:24:27 (MLM) CHECKIN: [feature=simulink_control_design],[user=amit_ad],[host=ECSG-HP-07],[pid=4768],[date=22-Jun-2026]
15:24:27 IN: "simulink_control_design" amit_ad@ECSG-HP-07
13:38:42 (MLM) CHECKOUT: [feature=simulink],[user=abhishek],[host=DO5P-PC-222],[pid=4769],[license_number=40554769],[date=22-Jun-2026]
14:04:42 (MLM) CHECKIN: [feature=simulink],[user=abhishek],[host=DO5P-PC-222],[pid=4769],[date=22-Jun-2026]
14:04:42 IN: "simulink" abhishek@DO5P-PC-222
14:42:23 (MLM) CHECKOUT: [feature=control_toolbox],[user=rahul],[host=ECSG-HP-07],[pid=4770],[license_number=40554770],[date=22-Jun-2026]
14:42:23 OUT: "control_toolbox" rahul@ECSG-HP-07
15:07:23 (MLM) CHECKIN: [feature=control_toolbox],[user=rahul],[host=ECSG-HP-07],[pid=4770],[date=22-Jun-2026]
15:07:23 IN: "control_toolbox" rahul@ECSG-HP-07
13:56:29 (MLM) CHECKOUT: [feature=simulink],[user=sudhakr_kunnur],[host=LAB-WS-18],[pid=4771],[license_number=40554771],[date=22-Jun-2026]
13:56:29 OUT: "simulink" sudhakr_kunnur@LAB-WS-18
16:26:29 (MLM) CHECKIN: [feature=simulink],[user=sudhakr_kunnur],[host=LAB-WS-18],[pid=4771],[date=22-Jun-2026]
16:26:29 IN: "simulink" sudhakr_kunnur@LAB-WS-18
10:31:55 (MLM) CHECKOUT: [feature=MATLAB],[user=sudhakr_kunnur],[host=RDP-LAB],[pid=4772],[license_number=40554772],[date=22-Jun-2026]
12:18:55 (MLM) CHECKIN: [feature=MATLAB],[user=sudhakr_kunnur],[host=RDP-LAB],[pid=4772],[date=22-Jun-2026]
12:33:20 (MLM) CHECKOUT: [feature=simulink],[user=sudhakr_kunnur],[host=RDP-LAB],[pid=4773],[license_number=40554773],[date=22-Jun-2026]
12:33:20 OUT: "simulink" sudhakr_kunnur@RDP-LAB
14:53:20 (MLM) CHECKIN: [feature=simulink],[user=sudhakr_kunnur],[host=RDP-LAB],[pid=4773],[date=22-Jun-2026]
10:03:14 (MLM) CHECKOUT: [feature=MATLAB],[user=abhishek],[host=ECSG-HP-07],[pid=4774],[license_number=40554774],[date=22-Jun-2026]
10:03:14 OUT: "MATLAB" abhishek@ECSG-HP-07
10:59:14 (MLM) CHECKIN: [feature=MATLAB],[user=abhishek],[host=ECSG-HP-07],[pid=4774],[date=22-Jun-2026]
13:45:35 (MLM) CHECKOUT: [feature=MATLAB],[user=k_brahmiah],[host=ECSG-HP-07],[pid=4775],[license_number=40554775],[date=22-Jun-2026]
13:45:35 OUT: "MATLAB" k_brahmiah@ECSG-HP-07
14:37:35 (MLM) CHECKIN: [feature=MATLAB],[user=k_brahmiah],[host=ECSG-HP-07],[pid=4775],[date=22-Jun-2026]
14:37:35 IN: "MATLAB" k_brahmiah@ECSG-HP-07
10:47:32 (MLM) CHECKOUT: [feature=MATLAB],[user=abhishek],[host=RDP-LAB],[pid=4776],[license_number=40554776],[date=22-Jun-2026]
13:31:32 (MLM) CHECKIN: [feature=MATLAB],[user=abhishek],[host=RDP-LAB],[pid=4776],[date=22-Jun-2026]
13:31:32 IN: "MATLAB" abhishek@RDP-LAB
17:11:26 (MLM) CHECKOUT: [feature=simulink],[user=efcs],[host=ECSG-HP-10],[pid=4777],[license_number=40554777],[date=22-Jun-2026]
19:33:26 (MLM) CHECKIN: [feature=simulink],[user=efcs],[host=ECSG-HP-10],[pid=4777],[date=22-Jun-2026]
19:33:26 IN: "simulink" efcs@ECSG-HP-10
09:25:23 (MLM) CHECKOUT: [feature=control_toolbox],[user=amit_ad],[host=ECSG-HP-10],[pid=4778],[license_number=40554778],[date=22-Jun-2026]
09:25:23 OUT: "control_toolbox" amit_ad@ECSG-HP-10
11:02:23 (MLM) CHECKIN: [feature=control_toolbox],[user=amit_ad],[host=ECSG-HP-10],[pid=4778],[date=22-Jun-2026]
11:02:23 IN: "control_toolbox" amit_ad@ECSG-HP-10
12:38:42 (MLM) CHECKOUT: [feature=simulink],[user=abhishek],[host=ECSG-HP-07],[pid=4779],[license_number=40554779],[date=22-Jun-2026]
12:38:42 OUT: "simulink" abhishek@ECSG-HP-07
15:32:42 (MLM) CHECKIN: [feature=simulink],[user=abhishek],[host=ECSG-HP-07],[pid=4779],[date=22-Jun-2026]
08:51:41 (MLM) CHECKOUT: [feature=MATLAB],[user=k_brahmiah],[host=LAB-WS-18],[pid=4780],[license_number=40554780],[date=22-Jun-2026]
08:51:41 OUT: "MATLAB" k_brahmiah@LAB-WS-18
09:24:41 (MLM) CHECKIN: [feature=MATLAB],[user=k_brahmiah],[host=LAB-WS-18],[pid=4780],[date=22-Jun-2026]
09:24:41 IN: "MATLAB" k_brahmiah@LAB-WS-18
10:15:49 (MLM) CHECKOUT: [feature=signal_toolbox],[user=jaibeer],[host=ECSG-HP-10],[pid=4781],[license_number=40554781],[date=22-Jun-2026]
11:23:49 (MLM) CHECKIN: [feature=signal_toolbox],[user=jaibeer],[host=ECSG-HP-10],[pid=4781],[date=22-Jun-2026]
11:23:49 IN: "signal_toolbox" jaibeer@ECSG-HP-10
10:07:19 (MLM) CHECKOUT: [feature=simulink_control_design],[user=vinay],[host=RDP-LAB],[pid=4782],[license_number=40554782],[date=22-Jun-2026]
10:07:19 OUT: "simulink_control_design" vinay@RDP-LAB
11:41:19 (MLM) CHECKIN: [feature=simulink_control_design],[user=vinay],[host=RDP-LAB],[pid=4782],[date=22-Jun-2026]
13:32:12 (MLM) CHECKOUT: [feature=simulink_control_design],[user=jaibeer],[host=RDP-LAB],[pid=4783],[license_number=40554783],[date=22-Jun-2026]
13:32:12 OUT: "simulink_control_design" jaibeer@RDP-LAB
15:48:12 (MLM) CHECKIN: [feature=simulink_control_design],[user=jaibeer],[host=RDP-LAB],[pid=4783],[date=22-Jun-2026]
15:48:12 IN: "simulink_control_design" jaibeer@RDP-LAB
13:39:11 (MLM) CHECKOUT: [feature=signal_blocks],[user=jaibeer],[host=ECSG-HP-10],[pid=4784],[license_number=40554784],[date=22-Jun-2026]
13:39:11 OUT: "signal_blocks" jaibeer@ECSG-HP-10
14:04:11 (MLM) CHECKIN: [feature=signal_blocks],[user=jaibeer],[host=ECSG-HP-10],[pid=4784],[date=22-Jun-2026]
14:04:11 IN: "signal_blocks" jaibeer@ECSG-HP-10
10:59:31 (MLM) CHECKOUT: [feature=simulink_control_design],[user=efcs],[host=DO5P-PC-222],[pid=4785],[license_number=40554785],[date=22-Jun-2026]
10:59:31 OUT: "simulink_control_design" efcs@DO5P-PC-222
11:35:31 (MLM) CHECKIN: [feature=simulink_control_design],[user=efcs],[host=DO5P-PC-222],[pid=4785],[date=22-Jun-2026]
11:35:31 IN: "simulink_control_design" efcs@DO5P-PC-222
10:43:57 (MLM) CHECKOUT: [feature=control_toolbox],[user=k_brahmiah],[host=ECSG-HP-07],[pid=4786],[license_number=40554786],[date=22-Jun-2026]
10:43:57 OUT: "control_toolbox" k_brahmiah@ECSG-HP-07
12:47:57 (MLM) CHECKIN: [feature=control_toolbox],[user=k_brahmiah],[host=ECSG-HP-07],[pid=4786],[date=22-Jun-2026]
12:47:57 IN: "control_toolbox" k_brahmiah@ECSG-HP-07
16:06:32 (MLM) CHECKOUT: [feature=polyspace_bf],[user=abhishek],[host=ECSG-HP-10],[pid=4787],[license_number=40554787],[date=22-Jun-2026]
16:06:32 OUT: "polyspace_bf" abhishek@ECSG-HP-10
18:46:32 (MLM) CHECKIN: [feature=polyspace_bf],[user=abhishek],[host=ECSG-HP-10],[pid=4787],[date=22-Jun-2026]
16:01:07 (MLM) CHECKOUT: [feature=MATLAB],[user=k_brahmiah],[host=LAB-WS-18],[pid=4788],[license_number=40554788],[date=22-Jun-2026]
17:02:07 (MLM) CHECKIN: [feature=MATLAB],[user=k_brahmiah],[host=LAB-WS-18],[pid=4788],[date=22-Jun-2026]
12:20:37 (MLM) CHECKOUT: [feature=map_toolbox],[user=abhishek],[host=ECSG-HP-07],[pid=4789],[license_number=40554789],[date=22-Jun-2026]
14:30:37 (MLM) CHECKIN: [feature=map_toolbox],[user=abhishek],[host=ECSG-HP-07],[pid=4789],[date=22-Jun-2026]
14:30:37 IN: "map_toolbox" abhishek@ECSG-HP-07
09:47:38 (MLM) CHECKOUT: [feature=MATLAB],[user=sudhakr_kunnur],[host=DO5P-PC-222],[pid=4790],[license_number=40554790],[date=22-Jun-2026]
09:47:38 OUT: "MATLAB" sudhakr_kunnur@DO5P-PC-222
11:53:38 (MLM) CHECKIN: [feature=MATLAB],[user=sudhakr_kunnur],[host=DO5P-PC-222],[pid=4790],[date=22-Jun-2026]
11:53:38 IN: "MATLAB" sudhakr_kunnur@DO5P-PC-222
15:29:44 (MLM) CHECKOUT: [feature=MATLAB],[user=abhishek],[host=ECSG-HP-10],[pid=4791],[license_number=40554791],[date=22-Jun-2026]
15:29:44 OUT: "MATLAB" abhishek@ECSG-HP-10
18:18:44 (MLM) CHECKIN: [feature=MATLAB],[user=abhishek],[host=ECSG-HP-10],[pid=4791],[date=22-Jun-2026]
14:51:19 (MLM) CHECKOUT: [feature=signal_toolbox],[user=sudhakr_kunnur],[host=LAB-WS-18],[pid=4792],[license_number=40554792],[date=22-Jun-2026]
14:51:19 OUT: "signal_toolbox" sudhakr_kunnur@LAB-WS-18
15:54:19 (MLM) CHECKIN: [feature=signal_toolbox],[user=sudhakr_kunnur],[host=LAB-WS-18],[pid=4792],[date=22-Jun-2026]
15:54:19 IN: "signal_toolbox" sudhakr_kunnur@LAB-WS-18
11:30:41 (MLM) CHECKOUT: [feature=aerospace_blockset],[user=abhishek],[host=DO5P-PC-222],[pid=4793],[license_number=40554793],[date=22-Jun-2026]
11:30:41 OUT: "aerospace_blockset" abhishek@DO5P-PC-222
14:25:41 (MLM) CHECKIN: [feature=aerospace_blockset],[user=abhishek],[host=DO5P-PC-222],[pid=4793],[date=22-Jun-2026]
15:09:30 (MLM) CHECKOUT: [feature=control_toolbox],[user=rahul],[host=ECSG-HP-10],[pid=4794],[license_number=40554794],[date=22-Jun-2026]
15:09:30 OUT: "control_toolbox" rahul@ECSG-HP-10
16:03:30 (MLM) CHECKIN: [feature=control_toolbox],[user=rahul],[host=ECSG-HP-10],[pid=4794],[date=22-Jun-2026]
15:37:15 (MLM) CHECKOUT: [feature=simulink],[user=rahul],[host=ECSG-HP-07],[pid=4795],[license_number=40554795],[date=22-Jun-2026]
15:37:15 OUT: "simulink" rahul@ECSG-HP-07
17:32:15 (MLM) CHECKIN: [feature=simulink],[user=rahul],[host=ECSG-HP-07],[pid=4795],[date=22-Jun-2026]
17:32:15 IN: "simulink" rahul@ECSG-HP-07
15:47:37 (MLM) CHECKOUT: [feature=distri_computing_toolbox],[user=abhishek],[host=ECSG-HP-07],[pid=4796],[license_number=40554796],[date=22-Jun-2026]
15:47:37 OUT: "distri_computing_toolbox" abhishek@ECSG-HP-07
17:16:37 (MLM) CHECKIN: [feature=distri_computing_toolbox],[user=abhishek],[host=ECSG-HP-07],[pid=4796],[date=22-Jun-2026]
17:16:37 IN: "distri_computing_toolbox" abhishek@ECSG-HP-07
00:00:01 (MLM) TIMESTAMP 6/23/2026
15:14:45 (MLM) CHECKOUT: [feature=signal_blocks],[user=rahul],[host=LAB-WS-18],[pid=4797],[license_number=40554797],[date=23-Jun-2026]
15:14:45 OUT: "signal_blocks" rahul@LAB-WS-18
15:33:45 (MLM) DENIED: "signal_blocks" rahul@LAB-WS-18
16:49:45 (MLM) CHECKIN: [feature=signal_blocks],[user=rahul],[host=LAB-WS-18],[pid=4797],[date=23-Jun-2026]
16:49:45 IN: "signal_blocks" rahul@LAB-WS-18
09:31:39 (MLM) CHECKOUT: [feature=map_toolbox],[user=sudhakr_kunnur],[host=ECSG-HP-07],[pid=4798],[license_number=40554798],[date=23-Jun-2026]
11:37:39 (MLM) CHECKIN: [feature=map_toolbox],[user=sudhakr_kunnur],[host=ECSG-HP-07],[pid=4798],[date=23-Jun-2026]
11:37:39 IN: "map_toolbox" sudhakr_kunnur@ECSG-HP-07
15:14:32 (MLM) CHECKOUT: [feature=simulink],[user=sudhakr_kunnur],[host=DO5P-PC-222],[pid=4799],[license_number=40554799],[date=23-Jun-2026]
15:14:32 OUT: "simulink" sudhakr_kunnur@DO5P-PC-222
16:55:32 (MLM) CHECKIN: [feature=simulink],[user=sudhakr_kunnur],[host=DO5P-PC-222],[pid=4799],[date=23-Jun-2026]
12:46:45 (MLM) CHECKOUT: [feature=MATLAB],[user=amit_ad],[host=ECSG-HP-07],[pid=4800],[license_number=40554800],[date=23-Jun-2026]
12:46:45 OUT: "MATLAB" amit_ad@ECSG-HP-07
14:33:45 (MLM) CHECKIN: [feature=MATLAB],[user=amit_ad],[host=ECSG-HP-07],[pid=4800],[date=23-Jun-2026]
12:44:47 (MLM) CHECKOUT: [feature=simulink],[user=vinay],[host=DO5P-PC-222],[pid=4801],[license_number=40554801],[date=23-Jun-2026]
12:44:47 OUT: "simulink" vinay@DO5P-PC-222
13:43:47 (MLM) CHECKIN: [feature=simulink],[user=vinay],[host=DO5P-PC-222],[pid=4801],[date=23-Jun-2026]
13:43:47 IN: "simulink" vinay@DO5P-PC-222
15:19:15 (MLM) CHECKOUT: [feature=aerospace_toolbox],[user=jaibeer],[host=ECSG-HP-10],[pid=4802],[license_number=40554802],[date=23-Jun-2026]
15:19:15 OUT: "aerospace_toolbox" jaibeer@ECSG-HP-10
15:20:15 (MLM) DENIED: "aerospace_toolbox" jaibeer@ECSG-HP-10
17:05:15 (MLM) CHECKIN: [feature=aerospace_toolbox],[user=jaibeer],[host=ECSG-HP-10],[pid=4802],[date=23-Jun-2026]
16:02:51 (MLM) CHECKOUT: [feature=MATLAB],[user=k_brahmiah],[host=DO5P-PC-222],[pid=4803],[license_number=40554803],[date=23-Jun-2026]
16:02:51 OUT: "MATLAB" k_brahmiah@DO5P-PC-222
18:55:51 (MLM) CHECKIN: [feature=MATLAB],[user=k_brahmiah],[host=DO5P-PC-222],[pid=4803],[date=23-Jun-2026]
18:55:51 IN: "MATLAB" k_brahmiah@DO5P-PC-222
13:50:22 (MLM) CHECKOUT: [feature=control_toolbox],[user=rahul],[host=ECSG-HP-07],[pid=4804],[license_number=40554804],[date=23-Jun-2026]
16:27:22 (MLM) CHECKIN: [feature=control_toolbox],[user=rahul],[host=ECSG-HP-07],[pid=4804],[date=23-Jun-2026]
16:27:22 IN: "control_toolbox" rahul@ECSG-HP-07
09:45:03 (MLM) CHECKOUT: [feature=simulink],[user=abhishek],[host=LAB-WS-18],[pid=4805],[license_number=40554805],[date=23-Jun-2026]
11:57:03 (MLM) CHECKIN: [feature=simulink],[user=abhishek],[host=LAB-WS-18],[pid=4805],[date=23-Jun-2026]
17:50:54 (MLM) CHECKOUT: [feature=aerospace_toolbox],[user=vinay],[host=ECSG-HP-10],[pid=4806],[license_number=40554806],[date=23-Jun-2026]
18:15:54 (MLM) CHECKIN: [feature=aerospace_toolbox],[user=vinay],[host=ECSG-HP-10],[pid=4806],[date=23-Jun-2026]
18:15:54 IN: "aerospace_toolbox" vinay@ECSG-HP-10
13:10:46 (MLM) CHECKOUT: [feature=map_toolbox],[user=sudhakr_kunnur],[host=ECSG-HP-10],[pid=4807],[license_number=40554807],[date=23-Jun-2026]
13:10:46 OUT: "map_toolbox" sudhakr_kunnur@ECSG-HP-10
15:34:46 (MLM) CHECKIN: [feature=map_toolbox],[user=sudhakr_kunnur],[host=ECSG-HP-10],[pid=4807],[date=23-Jun-2026]
15:34:46 IN: "map_toolbox" sudhakr_kunnur@ECSG-HP-10
13:52:08 (MLM) CHECKOUT: [feature=simulink_control_design],[user=amit_ad],[host=DO5P-PC-222],[pid=4808],[license_number=40554808],[date=23-Jun-2026]
13:52:08 OUT: "simulink_control_design" amit_ad@DO5P-PC-222
15:53:08 (MLM) CHECKIN: [feature=simulink_control_design],[user=amit_ad],[host=DO5P-PC-222],[pid=4808],[date=23-Jun-2026]
16:10:05 (MLM) CHECKOUT: [feature=control_toolbox],[user=abhishek],[host=ECSG-HP-07],[pid=4809],[license_number=40554809],[date=23-Jun-2026]
16:10:05 OUT: "control_toolbox" abhishek@ECSG-HP-07
18:11:05 (MLM) CHECKIN: [feature=control_toolbox],[user=abhishek],[host=ECSG-HP-07],[pid=4809],[date=23-Jun-2026]
18:11:05 IN: "control_toolbox" abhishek@ECSG-HP-07
16:26:50 (MLM) CHECKOUT: [feature=signal_blocks],[user=jaibeer],[host=DO5P-PC-222],[pid=4810],[license_number=40554810],[date=23-Jun-2026]
16:26:50 OUT: "signal_blocks" jaibeer@DO5P-PC-222
18:26:50 (MLM) CHECKIN: [feature=signal_blocks],[user=jaibeer],[host=DO5P-PC-222],[pid=4810],[date=23-Jun-2026]
13:01:28 (MLM) CHECKOUT: [feature=aerospace_toolbox],[user=amit_ad],[host=LAB-WS-18],[pid=4811],[license_number=40554811],[date=23-Jun-2026]
13:01:28 OUT: "aerospace_toolbox" amit_ad@LAB-WS-18
13:18:28 (MLM) DENIED: "aerospace_toolbox" amit_ad@LAB-WS-18
13:33:28 (MLM) CHECKIN: [feature=aerospace_toolbox],[user=amit_ad],[host=LAB-WS-18],[pid=4811],[date=23-Jun-2026]
13:33:28 IN: "aerospace_toolbox" amit_ad@LAB-WS-18
14:48:02 (MLM) CHECKOUT: [feature=signal_toolbox],[user=sudhakr_kunnur],[host=DO5P-PC-222],[pid=4812],[license_number=40554812],[date=23-Jun-2026]
14:48:02 OUT: "signal_toolbox" sudhakr_kunnur@DO5P-PC-222
17:30:02 (MLM) CHECKIN: [feature=signal_toolbox],[user=sudhakr_kunnur],[host=DO5P-PC-222],[pid=4812],[date=23-Jun-2026]
17:30:02 IN: "signal_toolbox" sudhakr_kunnur@DO5P-PC-222
14:25:56 (MLM) CHECKOUT: [feature=distri_computing_toolbox],[user=jaibeer],[host=LAB-WS-18],[pid=4813],[license_number=40554813],[date=23-Jun-2026]
14:25:56 OUT: "distri_computing_toolbox" jaibeer@LAB-WS-18
15:57:56 (MLM) CHECKIN: [feature=distri_computing_toolbox],[user=jaibeer],[host=LAB-WS-18],[pid=4813],[date=23-Jun-2026]
12:57:33 (MLM) CHECKOUT: [feature=MATLAB],[user=sudhakr_kunnur],[host=RDP-LAB],[pid=4814],[license_number=40554814],[date=23-Jun-2026]
12:57:33 OUT: "MATLAB" sudhakr_kunnur@RDP-LAB
14:55:33 (MLM) CHECKIN: [feature=MATLAB],[user=sudhakr_kunnur],[host=RDP-LAB],[pid=4814],[date=23-Jun-2026]
14:55:33 IN: "MATLAB" sudhakr_kunnur@RDP-LAB
17:41:28 (MLM) CHECKOUT: [feature=simulink],[user=sudhakr_kunnur],[host=LAB-WS-18],[pid=4815],[license_number=40554815],[date=23-Jun-2026]
17:41:28 OUT: "simulink" sudhakr_kunnur@LAB-WS-18
19:39:28 (MLM) CHECKIN: [feature=simulink],[user=sudhakr_kunnur],[host=LAB-WS-18],[pid=4815],[date=23-Jun-2026]
13:24:46 (MLM) CHECKOUT: [feature=MATLAB],[user=amit_ad],[host=ECSG-HP-10],[pid=4816],[license_number=40554816],[date=23-Jun-2026]
15:52:46 (MLM) CHECKIN: [feature=MATLAB],[user=amit_ad],[host=ECSG-HP-10],[pid=4816],[date=23-Jun-2026]
12:33:21 (MLM) CHECKOUT: [feature=simulink],[user=sudhakr_kunnur],[host=ECSG-HP-10],[pid=4817],[license_number=40554817],[date=23-Jun-2026]
12:55:21 (MLM) CHECKIN: [feature=simulink],[user=sudhakr_kunnur],[host=ECSG-HP-10],[pid=4817],[date=23-Jun-2026]
12:46:27 (MLM) CHECKOUT: [feature=MATLAB],[user=rahul],[host=RDP-LAB],[pid=4818],[license_number=40554818],[date=23-Jun-2026]
13:16:27 (MLM) CHECKIN: [feature=MATLAB],[user=rahul],[host=RDP-LAB],[pid=4818],[date=23-Jun-2026]
08:48:41 (MLM) CHECKOUT: [feature=signal_toolbox],[user=sudhakr_kunnur],[host=LAB-WS-18],[pid=4819],[license_number=40554819],[date=23-Jun-2026]
11:29:41 (MLM) CHECKIN: [feature=signal_toolbox],[user=sudhakr_kunnur],[host=LAB-WS-18],[pid=4819],[date=23-Jun-2026]
17:36:45 (MLM) CHECKOUT: [feature=aerospace_toolbox],[user=rahul],[host=DO5P-PC-222],[pid=4820],[license_number=40554820],[date=23-Jun-2026]
20:07:45 (MLM) CHECKIN: [feature=aerospace_toolbox],[user=rahul],[host=DO5P-PC-222],[pid=4820],[date=23-Jun-2026]
17:43:08 (MLM) CHECKOUT: [feature=control_toolbox],[user=sudhakr_kunnur],[host=RDP-LAB],[pid=4821],[license_number=40554821],[date=23-Jun-2026]
19:01:08 (MLM) CHECKIN: [feature=control_toolbox],[user=sudhakr_kunnur],[host=RDP-LAB],[pid=4821],[date=23-Jun-2026]
19:01:08 IN: "control_toolbox" sudhakr_kunnur@RDP-LAB
13:29:06 (MLM) CHECKOUT: [feature=aerospace_toolbox],[user=rahul],[host=DO5P-PC-222],[pid=4822],[license_number=40554822],[date=23-Jun-2026]
13:29:06 OUT: "aerospace_toolbox" rahul@DO5P-PC-222
15:29:06 (MLM) CHECKIN: [feature=aerospace_toolbox],[user=rahul],[host=DO5P-PC-222],[pid=4822],[date=23-Jun-2026]
15:29:06 IN: "aerospace_toolbox" rahul@DO5P-PC-222
15:04:23 (MLM) CHECKOUT: [feature=simulink],[user=abhishek],[host=DO5P-PC-222],[pid=4823],[license_number=40554823],[date=23-Jun-2026]
15:04:23 OUT: "simulink" abhishek@DO5P-PC-222
17:42:23 (MLM) CHECKIN: [feature=simulink],[user=abhishek],[host=DO5P-PC-222],[pid=4823],[date=23-Jun-2026]
17:42:23 IN: "simulink" abhishek@DO5P-PC-222
14:28:44 (MLM) CHECKOUT: [feature=simulink],[user=k_brahmiah],[host=RDP-LAB],[pid=4824],[license_number=40554824],[date=23-Jun-2026]
16:29:44 (MLM) CHECKIN: [feature=simulink],[user=k_brahmiah],[host=RDP-LAB],[pid=4824],[date=23-Jun-2026]
15:08:45 (MLM) CHECKOUT: [feature=simulink],[user=abhishek],[host=DO5P-PC-222],[pid=4825],[license_number=40554825],[date=23-Jun-2026]
15:08:45 OUT: "simulink" abhishek@DO5P-PC-222
16:17:45 (MLM) CHECKIN: [feature=simulink],[user=abhishek],[host=DO5P-PC-222],[pid=4825],[date=23-Jun-2026]
16:17:45 IN: "simulink" abhishek@DO5P-PC-222
13:58:07 (MLM) CHECKOUT: [feature=polyspace_bf],[user=abhishek],[host=DO5P-PC-222],[pid=4826],[license_number=40554826],[date=23-Jun-2026]
13:58:07 OUT: "polyspace_bf" abhishek@DO5P-PC-222
14:43:07 (MLM) CHECKIN: [feature=polyspace_bf],[user=abhishek],[host=DO5P-PC-222],[pid=4826],[date=23-Jun-2026]
14:43:07 IN: "polyspace_bf" abhishek@DO5P-PC-222
00:00:01 (MLM) TIMESTAMP 6/24/2026
12:23:19 (MLM) CHECKOUT: [feature=MATLAB],[user=abhishek],[host=DO5P-PC-222],[pid=4827],[license_number=40554827],[date=24-Jun-2026]
12:23:19 OUT: "MATLAB" abhishek@DO5P-PC-222
12:28:19 (MLM) DENIED: "MATLAB" abhishek@DO5P-PC-222
13:14:19 (MLM) CHECKIN: [feature=MATLAB],[user=abhishek],[host=DO5P-PC-222],[pid=4827],[date=24-Jun-2026]
11:11:52 (MLM) CHECKOUT: [feature=map_toolbox],[user=k_brahmiah],[host=RDP-LAB],[pid=4828],[license_number=40554828],[date=24-Jun-2026]
11:29:52 (MLM) DENIED: "map_toolbox" k_brahmiah@RDP-LAB
12:55:52 (MLM) CHECKIN: [feature=map_toolbox],[user=k_brahmiah],[host=RDP-LAB],[pid=4828],[date=24-Jun-2026]
12:55:52 IN: "map_toolbox" k_brahmiah@RDP-LAB
17:28:57 (MLM) CHECKOUT: [feature=simulink],[user=abhishek],[host=ECSG-HP-07],[pid=4829],[license_number=40554829],[date=24-Jun-2026]
17:28:57 OUT: "simulink" abhishek@ECSG-HP-07
20:18:57 (MLM) CHECKIN: [feature=simulink],[user=abhishek],[host=ECSG-HP-07],[pid=4829],[date=24-Jun-2026]
20:18:57 IN: "simulink" abhishek@ECSG-HP-07
15:09:55 (MLM) CHECKOUT: [feature=signal_blocks],[user=abhishek],[host=ECSG-HP-07],[pid=4830],[license_number=40554830],[date=24-Jun-2026]
18:03:55 (MLM) CHECKIN: [feature=signal_blocks],[user=abhishek],[host=ECSG-HP-07],[pid=4830],[date=24-Jun-2026]
18:03:55 IN: "signal_blocks" abhishek@ECSG-HP-07
13:34:02 (MLM) CHECKOUT: [feature=map_toolbox],[user=k_brahmiah],[host=DO5P-PC-222],[pid=4831],[license_number=40554831],[date=24-Jun-2026]
15:00:02 (MLM) CHECKIN: [feature=map_toolbox],[user=k_brahmiah],[host=DO5P-PC-222],[pid=4831],[date=24-Jun-2026]
15:00:02 IN: "map_toolbox" k_brahmiah@DO5P-PC-222
12:35:41 (MLM) CHECKOUT: [feature=simulink],[user=amit_ad],[host=ECSG-HP-10],[pid=4832],[license_number=40554832],[date=24-Jun-2026]
12:35:41 OUT: "simulink" amit_ad@ECSG-HP-10
13:39:41 (MLM) CHECKIN: [feature=simulink],[user=amit_ad],[host=ECSG-HP-10],[pid=4832],[date=24-Jun-2026]
16:12:48 (MLM) CHECKOUT: [feature=distri_computing_toolbox],[user=rahul],[host=ECSG-HP-10],[pid=4833],[license_number=40554833],[date=24-Jun-2026]
16:12:48 OUT: "distri_computing_toolbox" rahul@ECSG-HP-10
16:57:48 (MLM) CHECKIN: [feature=distri_computing_toolbox],[user=rahul],[host=ECSG-HP-10],[pid=4833],[date=24-Jun-2026]
16:57:48 IN: "distri_computing_toolbox" rahul@ECSG-HP-10
11:15:53 (MLM) CHECKOUT: [feature=control_toolbox],[user=rahul],[host=ECSG-HP-10],[pid=4834],[license_number=40554834],[date=24-Jun-2026]
13:23:53 (MLM) CHECKIN: [feature=control_toolbox],[user=rahul],[host=ECSG-HP-10],[pid=4834],[date=24-Jun-2026]
13:23:53 IN: "control_toolbox" rahul@ECSG-HP-10
08:31:55 (MLM) CHECKOUT: [feature=signal_toolbox],[user=rahul],[host=RDP-LAB],[pid=4835],[license_number=40554835],[date=24-Jun-2026]
09:32:55 (MLM) CHECKIN: [feature=signal_toolbox],[user=rahul],[host=RDP-LAB],[pid=4835],[date=24-Jun-2026]
09:32:55 IN: "signal_toolbox" rahul@RDP-LAB
09:07:06 (MLM) CHECKOUT: [feature=signal_toolbox],[user=amit_ad],[host=RDP-LAB],[pid=4836],[license_number=40554836],[date=24-Jun-2026]
09:07:06 OUT: "signal_toolbox" amit_ad@RDP-LAB
10:08:06 (MLM) CHECKIN: [feature=signal_toolbox],[user=amit_ad],[host=RDP-LAB],[pid=4836],[date=24-Jun-2026]
10:08:06 IN: "signal_toolbox" amit_ad@RDP-LAB
10:03:39 (MLM) CHECKOUT: [feature=distri_computing_toolbox],[user=abhishek],[host=RDP-LAB],[pid=4837],[license_number=40554837],[date=24-Jun-2026]
10:32:39 (MLM) CHECKIN: [feature=distri_computing_toolbox],[user=abhishek],[host=RDP-LAB],[pid=4837],[date=24-Jun-2026]
10:32:39 IN: "distri_computing_toolbox" abhishek@RDP-LAB
13:16:24 (MLM) CHECKOUT: [feature=signal_toolbox],[user=abhishek],[host=DO5P-PC-222],[pid=4838],[license_number=40554838],[date=24-Jun-2026]
13:44:24 (MLM) CHECKIN: [feature=signal_toolbox],[user=abhishek],[host=DO5P-PC-222],[pid=4838],[date=24-Jun-2026]
13:44:24 IN: "signal_toolbox" abhishek@DO5P-PC-222
16:48:32 (MLM) CHECKOUT: [feature=MATLAB],[user=vinay],[host=LAB-WS-18],[pid=4839],[license_number=40554839],[date=24-Jun-2026]
16:48:32 OUT: "MATLAB" vinay@LAB-WS-18
17:18:32 (MLM) CHECKIN: [feature=MATLAB],[user=vinay],[host=LAB-WS-18],[pid=4839],[date=24-Jun-2026]
17:18:32 IN: "MATLAB" vinay@LAB-WS-18
14:40:14 (MLM) CHECKOUT: [feature=simulink],[user=rahul],[host=ECSG-HP-10],[pid=4840],[license_number=40554840],[date=24-Jun-2026]
14:58:14 (MLM) DENIED: "simulink" rahul@ECSG-HP-10
17:25:14 (MLM) CHECKIN: [feature=simulink],[user=rahul],[host=ECSG-HP-10],[pid=4840],[date=24-Jun-2026]
17:25:14 IN: "simulink" rahul@ECSG-HP-10
10:19:36 (MLM) CHECKOUT: [feature=simulink_control_design],[user=sudhakr_kunnur],[host=LAB-WS-18],[pid=4841],[license_number=40554841],[date=24-Jun-2026]
10:19:36 OUT: "simulink_control_design" sudhakr_kunnur@LAB-WS-18
13:16:36 (MLM) CHECKIN: [feature=simulink_control_design],[user=sudhakr_kunnur],[host=LAB-WS-18],[pid=4841],[date=24-Jun-2026]
13:16:36 IN: "simulink_control_design" sudhakr_kunnur@LAB-WS-18
10:50:15 (MLM) CHECKOUT: [feature=signal_toolbox],[user=vinay],[host=DO5P-PC-222],[pid=4842],[license_number=40554842],[date=24-Jun-2026]
10:50:15 OUT: "signal_toolbox" vinay@DO5P-PC-222
13:27:15 (MLM) CHECKIN: [feature=signal_toolbox],[user=vinay],[host=DO5P-PC-222],[pid=4842],[date=24-Jun-2026]
13:27:15 IN: "signal_toolbox" vinay@DO5P-PC-222
17:18:41 (MLM) CHECKOUT: [feature=distri_computing_toolbox],[user=abhishek],[host=ECSG-HP-07],[pid=4843],[license_number=40554843],[date=24-Jun-2026]
17:34:41 (MLM) DENIED: "distri_computing_toolbox" abhishek@ECSG-HP-07
18:42:41 (MLM) CHECKIN: [feature=distri_computing_toolbox],[user=abhishek],[host=ECSG-HP-07],[pid=4843],[date=24-Jun-2026]
18:42:41 IN: "distri_computing_toolbox" abhishek@ECSG-HP-07
11:37:53 (MLM) CHECKOUT: [feature=distri_computing_toolbox],[user=amit_ad],[host=ECSG-HP-07],[pid=4844],[license_number=40554844],[date=24-Jun-2026]
11:37:53 OUT: "distri_computing_toolbox" amit_ad@ECSG-HP-07
11:55:53 (MLM) DENIED: "distri_computing_toolbox" amit_ad@ECSG-HP-07
14:16:53 (MLM) CHECKIN: [feature=distri_computing_toolbox],[user=amit_ad],[host=ECSG-HP-07],[pid=4844],[date=24-Jun-2026]
14:16:53 IN: "distri_computing_toolbox" amit_ad@ECSG-HP-07
16:17:56 (MLM) CHECKOUT: [feature=aerospace_blockset],[user=abhishek],[host=ECSG-HP-10],[pid=4845],[license_number=40554845],[date=24-Jun-2026]
16:17:56 OUT: "aerospace_blockset" abhishek@ECSG-HP-10
17:53:56 (MLM) CHECKIN: [feature=aerospace_blockset],[user=abhishek],[host=ECSG-HP-10],[pid=4845],[date=24-Jun-2026]
15:17:15 (MLM) CHECKOUT: [feature=distri_computing_toolbox],[user=efcs],[host=RDP-LAB],[pid=4846],[license_number=40554846],[date=24-Jun-2026]
15:17:15 OUT: "distri_computing_toolbox" efcs@RDP-LAB
16:25:15 (MLM) CHECKIN: [feature=distri_computing_toolbox],[user=efcs],[host=RDP-LAB],[pid=4846],[date=24-Jun-2026]
16:25:15 IN: "distri_computing_toolbox" efcs@RDP-LAB
10:41:59 (MLM) CHECKOUT: [feature=polyspace_bf],[user=jaibeer],[host=ECSG-HP-10],[pid=4847],[license_number=40554847],[date=24-Jun-2026]
10:41:59 OUT: "polyspace_bf" jaibeer@ECSG-HP-10
10:58:59 (MLM) CHECKIN: [feature=polyspace_bf],[user=jaibeer],[host=ECSG-HP-10],[pid=4847],[date=24-Jun-2026]
10:58:59 IN: "polyspace_bf" jaibeer@ECSG-HP-10
16:05:50 (MLM) CHECKOUT: [feature=signal_blocks],[user=k_brahmiah],[host=ECSG-HP-07],[pid=4848],[license_number=40554848],[date=24-Jun-2026]
18:37:50 (MLM) CHECKIN: [feature=signal_blocks],[user=k_brahmiah],[host=ECSG-HP-07],[pid=4848],[date=24-Jun-2026]
18:37:50 IN: "signal_blocks" k_brahmiah@ECSG-HP-07
13:52:24 (MLM) CHECKOUT: [feature=simulink_control_design],[user=vinay],[host=ECSG-HP-07],[pid=4849],[license_number=40554849],[date=24-Jun-2026]
14:52:24 (MLM) CHECKIN: [feature=simulink_control_design],[user=vinay],[host=ECSG-HP-07],[pid=4849],[date=24-Jun-2026]
13:59:12 (MLM) CHECKOUT: [feature=MATLAB],[user=vinay],[host=ECSG-HP-10],[pid=4850],[license_number=40554850],[date=24-Jun-2026]
13:59:12 OUT: "MATLAB" vinay@ECSG-HP-10
14:19:12 (MLM) CHECKIN: [feature=MATLAB],[user=vinay],[host=ECSG-HP-10],[pid=4850],[date=24-Jun-2026]
17:40:19 (MLM) CHECKOUT: [feature=MATLAB],[user=jaibeer],[host=RDP-LAB],[pid=4851],[license_number=40554851],[date=24-Jun-2026]
20:01:19 (MLM) CHECKIN: [feature=MATLAB],[user=jaibeer],[host=RDP-LAB],[pid=4851],[date=24-Jun-2026]
17:13:00 (MLM) CHECKOUT: [feature=map_toolbox],[user=abhishek],[host=ECSG-HP-07],[pid=4852],[license_number=40554852],[date=24-Jun-2026]
17:13:00 OUT: "map_toolbox" abhishek@ECSG-HP-07
19:09:00 (MLM) CHECKIN: [feature=map_toolbox],[user=abhishek],[host=ECSG-HP-07],[pid=4852],[date=24-Jun-2026]
19:09:00 IN: "map_toolbox" abhishek@ECSG-HP-07
16:12:42 (MLM) CHECKOUT: [feature=simulink],[user=sudhakr_kunnur],[host=LAB-WS-18],[pid=4853],[license_number=40554853],[date=24-Jun-2026]
19:01:42 (MLM) CHECKIN: [feature=simulink],[user=sudhakr_kunnur],[host=LAB-WS-18],[pid=4853],[date=24-Jun-2026]
19:01:42 IN: "simulink" sudhakr_kunnur@LAB-WS-18
00:00:01 (MLM) TIMESTAMP 6/25/2026
17:54:14 (MLM) CHECKOUT: [feature=MATLAB],[user=rahul],[host=ECSG-HP-10],[pid=4854],[license_number=40554854],[date=25-Jun-2026]
19:19:14 (MLM) CHECKIN: [feature=MATLAB],[user=rahul],[host=ECSG-HP-10],[pid=4854],[date=25-Jun-2026]
19:19:14 IN: "MATLAB" rahul@ECSG-HP-10
16:56:29 (MLM) CHECKOUT: [feature=simulink],[user=jaibeer],[host=LAB-WS-18],[pid=4855],[license_number=40554855],[date=25-Jun-2026]
16:56:29 OUT: "simulink" jaibeer@LAB-WS-18
17:24:29 (MLM) CHECKIN: [feature=simulink],[user=jaibeer],[host=LAB-WS-18],[pid=4855],[date=25-Jun-2026]
16:29:31 (MLM) CHECKOUT: [feature=control_toolbox],[user=k_brahmiah],[host=ECSG-HP-07],[pid=4856],[license_number=40554856],[date=25-Jun-2026]
16:29:31 OUT: "control_toolbox" k_brahmiah@ECSG-HP-07
17:41:31 (MLM) CHECKIN: [feature=control_toolbox],[user=k_brahmiah],[host=ECSG-HP-07],[pid=4856],[date=25-Jun-2026]
17:41:31 IN: "control_toolbox" k_brahmiah@ECSG-HP-07
08:25:12 (MLM) CHECKOUT: [feature=signal_toolbox],[user=amit_ad],[host=LAB-WS-18],[pid=4857],[license_number=40554857],[date=25-Jun-2026]
08:25:12 OUT: "signal_toolbox" amit_ad@LAB-WS-18
08:46:12 (MLM) CHECKIN: [feature=signal_toolbox],[user=amit_ad],[host=LAB-WS-18],[pid=4857],[date=25-Jun-2026]
11:12:10 (MLM) CHECKOUT: [feature=distri_computing_toolbox],[user=sudhakr_kunnur],[host=ECSG-HP-07],[pid=4858],[license_number=40554858],[date=25-Jun-2026]
11:12:10 OUT: "distri_computing_toolbox" sudhakr_kunnur@ECSG-HP-07
11:16:10 (MLM) DENIED: "distri_computing_toolbox" sudhakr_kunnur@ECSG-HP-07
11:34:10 (MLM) CHECKIN: [feature=distri_computing_toolbox],[user=sudhakr_kunnur],[host=ECSG-HP-07],[pid=4858],[date=25-Jun-2026]
11:34:10 IN: "distri_computing_toolbox" sudhakr_kunnur@ECSG-HP-07
13:53:16 (MLM) CHECKOUT: [feature=aerospace_toolbox],[user=vinay],[host=LAB-WS-18],[pid=4859],[license_number=40554859],[date=25-Jun-2026]
13:53:16 OUT: "aerospace_toolbox" vinay@LAB-WS-18
15:35:16 (MLM) CHECKIN: [feature=aerospace_toolbox],[user=vinay],[host=LAB-WS-18],[pid=4859],[date=25-Jun-2026]
09:49:38 (MLM) CHECKOUT: [feature=aerospace_toolbox],[user=vinay],[host=LAB-WS-18],[pid=4860],[license_number=40554860],[date=25-Jun-2026]
09:49:38 OUT: "aerospace_toolbox" vinay@LAB-WS-18
12:44:38 (MLM) CHECKIN: [feature=aerospace_toolbox],[user=vinay],[host=LAB-WS-18],[pid=4860],[date=25-Jun-2026]
12:44:38 IN: "aerospace_toolbox" vinay@LAB-WS-18
14:20:56 (MLM) CHECKOUT: [feature=polyspace_bf],[user=abhishek],[host=ECSG-HP-10],[pid=4861],[license_number=40554861],[date=25-Jun-2026]
14:25:56 (MLM) DENIED: "polyspace_bf" abhishek@ECSG-HP-10
14:50:56 (MLM) CHECKIN: [feature=polyspace_bf],[user=abhishek],[host=ECSG-HP-10],[pid=4861],[date=25-Jun-2026]
14:04:06 (MLM) CHECKOUT: [feature=simulink],[user=k_brahmiah],[host=RDP-LAB],[pid=4862],[license_number=40554862],[date=25-Jun-2026]
14:04:06 OUT: "simulink" k_brahmiah@RDP-LAB
15:34:06 (MLM) CHECKIN: [feature=simulink],[user=k_brahmiah],[host=RDP-LAB],[pid=4862],[date=25-Jun-2026]
11:55:38 (MLM) CHECKOUT: [feature=signal_blocks],[user=k_brahmiah],[host=LAB-WS-18],[pid=4863],[license_number=40554863],[date=25-Jun-2026]
14:06:38 (MLM) CHECKIN: [feature=signal_blocks],[user=k_brahmiah],[host=LAB-WS-18],[pid=4863],[date=25-Jun-2026]
14:06:38 IN: "signal_blocks" k_brahmiah@LAB-WS-18
13:41:43 (MLM) CHECKOUT: [feature=simulink],[user=vinay],[host=LAB-WS-18],[pid=4864],[license_number=40554864],[date=25-Jun-2026]
15:20:43 (MLM) CHECKIN: [feature=simulink],[user=vinay],[host=LAB-WS-18],[pid=4864],[date=25-Jun-2026]
15:20:43 IN: "simulink" vinay@LAB-WS-18
09:37:50 (MLM) CHECKOUT: [feature=simulink],[user=abhishek],[host=ECSG-HP-10],[pid=4865],[license_number=40554865],[date=25-Jun-2026]
10:24:50 (MLM) CHECKIN: [feature=simulink],[user=abhishek],[host=ECSG-HP-10],[pid=4865],[date=25-Jun-2026]
10:24:50 IN: "simulink" abhishek@ECSG-HP-10
17:28:11 (MLM) CHECKOUT: [feature=simulink],[user=sudhakr_kunnur],[host=ECSG-HP-07],[pid=4866],[license_number=40554866],[date=25-Jun-2026]
17:28:11 OUT: "simulink" sudhakr_kunnur@ECSG-HP-07
17:58:11 (MLM) CHECKIN: [feature=simulink],[user=sudhakr_kunnur],[host=ECSG-HP-07],[pid=4866],[date=25-Jun-2026]
17:58:11 IN: "simulink" sudhakr_kunnur@ECSG-HP-07
13:19:37 (MLM) CHECKOUT: [feature=distri_computing_toolbox],[user=rahul],[host=LAB-WS-18],[pid=4867],[license_number=40554867],[date=25-Jun-2026]
14:11:37 (MLM) CHECKIN: [feature=distri_computing_toolbox],[user=rahul],[host=LAB-WS-18],[pid=4867],[date=25-Jun-2026]
14:11:37 IN: "distri_computing_toolbox" rahul@LAB-WS-18
08:33:37 (MLM) CHECKOUT: [feature=signal_toolbox],[user=jaibeer],[host=RDP-LAB],[pid=4868],[license_number=40554868],[date=25-Jun-2026]
08:33:37 OUT: "signal_toolbox" jaibeer@RDP-LAB
09:48:37 (MLM) CHECKIN: [feature=signal_toolbox],[user=jaibeer],[host=RDP-LAB],[pid=4868],[date=25-Jun-2026]
09:48:37 IN: "signal_toolbox" jaibeer@RDP-LAB
11:12:40 (MLM) CHECKOUT: [feature=signal_toolbox],[user=amit_ad],[host=ECSG-HP-10],[pid=4869],[license_number=40554869],[date=25-Jun-2026]
12:54:40 (MLM) CHECKIN: [feature=signal_toolbox],[user=amit_ad],[host=ECSG-HP-10],[pid=4869],[date=25-Jun-2026]
12:54:40 IN: "signal_toolbox" amit_ad@ECSG-HP-10
13:54:37 (MLM) CHECKOUT: [feature=simulink],[user=rahul],[host=ECSG-HP-07],[pid=4870],[license_number=40554870],[date=25-Jun-2026]
13:54:37 OUT: "simulink" rahul@ECSG-HP-07
15:25:37 (MLM) CHECKIN: [feature=simulink],[user=rahul],[host=ECSG-HP-07],[pid=4870],[date=25-Jun-2026]
15:25:37 IN: "simulink" rahul@ECSG-HP-07
08:31:14 (MLM) CHECKOUT: [feature=map_toolbox],[user=abhishek],[host=ECSG-HP-07],[pid=4871],[license_number=40554871],[date=25-Jun-2026]
09:44:14 (MLM) CHECKIN: [feature=map_toolbox],[user=abhishek],[host=ECSG-HP-07],[pid=4871],[date=25-Jun-2026]
09:44:14 IN: "map_toolbox" abhishek@ECSG-HP-07
13:51:47 (MLM) CHECKOUT: [feature=signal_blocks],[user=sudhakr_kunnur],[host=ECSG-HP-07],[pid=4872],[license_number=40554872],[date=25-Jun-2026]
13:51:47 OUT: "signal_blocks" sudhakr_kunnur@ECSG-HP-07
14:07:47 (MLM) CHECKIN: [feature=signal_blocks],[user=sudhakr_kunnur],[host=ECSG-HP-07],[pid=4872],[date=25-Jun-2026]
14:07:47 IN: "signal_blocks" sudhakr_kunnur@ECSG-HP-07
10:18:28 (MLM) CHECKOUT: [feature=simulink],[user=abhishek],[host=ECSG-HP-10],[pid=4873],[license_number=40554873],[date=25-Jun-2026]
10:18:28 OUT: "simulink" abhishek@ECSG-HP-10
12:05:28 (MLM) CHECKIN: [feature=simulink],[user=abhishek],[host=ECSG-HP-10],[pid=4873],[date=25-Jun-2026]
12:05:28 IN: "simulink" abhishek@ECSG-HP-10
00:00:01 (MLM) TIMESTAMP 6/26/2026
12:46:11 (MLM) CHECKOUT: [feature=MATLAB],[user=sudhakr_kunnur],[host=RDP-LAB],[pid=4874],[license_number=40554874],[date=26-Jun-2026]
12:46:11 OUT: "MATLAB" sudhakr_kunnur@RDP-LAB
13:46:11 (MLM) CHECKIN: [feature=MATLAB],[user=sudhakr_kunnur],[host=RDP-LAB],[pid=4874],[date=26-Jun-2026]
13:46:11 IN: "MATLAB" sudhakr_kunnur@RDP-LAB
08:53:43 (MLM) CHECKOUT: [feature=polyspace_bf],[user=sudhakr_kunnur],[host=RDP-LAB],[pid=4875],[license_number=40554875],[date=26-Jun-2026]
08:53:43 OUT: "polyspace_bf" sudhakr_kunnur@RDP-LAB
09:36:43 (MLM) CHECKIN: [feature=polyspace_bf],[user=sudhakr_kunnur],[host=RDP-LAB],[pid=4875],[date=26-Jun-2026]
09:36:43 IN: "polyspace_bf" sudhakr_kunnur@RDP-LAB
13:42:10 (MLM) CHECKOUT: [feature=MATLAB],[user=sudhakr_kunnur],[host=ECSG-HP-07],[pid=4876],[license_number=40554876],[date=26-Jun-2026]
16:36:10 (MLM) CHECKIN: [feature=MATLAB],[user=sudhakr_kunnur],[host=ECSG-HP-07],[pid=4876],[date=26-Jun-2026]
10:50:12 (MLM) CHECKOUT: [feature=MATLAB],[user=amit_ad],[host=ECSG-HP-10],[pid=4877],[license_number=40554877],[date=26-Jun-2026]
10:50:12 OUT: "MATLAB" amit_ad@ECSG-HP-10
12:40:12 (MLM) CHECKIN: [feature=MATLAB],[user=amit_ad],[host=ECSG-HP-10],[pid=4877],[date=26-Jun-2026]
12:40:12 IN: "MATLAB" amit_ad@ECSG-HP-10
17:37:12 (MLM) CHECKOUT: [feature=polyspace_bf],[user=k_brahmiah],[host=DO5P-PC-222],[pid=4878],[license_number=40554878],[date=26-Jun-2026]
18:30:12 (MLM) CHECKIN: [feature=polyspace_bf],[user=k_brahmiah],[host=DO5P-PC-222],[pid=4878],[date=26-Jun-2026]
18:30:12 IN: "polyspace_bf" k_brahmiah@DO5P-PC-222
16:37:56 (MLM) CHECKOUT: [feature=map_toolbox],[user=abhishek],[host=RDP-LAB],[pid=4879],[license_number=40554879],[date=26-Jun-2026]
16:37:56 OUT: "map_toolbox" abhishek@RDP-LAB
18:52:56 (MLM) CHECKIN: [feature=map_toolbox],[user=abhishek],[host=RDP-LAB],[pid=4879],[date=26-Jun-2026]
16:23:31 (MLM) CHECKOUT: [feature=simulink],[user=jaibeer],[host=DO5P-PC-222],[pid=4880],[license_number=40554880],[date=26-Jun-2026]
16:23:31 OUT: "simulink" jaibeer@DO5P-PC-222
18:13:31 (MLM) CHECKIN: [feature=simulink],[user=jaibeer],[host=DO5P-PC-222],[pid=4880],[date=26-Jun-2026]
18:13:31 IN: "simulink" jaibeer@DO5P-PC-222
17:25:40 (MLM) CHECKOUT: [feature=simulink],[user=rahul],[host=ECSG-HP-07],[pid=4881],[license_number=40554881],[date=26-Jun-2026]
17:49:40 (MLM) CHECKIN: [feature=simulink],[user=rahul],[host=ECSG-HP-07],[pid=4881],[date=26-Jun-2026]
17:49:40 IN: "simulink" rahul@ECSG-HP-07
14:13:19 (MLM) CHECKOUT: [feature=map_toolbox],[user=amit_ad],[host=ECSG-HP-07],[pid=4882],[license_number=40554882],[date=26-Jun-2026]
14:13:19 OUT: "map_toolbox" amit_ad@ECSG-HP-07
15:08:19 (MLM) CHECKIN: [feature=map_toolbox],[user=amit_ad],[host=ECSG-HP-07],[pid=4882],[date=26-Jun-2026]
09:18:28 (MLM) CHECKOUT: [feature=MATLAB],[user=k_brahmiah],[host=LAB-WS-18],[pid=4883],[license_number=40554883],[date=26-Jun-2026]
09:18:28 OUT: "MATLAB" k_brahmiah@LAB-WS-18
09:43:28 (MLM) CHECKIN: [feature=MATLAB],[user=k_brahmiah],[host=LAB-WS-18],[pid=4883],[date=26-Jun-2026]
09:43:28 IN: "MATLAB" k_brahmiah@LAB-WS-18
14:26:23 (MLM) CHECKOUT: [feature=simulink],[user=jaibeer],[host=ECSG-HP-07],[pid=4884],[license_number=40554884],[date=26-Jun-2026]
16:18:23 (MLM) CHECKIN: [feature=simulink],[user=jaibeer],[host=ECSG-HP-07],[pid=4884],[date=26-Jun-2026]
16:18:23 IN: "simulink" jaibeer@ECSG-HP-07
13:57:05 (MLM) CHECKOUT: [feature=simulink_control_design],[user=k_brahmiah],[host=RDP-LAB],[pid=4885],[license_number=40554885],[date=26-Jun-2026]
13:57:05 OUT: "simulink_control_design" k_brahmiah@RDP-LAB
16:31:05 (MLM) CHECKIN: [feature=simulink_control_design],[user=k_brahmiah],[host=RDP-LAB],[pid=4885],[date=26-Jun-2026]
16:31:05 IN: "simulink_control_design" k_brahmiah@RDP-LAB
09:23:02 (MLM) CHECKOUT: [feature=MATLAB],[user=vinay],[host=DO5P-PC-222],[pid=4886],[license_number=40554886],[date=26-Jun-2026]
09:23:02 OUT: "MATLAB" vinay@DO5P-PC-222
11:02:02 (MLM) CHECKIN: [feature=MATLAB],[user=vinay],[host=DO5P-PC-222],[pid=4886],[date=26-Jun-2026]
11:02:02 IN: "MATLAB" vinay@DO5P-PC-222
17:08:54 (MLM) CHECKOUT: [feature=MATLAB],[user=vinay],[host=RDP-LAB],[pid=4887],[license_number=40554887],[date=26-Jun-2026]
18:29:54 (MLM) CHECKIN: [feature=MATLAB],[user=vinay],[host=RDP-LAB],[pid=4887],[date=26-Jun-2026]
18:29:54 IN: "MATLAB" vinay@RDP-LAB
14:25:52 (MLM) CHECKOUT: [feature=aerospace_toolbox],[user=sudhakr_kunnur],[host=RDP-LAB],[pid=4888],[license_number=40554888],[date=26-Jun-2026]
14:25:52 OUT: "aerospace_toolbox" sudhakr_kunnur@RDP-LAB
16:40:52 (MLM) CHECKIN: [feature=aerospace_toolbox],[user=sudhakr_kunnur],[host=RDP-LAB],[pid=4888],[date=26-Jun-2026]
16:40:52 IN: "aerospace_toolbox" sudhakr_kunnur@RDP-LAB
11:14:46 (MLM) CHECKOUT: [feature=map_toolbox],[user=efcs],[host=DO5P-PC-222],[pid=4889],[license_number=40554889],[date=26-Jun-2026]
13:41:46 (MLM) CHECKIN: [feature=map_toolbox],[user=efcs],[host=DO5P-PC-222],[pid=4889],[date=26-Jun-2026]
13:41:46 IN: "map_toolbox" efcs@DO5P-PC-222
15:21:50 (MLM) CHECKOUT: [feature=signal_blocks],[user=rahul],[host=ECSG-HP-07],[pid=4890],[license_number=40554890],[date=26-Jun-2026]
15:21:50 OUT: "signal_blocks" rahul@ECSG-HP-07
17:25:50 (MLM) CHECKIN: [feature=signal_blocks],[user=rahul],[host=ECSG-HP-07],[pid=4890],[date=26-Jun-2026]
16:01:23 (MLM) CHECKOUT: [feature=signal_toolbox],[user=jaibeer],[host=DO5P-PC-222],[pid=4891],[license_number=40554891],[date=26-Jun-2026]
16:01:23 OUT: "signal_toolbox" jaibeer@DO5P-PC-222
17:34:23 (MLM) CHECKIN: [feature=signal_toolbox],[user=jaibeer],[host=DO5P-PC-222],[pid=4891],[date=26-Jun-2026]
00:00:01 (MLM) TIMESTAMP 6/27/2026
14:27:43 (MLM) CHECKOUT: [feature=control_toolbox],[user=rahul],[host=RDP-LAB],[pid=4892],[license_number=40554892],[date=27-Jun-2026]
16:59:43 (MLM) CHECKIN: [feature=control_toolbox],[user=rahul],[host=RDP-LAB],[pid=4892],[date=27-Jun-2026]
16:59:43 IN: "control_toolbox" rahul@RDP-LAB
10:09:21 (MLM) CHECKOUT: [feature=aerospace_toolbox],[user=rahul],[host=LAB-WS-18],[pid=4893],[license_number=40554893],[date=27-Jun-2026]
10:09:21 OUT: "aerospace_toolbox" rahul@LAB-WS-18
12:59:21 (MLM) CHECKIN: [feature=aerospace_toolbox],[user=rahul],[host=LAB-WS-18],[pid=4893],[date=27-Jun-2026]
12:59:21 IN: "aerospace_toolbox" rahul@LAB-WS-18
14:04:34 (MLM) CHECKOUT: [feature=MATLAB],[user=k_brahmiah],[host=ECSG-HP-07],[pid=4894],[license_number=40554894],[date=27-Jun-2026]
14:04:34 OUT: "MATLAB" k_brahmiah@ECSG-HP-07
15:43:34 (MLM) CHECKIN: [feature=MATLAB],[user=k_brahmiah],[host=ECSG-HP-07],[pid=4894],[date=27-Jun-2026]
15:43:34 IN: "MATLAB" k_brahmiah@ECSG-HP-07
09:43:35 (MLM) CHECKOUT: [feature=MATLAB],[user=rahul],[host=RDP-LAB],[pid=4895],[license_number=40554895],[date=27-Jun-2026]
09:43:35 OUT: "MATLAB" rahul@RDP-LAB
12:32:35 (MLM) CHECKIN: [feature=MATLAB],[user=rahul],[host=RDP-LAB],[pid=4895],[date=27-Jun-2026]
12:32:35 IN: "MATLAB" rahul@RDP-LAB
14:18:13 (MLM) CHECKOUT: [feature=polyspace_bf],[user=sudhakr_kunnur],[host=ECSG-HP-10],[pid=4896],[license_number=40554896],[date=27-Jun-2026]
14:18:13 OUT: "polyspace_bf" sudhakr_kunnur@ECSG-HP-10
14:50:13 (MLM) CHECKIN: [feature=polyspace_bf],[user=sudhakr_kunnur],[host=ECSG-HP-10],[pid=4896],[date=27-Jun-2026]
14:50:13 IN: "polyspace_bf" sudhakr_kunnur@ECSG-HP-10
14:25:10 (MLM) CHECKOUT: [feature=MATLAB],[user=k_brahmiah],[host=ECSG-HP-10],[pid=4897],[license_number=40554897],[date=27-Jun-2026]
16:27:10 (MLM) CHECKIN: [feature=MATLAB],[user=k_brahmiah],[host=ECSG-HP-10],[pid=4897],[date=27-Jun-2026]
16:27:10 IN: "MATLAB" k_brahmiah@ECSG-HP-10
11:19:27 (MLM) CHECKOUT: [feature=MATLAB],[user=abhishek],[host=DO5P-PC-222],[pid=4898],[license_number=40554898],[date=27-Jun-2026]
12:14:27 (MLM) CHECKIN: [feature=MATLAB],[user=abhishek],[host=DO5P-PC-222],[pid=4898],[date=27-Jun-2026]
12:14:27 IN: "MATLAB" abhishek@DO5P-PC-222
15:17:12 (MLM) CHECKOUT: [feature=MATLAB],[user=efcs],[host=LAB-WS-18],[pid=4899],[license_number=40554899],[date=27-Jun-2026]
15:17:12 OUT: "MATLAB" efcs@LAB-WS-18
15:48:12 (MLM) CHECKIN: [feature=MATLAB],[user=efcs],[host=LAB-WS-18],[pid=4899],[date=27-Jun-2026]
17:56:31 (MLM) CHECKOUT: [feature=simulink],[user=jaibeer],[host=DO5P-PC-222],[pid=4900],[license_number=40554900],[date=27-Jun-2026]
17:56:31 OUT: "simulink" jaibeer@DO5P-PC-222
18:34:31 (MLM) CHECKIN: [feature=simulink],[user=jaibeer],[host=DO5P-PC-222],[pid=4900],[date=27-Jun-2026]
18:34:31 IN: "simulink" jaibeer@DO5P-PC-222
12:25:39 (MLM) CHECKOUT: [feature=control_toolbox],[user=amit_ad],[host=ECSG-HP-07],[pid=4901],[license_number=40554901],[date=27-Jun-2026]
14:26:39 (MLM) CHECKIN: [feature=control_toolbox],[user=amit_ad],[host=ECSG-HP-07],[pid=4901],[date=27-Jun-2026]
14:26:39 IN: "control_toolbox" amit_ad@ECSG-HP-07
10:44:36 (MLM) CHECKOUT: [feature=simulink],[user=amit_ad],[host=ECSG-HP-07],[pid=4902],[license_number=40554902],[date=27-Jun-2026]
10:44:36 OUT: "simulink" amit_ad@ECSG-HP-07
11:10:36 (MLM) CHECKIN: [feature=simulink],[user=amit_ad],[host=ECSG-HP-07],[pid=4902],[date=27-Jun-2026]
11:10:36 IN: "simulink" amit_ad@ECSG-HP-07
16:18:42 (MLM) CHECKOUT: [feature=map_toolbox],[user=amit_ad],[host=RDP-LAB],[pid=4903],[license_number=40554903],[date=27-Jun-2026]
17:28:42 (MLM) CHECKIN: [feature=map_toolbox],[user=amit_ad],[host=RDP-LAB],[pid=4903],[date=27-Jun-2026]
13:04:48 (MLM) CHECKOUT: [feature=MATLAB],[user=k_brahmiah],[host=LAB-WS-18],[pid=4904],[license_number=40554904],[date=27-Jun-2026]
13:04:48 OUT: "MATLAB" k_brahmiah@LAB-WS-18
14:42:48 (MLM) CHECKIN: [feature=MATLAB],[user=k_brahmiah],[host=LAB-WS-18],[pid=4904],[date=27-Jun-2026]
14:42:48 IN: "MATLAB" k_brahmiah@LAB-WS-18
15:01:04 (MLM) CHECKOUT: [feature=simulink],[user=abhishek],[host=DO5P-PC-222],[pid=4905],[license_number=40554905],[date=27-Jun-2026]
15:01:04 OUT: "simulink" abhishek@DO5P-PC-222
17:14:04 (MLM) CHECKIN: [feature=simulink],[user=abhishek],[host=DO5P-PC-222],[pid=4905],[date=27-Jun-2026]
17:14:04 IN: "simulink" abhishek@DO5P-PC-222
08:16:07 (MLM) CHECKOUT: [feature=signal_toolbox],[user=vinay],[host=DO5P-PC-222],[pid=4906],[license_number=40554906],[date=27-Jun-2026]
10:29:07 (MLM) CHECKIN: [feature=signal_toolbox],[user=vinay],[host=DO5P-PC-222],[pid=4906],[date=27-Jun-2026]
10:29:07 IN: "signal_toolbox" vinay@DO5P-PC-222
15:08:30 (MLM) CHECKOUT: [feature=simulink_control_design],[user=abhishek],[host=LAB-WS-18],[pid=4907],[license_number=40554907],[date=27-Jun-2026]
16:06:30 (MLM) CHECKIN: [feature=simulink_control_design],[user=abhishek],[host=LAB-WS-18],[pid=4907],[date=27-Jun-2026]
16:47:25 (MLM) CHECKOUT: [feature=control_toolbox],[user=jaibeer],[host=DO5P-PC-222],[pid=4908],[license_number=40554908],[date=27-Jun-2026]
16:47:25 OUT: "control_toolbox" jaibeer@DO5P-PC-222
17:04:25 (MLM) CHECKIN: [feature=control_toolbox],[user=jaibeer],[host=DO5P-PC-222],[pid=4908],[date=27-Jun-2026]
17:04:25 IN: "control_toolbox" jaibeer@DO5P-PC-222
08:57:43 (MLM) CHECKOUT: [feature=MATLAB],[user=abhishek],[host=RDP-LAB],[pid=4909],[license_number=40554909],[date=27-Jun-2026]
08:57:43 OUT: "MATLAB" abhishek@RDP-LAB
09:24:43 (MLM) CHECKIN: [feature=MATLAB],[user=abhishek],[host=RDP-LAB],[pid=4909],[date=27-Jun-2026]
00:00:01 (MLM) TIMESTAMP 6/28/2026
12:28:03 (MLM) CHECKOUT: [feature=signal_toolbox],[user=jaibeer],[host=ECSG-HP-10],[pid=4910],[license_number=40554910],[date=28-Jun-2026]
12:28:03 OUT: "signal_toolbox" jaibeer@ECSG-HP-10
12:41:03 (MLM) DENIED: "signal_toolbox" jaibeer@ECSG-HP-10
13:34:03 (MLM) CHECKIN: [feature=signal_toolbox],[user=jaibeer],[host=ECSG-HP-10],[pid=4910],[date=28-Jun-2026]
08:26:01 (MLM) CHECKOUT: [feature=MATLAB],[user=k_brahmiah],[host=DO5P-PC-222],[pid=4911],[license_number=40554911],[date=28-Jun-2026]
09:30:01 (MLM) CHECKIN: [feature=MATLAB],[user=k_brahmiah],[host=DO5P-PC-222],[pid=4911],[date=28-Jun-2026]
09:30:01 IN: "MATLAB" k_brahmiah@DO5P-PC-222
10:46:10 (MLM) CHECKOUT: [feature=aerospace_toolbox],[user=abhishek],[host=ECSG-HP-10],[pid=4912],[license_number=40554912],[date=28-Jun-2026]
10:46:10 OUT: "aerospace_toolbox" abhishek@ECSG-HP-10
12:24:10 (MLM) CHECKIN: [feature=aerospace_toolbox],[user=abhishek],[host=ECSG-HP-10],[pid=4912],[date=28-Jun-2026]
12:24:10 IN: "aerospace_toolbox" abhishek@ECSG-HP-10
16:25:27 (MLM) CHECKOUT: [feature=MATLAB],[user=jaibeer],[host=LAB-WS-18],[pid=4913],[license_number=40554913],[date=28-Jun-2026]
16:25:27 OUT: "MATLAB" jaibeer@LAB-WS-18
18:11:27 (MLM) CHECKIN: [feature=MATLAB],[user=jaibeer],[host=LAB-WS-18],[pid=4913],[date=28-Jun-2026]
18:11:27 IN: "MATLAB" jaibeer@LAB-WS-18
11:29:14 (MLM) CHECKOUT: [feature=MATLAB],[user=abhishek],[host=RDP-LAB],[pid=4914],[license_number=40554914],[date=28-Jun-2026]
11:29:14 OUT: "MATLAB" abhishek@RDP-LAB
14:23:14 (MLM) CHECKIN: [feature=MATLAB],[user=abhishek],[host=RDP-LAB],[pid=4914],[date=28-Jun-2026]
14:23:14 IN: "MATLAB" abhishek@RDP-LAB
17:31:06 (MLM) CHECKOUT: [feature=signal_toolbox],[user=abhishek],[host=DO5P-PC-222],[pid=4915],[license_number=40554915],[date=28-Jun-2026]
20:11:06 (MLM) CHECKIN: [feature=signal_toolbox],[user=abhishek],[host=DO5P-PC-222],[pid=4915],[date=28-Jun-2026]
20:11:06 IN: "signal_toolbox" abhishek@DO5P-PC-222
14:43:59 (MLM) CHECKOUT: [feature=control_toolbox],[user=efcs],[host=LAB-WS-18],[pid=4916],[license_number=40554916],[date=28-Jun-2026]
16:23:59 (MLM) CHECKIN: [feature=control_toolbox],[user=efcs],[host=LAB-WS-18],[pid=4916],[date=28-Jun-2026]
16:23:59 IN: "control_toolbox" efcs@LAB-WS-18
15:04:21 (MLM) CHECKOUT: [feature=distri_computing_toolbox],[user=vinay],[host=RDP-LAB],[pid=4917],[license_number=40554917],[date=28-Jun-2026]
15:04:21 OUT: "distri_computing_toolbox" vinay@RDP-LAB
17:13:21 (MLM) CHECKIN: [feature=distri_computing_toolbox],[user=vinay],[host=RDP-LAB],[pid=4917],[date=28-Jun-2026]
17:13:21 IN: "distri_computing_toolbox" vinay@RDP-LAB
08:14:01 (MLM) CHECKOUT: [feature=simulink],[user=jaibeer],[host=DO5P-PC-222],[pid=4918],[license_number=40554918],[date=28-Jun-2026]
08:14:01 OUT: "simulink" jaibeer@DO5P-PC-222
09:48:01 (MLM) CHECKIN: [feature=simulink],[user=jaibeer],[host=DO5P-PC-222],[pid=4918],[date=28-Jun-2026]
09:48:01 IN: "simulink" jaibeer@DO5P-PC-222
08:08:23 (MLM) CHECKOUT: [feature=simulink],[user=k_brahmiah],[host=DO5P-PC-222],[pid=4919],[license_number=40554919],[date=28-Jun-2026]
08:08:23 OUT: "simulink" k_brahmiah@DO5P-PC-222
09:59:23 (MLM) CHECKIN: [feature=simulink],[user=k_brahmiah],[host=DO5P-PC-222],[pid=4919],[date=28-Jun-2026]
09:59:23 IN: "simulink" k_brahmiah@DO5P-PC-222
15:47:56 (MLM) CHECKOUT: [feature=distri_computing_toolbox],[user=abhishek],[host=LAB-WS-18],[pid=4920],[license_number=40554920],[date=28-Jun-2026]
15:47:56 OUT: "distri_computing_toolbox" abhishek@LAB-WS-18
18:46:56 (MLM) CHECKIN: [feature=distri_computing_toolbox],[user=abhishek],[host=LAB-WS-18],[pid=4920],[date=28-Jun-2026]
12:48:01 (MLM) CHECKOUT: [feature=simulink_control_design],[user=abhishek],[host=ECSG-HP-07],[pid=4921],[license_number=40554921],[date=28-Jun-2026]
12:48:01 OUT: "simulink_control_design" abhishek@ECSG-HP-07
14:30:01 (MLM) CHECKIN: [feature=simulink_control_design],[user=abhishek],[host=ECSG-HP-07],[pid=4921],[date=28-Jun-2026]
14:30:01 IN: "simulink_control_design" abhishek@ECSG-HP-07
11:38:55 (MLM) CHECKOUT: [feature=aerospace_toolbox],[user=rahul],[host=DO5P-PC-222],[pid=4922],[license_number=40554922],[date=28-Jun-2026]
11:38:55 OUT: "aerospace_toolbox" rahul@DO5P-PC-222
13:46:55 (MLM) CHECKIN: [feature=aerospace_toolbox],[user=rahul],[host=DO5P-PC-222],[pid=4922],[date=28-Jun-2026]
13:46:55 IN: "aerospace_toolbox" rahul@DO5P-PC-222
11:03:40 (MLM) CHECKOUT: [feature=MATLAB],[user=abhishek],[host=ECSG-HP-07],[pid=4923],[license_number=40554923],[date=28-Jun-2026]
11:50:40 (MLM) CHECKIN: [feature=MATLAB],[user=abhishek],[host=ECSG-HP-07],[pid=4923],[date=28-Jun-2026]
11:50:40 IN: "MATLAB" abhishek@ECSG-HP-07
09:27:46 (MLM) CHECKOUT: [feature=MATLAB],[user=jaibeer],[host=DO5P-PC-222],[pid=4924],[license_number=40554924],[date=28-Jun-2026]
09:27:46 OUT: "MATLAB" jaibeer@DO5P-PC-222
10:32:46 (MLM) CHECKIN: [feature=MATLAB],[user=jaibeer],[host=DO5P-PC-222],[pid=4924],[date=28-Jun-2026]
10:32:46 IN: "MATLAB" jaibeer@DO5P-PC-222
17:28:40 (MLM) CHECKOUT: [feature=control_toolbox],[user=sudhakr_kunnur],[host=DO5P-PC-222],[pid=4925],[license_number=40554925],[date=28-Jun-2026]
17:28:40 OUT: "control_toolbox" sudhakr_kunnur@DO5P-PC-222
19:46:40 (MLM) CHECKIN: [feature=control_toolbox],[user=sudhakr_kunnur],[host=DO5P-PC-222],[pid=4925],[date=28-Jun-2026]
19:46:40 IN: "control_toolbox" sudhakr_kunnur@DO5P-PC-222
15:28:27 (MLM) CHECKOUT: [feature=signal_toolbox],[user=efcs],[host=ECSG-HP-07],[pid=4926],[license_number=40554926],[date=28-Jun-2026]
15:28:27 OUT: "signal_toolbox" efcs@ECSG-HP-07
16:22:27 (MLM) CHECKIN: [feature=signal_toolbox],[user=efcs],[host=ECSG-HP-07],[pid=4926],[date=28-Jun-2026]
14:54:05 (MLM) CHECKOUT: [feature=signal_blocks],[user=vinay],[host=ECSG-HP-10],[pid=4927],[license_number=40554927],[date=28-Jun-2026]
17:41:05 (MLM) CHECKIN: [feature=signal_blocks],[user=vinay],[host=ECSG-HP-10],[pid=4927],[date=28-Jun-2026]
17:41:05 IN: "signal_blocks" vinay@ECSG-HP-10
15:19:29 (MLM) CHECKOUT: [feature=control_toolbox],[user=rahul],[host=DO5P-PC-222],[pid=4928],[license_number=40554928],[date=28-Jun-2026]
15:19:29 OUT: "control_toolbox" rahul@DO5P-PC-222
17:37:29 (MLM) CHECKIN: [feature=control_toolbox],[user=rahul],[host=DO5P-PC-222],[pid=4928],[date=28-Jun-2026]
17:37:29 IN: "control_toolbox" rahul@DO5P-PC-222
11:00:00 (MLM) CHECKOUT: [feature=MATLAB],[user=abhishek],[host=ECSG-HP-07],[pid=4929],[license_number=40554929],[date=28-Jun-2026]
12:50:00 (MLM) CHECKIN: [feature=MATLAB],[user=abhishek],[host=ECSG-HP-07],[pid=4929],[date=28-Jun-2026]
12:50:00 IN: "MATLAB" abhishek@ECSG-HP-07
13:24:31 (MLM) CHECKOUT: [feature=distri_computing_toolbox],[user=amit_ad],[host=ECSG-HP-07],[pid=4930],[license_number=40554930],[date=28-Jun-2026]
13:24:31 OUT: "distri_computing_toolbox" amit_ad@ECSG-HP-07
13:57:31 (MLM) CHECKIN: [feature=distri_computing_toolbox],[user=amit_ad],[host=ECSG-HP-07],[pid=4930],[date=28-Jun-2026]
13:57:31 IN: "distri_computing_toolbox" amit_ad@ECSG-HP-07
17:10:12 (MLM) CHECKOUT: [feature=signal_toolbox],[user=abhishek],[host=ECSG-HP-10],[pid=4931],[license_number=40554931],[date=28-Jun-2026]
18:54:12 (MLM) CHECKIN: [feature=signal_toolbox],[user=abhishek],[host=ECSG-HP-10],[pid=4931],[date=28-Jun-2026]
18:54:12 IN: "signal_toolbox" abhishek@ECSG-HP-10
14:59:27 (MLM) CHECKOUT: [feature=simulink_control_design],[user=rahul],[host=RDP-LAB],[pid=4932],[license_number=40554932],[date=28-Jun-2026]
15:22:27 (MLM) CHECKIN: [feature=simulink_control_design],[user=rahul],[host=RDP-LAB],[pid=4932],[date=28-Jun-2026]
10:16:38 (MLM) CHECKOUT: [feature=simulink_control_design],[user=k_brahmiah],[host=ECSG-HP-10],[pid=4933],[license_number=40554933],[date=28-Jun-2026]
10:16:38 OUT: "simulink_control_design" k_brahmiah@ECSG-HP-10
11:36:38 (MLM) CHECKIN: [feature=simulink_control_design],[user=k_brahmiah],[host=ECSG-HP-10],[pid=4933],[date=28-Jun-2026]
11:36:38 IN: "simulink_control_design" k_brahmiah@ECSG-HP-10
09:41:45 (MLM) CHECKOUT: [feature=MATLAB],[user=rahul],[host=DO5P-PC-222],[pid=4934],[license_number=40554934],[date=28-Jun-2026]
12:26:45 (MLM) CHECKIN: [feature=MATLAB],[user=rahul],[host=DO5P-PC-222],[pid=4934],[date=28-Jun-2026]
10:53:27 (MLM) CHECKOUT: [feature=map_toolbox],[user=abhishek],[host=DO5P-PC-222],[pid=4935],[license_number=40554935],[date=28-Jun-2026]
10:53:27 OUT: "map_toolbox" abhishek@DO5P-PC-222
13:24:27 (MLM) CHECKIN: [feature=map_toolbox],[user=abhishek],[host=DO5P-PC-222],[pid=4935],[date=28-Jun-2026]
13:24:27 IN: "map_toolbox" abhishek@DO5P-PC-222
09:06:40 (MLM) CHECKOUT: [feature=signal_blocks],[user=k_brahmiah],[host=RDP-LAB],[pid=4936],[license_number=40554936],[date=28-Jun-2026]
09:06:40 OUT: "signal_blocks" k_brahmiah@RDP-LAB
09:57:40 (MLM) CHECKIN: [feature=signal_blocks],[user=k_brahmiah],[host=RDP-LAB],[pid=4936],[date=28-Jun-2026]
09:57:40 IN: "signal_blocks" k_brahmiah@RDP-LAB
08:10:52 (MLM) CHECKOUT: [feature=simulink_control_design],[user=sudhakr_kunnur],[host=ECSG-HP-07],[pid=4937],[license_number=40554937],[date=28-Jun-2026]
08:10:52 OUT: "simulink_control_design" sudhakr_kunnur@ECSG-HP-07
10:11:52 (MLM) CHECKIN: [feature=simulink_control_design],[user=sudhakr_kunnur],[host=ECSG-HP-07],[pid=4937],[date=28-Jun-2026]
10:11:52 IN: "simulink_control_design" sudhakr_kunnur@ECSG-HP-07
13:11:45 (MLM) CHECKOUT: [feature=MATLAB],[user=jaibeer],[host=ECSG-HP-07],[pid=4938],[license_number=40554938],[date=28-Jun-2026]
13:11:45 OUT: "MATLAB" jaibeer@ECSG-HP-07
15:34:45 (MLM) CHECKIN: [feature=MATLAB],[user=jaibeer],[host=ECSG-HP-07],[pid=4938],[date=28-Jun-2026]
08:47:11 (MLM) CHECKOUT: [feature=MATLAB],[user=rahul],[host=DO5P-PC-222],[pid=4939],[license_number=40554939],[date=28-Jun-2026]
10:46:11 (MLM) CHECKIN: [feature=MATLAB],[user=rahul],[host=DO5P-PC-222],[pid=4939],[date=28-Jun-2026]
10:46:11 IN: "MATLAB" rahul@DO5P-PC-222
10:05:18 (MLM) CHECKOUT: [feature=map_toolbox],[user=amit_ad],[host=ECSG-HP-10],[pid=4940],[license_number=40554940],[date=28-Jun-2026]
10:05:18 OUT: "map_toolbox" amit_ad@ECSG-HP-10
10:36:18 (MLM) CHECKIN: [feature=map_toolbox],[user=amit_ad],[host=ECSG-HP-10],[pid=4940],[date=28-Jun-2026]
10:36:18 IN: "map_toolbox" amit_ad@ECSG-HP-10
09:00:03 (MLM) CHECKOUT: [feature=simulink],[user=rahul],[host=ECSG-HP-07],[pid=4941],[license_number=40554941],[date=28-Jun-2026]
09:00:03 OUT: "simulink" rahul@ECSG-HP-07
11:44:03 (MLM) CHECKIN: [feature=simulink],[user=rahul],[host=ECSG-HP-07],[pid=4941],[date=28-Jun-2026]
08:24:38 (MLM) CHECKOUT: [feature=simulink],[user=abhishek],[host=DO5P-PC-222],[pid=4942],[license_number=40554942],[date=28-Jun-2026]
08:24:38 OUT: "simulink" abhishek@DO5P-PC-222
09:47:38 (MLM) CHECKIN: [feature=simulink],[user=abhishek],[host=DO5P-PC-222],[pid=4942],[date=28-Jun-2026]
13:23:43 (MLM) CHECKOUT: [feature=simulink],[user=rahul],[host=RDP-LAB],[pid=4943],[license_number=40554943],[date=28-Jun-2026]
14:39:43 (MLM) CHECKIN: [feature=simulink],[user=rahul],[host=RDP-LAB],[pid=4943],[date=28-Jun-2026]
00:00:01 (MLM) TIMESTAMP 6/29/2026
13:51:06 (MLM) CHECKOUT: [feature=distri_computing_toolbox],[user=k_brahmiah],[host=ECSG-HP-10],[pid=4944],[license_number=40554944],[date=29-Jun-2026]
13:51:06 OUT: "distri_computing_toolbox" k_brahmiah@ECSG-HP-10
15:48:06 (MLM) CHECKIN: [feature=distri_computing_toolbox],[user=k_brahmiah],[host=ECSG-HP-10],[pid=4944],[date=29-Jun-2026]
09:55:33 (MLM) CHECKOUT: [feature=MATLAB],[user=amit_ad],[host=DO5P-PC-222],[pid=4945],[license_number=40554945],[date=29-Jun-2026]
09:55:33 OUT: "MATLAB" amit_ad@DO5P-PC-222
11:13:33 (MLM) CHECKIN: [feature=MATLAB],[user=amit_ad],[host=DO5P-PC-222],[pid=4945],[date=29-Jun-2026]
11:13:33 IN: "MATLAB" amit_ad@DO5P-PC-222
11:00:40 (MLM) CHECKOUT: [feature=simulink],[user=jaibeer],[host=ECSG-HP-07],[pid=4946],[license_number=40554946],[date=29-Jun-2026]
11:19:40 (MLM) CHECKIN: [feature=simulink],[user=jaibeer],[host=ECSG-HP-07],[pid=4946],[date=29-Jun-2026]
11:19:40 IN: "simulink" jaibeer@ECSG-HP-07
11:38:31 (MLM) CHECKOUT: [feature=simulink_control_design],[user=amit_ad],[host=RDP-LAB],[pid=4947],[license_number=40554947],[date=29-Jun-2026]
11:38:31 OUT: "simulink_control_design" amit_ad@RDP-LAB
12:13:31 (MLM) CHECKIN: [feature=simulink_control_design],[user=amit_ad],[host=RDP-LAB],[pid=4947],[date=29-Jun-2026]
12:13:31 IN: "simulink_control_design" amit_ad@RDP-LAB
09:46:24 (MLM) CHECKOUT: [feature=distri_computing_toolbox],[user=efcs],[host=ECSG-HP-07],[pid=4948],[license_number=40554948],[date=29-Jun-2026]
09:46:24 OUT: "distri_computing_toolbox" efcs@ECSG-HP-07
10:37:24 (MLM) CHECKIN: [feature=distri_computing_toolbox],[user=efcs],[host=ECSG-HP-07],[pid=4948],[date=29-Jun-2026]
15:50:05 (MLM) CHECKOUT: [feature=MATLAB],[user=amit_ad],[host=LAB-WS-18],[pid=4949],[license_number=40554949],[date=29-Jun-2026]
15:50:05 OUT: "MATLAB" amit_ad@LAB-WS-18
18:25:05 (MLM) CHECKIN: [feature=MATLAB],[user=amit_ad],[host=LAB-WS-18],[pid=4949],[date=29-Jun-2026]
15:42:34 (MLM) CHECKOUT: [feature=distri_computing_toolbox],[user=rahul],[host=ECSG-HP-07],[pid=4950],[license_number=40554950],[date=29-Jun-2026]
15:42:34 OUT: "distri_computing_toolbox" rahul@ECSG-HP-07
16:19:34 (MLM) CHECKIN: [feature=distri_computing_toolbox],[user=rahul],[host=ECSG-HP-07],[pid=4950],[date=29-Jun-2026]
16:19:34 IN: "distri_computing_toolbox" rahul@ECSG-HP-07
13:57:24 (MLM) CHECKOUT: [feature=MATLAB],[user=efcs],[host=ECSG-HP-10],[pid=4951],[license_number=40554951],[date=29-Jun-2026]
15:17:24 (MLM) CHECKIN: [feature=MATLAB],[user=efcs],[host=ECSG-HP-10],[pid=4951],[date=29-Jun-2026]
15:17:24 IN: "MATLAB" efcs@ECSG-HP-10
16:40:46 (MLM) CHECKOUT: [feature=simulink_control_design],[user=efcs],[host=ECSG-HP-10],[pid=4952],[license_number=40554952],[date=29-Jun-2026]
16:40:46 OUT: "simulink_control_design" efcs@ECSG-HP-10
18:20:46 (MLM) CHECKIN: [feature=simulink_control_design],[user=efcs],[host=ECSG-HP-10],[pid=4952],[date=29-Jun-2026]
13:24:58 (MLM) CHECKOUT: [feature=MATLAB],[user=efcs],[host=LAB-WS-18],[pid=4953],[license_number=40554953],[date=29-Jun-2026]
15:16:58 (MLM) CHECKIN: [feature=MATLAB],[user=efcs],[host=LAB-WS-18],[pid=4953],[date=29-Jun-2026]
15:16:58 IN: "MATLAB" efcs@LAB-WS-18
11:16:07 (MLM) CHECKOUT: [feature=aerospace_toolbox],[user=vinay],[host=ECSG-HP-07],[pid=4954],[license_number=40554954],[date=29-Jun-2026]
11:16:07 OUT: "aerospace_toolbox" vinay@ECSG-HP-07
12:58:07 (MLM) CHECKIN: [feature=aerospace_toolbox],[user=vinay],[host=ECSG-HP-07],[pid=4954],[date=29-Jun-2026]
10:54:20 (MLM) CHECKOUT: [feature=simulink],[user=efcs],[host=ECSG-HP-10],[pid=4955],[license_number=40554955],[date=29-Jun-2026]
11:09:20 (MLM) CHECKIN: [feature=simulink],[user=efcs],[host=ECSG-HP-10],[pid=4955],[date=29-Jun-2026]
11:09:20 IN: "simulink" efcs@ECSG-HP-10
14:20:49 (MLM) CHECKOUT: [feature=aerospace_blockset],[user=rahul],[host=DO5P-PC-222],[pid=4956],[license_number=40554956],[date=29-Jun-2026]
14:20:49 OUT: "aerospace_blockset" rahul@DO5P-PC-222
15:07:49 (MLM) CHECKIN: [feature=aerospace_blockset],[user=rahul],[host=DO5P-PC-222],[pid=4956],[date=29-Jun-2026]
15:07:49 IN: "aerospace_blockset" rahul@DO5P-PC-222
08:34:54 (MLM) CHECKOUT: [feature=MATLAB],[user=jaibeer],[host=DO5P-PC-222],[pid=4957],[license_number=40554957],[date=29-Jun-2026]
08:34:54 OUT: "MATLAB" jaibeer@DO5P-PC-222
10:04:54 (MLM) CHECKIN: [feature=MATLAB],[user=jaibeer],[host=DO5P-PC-222],[pid=4957],[date=29-Jun-2026]
12:09:47 (MLM) CHECKOUT: [feature=MATLAB],[user=rahul],[host=ECSG-HP-07],[pid=4958],[license_number=40554958],[date=29-Jun-2026]
12:09:47 OUT: "MATLAB" rahul@ECSG-HP-07
12:32:47 (MLM) CHECKIN: [feature=MATLAB],[user=rahul],[host=ECSG-HP-07],[pid=4958],[date=29-Jun-2026]
12:32:47 IN: "MATLAB" rahul@ECSG-HP-07
17:30:40 (MLM) CHECKOUT: [feature=control_toolbox],[user=sudhakr_kunnur],[host=ECSG-HP-10],[pid=4959],[license_number=40554959],[date=29-Jun-2026]
19:21:40 (MLM) CHECKIN: [feature=control_toolbox],[user=sudhakr_kunnur],[host=ECSG-HP-10],[pid=4959],[date=29-Jun-2026]
19:21:40 IN: "control_toolbox" sudhakr_kunnur@ECSG-HP-10
11:54:46 (MLM) CHECKOUT: [feature=aerospace_toolbox],[user=vinay],[host=DO5P-PC-222],[pid=4960],[license_number=40554960],[date=29-Jun-2026]
12:22:46 (MLM) CHECKIN: [feature=aerospace_toolbox],[user=vinay],[host=DO5P-PC-222],[pid=4960],[date=29-Jun-2026]
12:52:42 (MLM) CHECKOUT: [feature=signal_blocks],[user=vinay],[host=ECSG-HP-07],[pid=4961],[license_number=40554961],[date=29-Jun-2026]
13:12:42 (MLM) CHECKIN: [feature=signal_blocks],[user=vinay],[host=ECSG-HP-07],[pid=4961],[date=29-Jun-2026]
13:12:42 IN: "signal_blocks" vinay@ECSG-HP-07
14:25:04 (MLM) CHECKOUT: [feature=distri_computing_toolbox],[user=k_brahmiah],[host=ECSG-HP-07],[pid=4962],[license_number=40554962],[date=29-Jun-2026]
14:25:04 OUT: "distri_computing_toolbox" k_brahmiah@ECSG-HP-07
15:29:04 (MLM) CHECKIN: [feature=distri_computing_toolbox],[user=k_brahmiah],[host=ECSG-HP-07],[pid=4962],[date=29-Jun-2026]
17:55:51 (MLM) CHECKOUT: [feature=MATLAB],[user=rahul],[host=ECSG-HP-10],[pid=4963],[license_number=40554963],[date=29-Jun-2026]
17:55:51 OUT: "MATLAB" rahul@ECSG-HP-10
19:27:51 (MLM) CHECKIN: [feature=MATLAB],[user=rahul],[host=ECSG-HP-10],[pid=4963],[date=29-Jun-2026]
19:27:51 IN: "MATLAB" rahul@ECSG-HP-10
15:18:57 (MLM) CHECKOUT: [feature=signal_toolbox],[user=abhishek],[host=DO5P-PC-222],[pid=4964],[license_number=40554964],[date=29-Jun-2026]
15:18:57 OUT: "signal_toolbox" abhishek@DO5P-PC-222
16:23:57 (MLM) CHECKIN: [feature=signal_toolbox],[user=abhishek],[host=DO5P-PC-222],[pid=4964],[date=29-Jun-2026]
10:24:27 (MLM) CHECKOUT: [feature=MATLAB],[user=abhishek],[host=LAB-WS-18],[pid=4965],[license_number=40554965],[date=29-Jun-2026]
10:24:27 OUT: "MATLAB" abhishek@LAB-WS-18
10:53:27 (MLM) CHECKIN: [feature=MATLAB],[user=abhishek],[host=LAB-WS-18],[pid=4965],[date=29-Jun-2026]
10:53:27 IN: "MATLAB" abhishek@LAB-WS-18
09:32:41 (MLM) CHECKOUT: [feature=polyspace_bf],[user=efcs],[host=DO5P-PC-222],[pid=4966],[license_number=40554966],[date=29-Jun-2026]
09:32:41 OUT: "polyspace_bf" efcs@DO5P-PC-222
10:25:41 (MLM) CHECKIN: [feature=polyspace_bf],[user=efcs],[host=DO5P-PC-222],[pid=4966],[date=29-Jun-2026]
10:25:41 IN: "polyspace_bf" efcs@DO5P-PC-222
14:31:19 (MLM) CHECKOUT: [feature=MATLAB],[user=k_brahmiah],[host=ECSG-HP-10],[pid=4967],[license_number=40554967],[date=29-Jun-2026]
14:31:19 OUT: "MATLAB" k_brahmiah@ECSG-HP-10
16:22:19 (MLM) CHECKIN: [feature=MATLAB],[user=k_brahmiah],[host=ECSG-HP-10],[pid=4967],[date=29-Jun-2026]
14:17:40 (MLM) CHECKOUT: [feature=signal_blocks],[user=efcs],[host=ECSG-HP-10],[pid=4968],[license_number=40554968],[date=29-Jun-2026]
14:17:40 OUT: "signal_blocks" efcs@ECSG-HP-10
15:02:40 (MLM) CHECKIN: [feature=signal_blocks],[user=efcs],[host=ECSG-HP-10],[pid=4968],[date=29-Jun-2026]
15:02:40 IN: "signal_blocks" efcs@ECSG-HP-10
17:36:36 (MLM) CHECKOUT: [feature=MATLAB],[user=abhishek],[host=LAB-WS-18],[pid=4969],[license_number=40554969],[date=29-Jun-2026]
17:36:36 OUT: "MATLAB" abhishek@LAB-WS-18
18:15:36 (MLM) CHECKIN: [feature=MATLAB],[user=abhishek],[host=LAB-WS-18],[pid=4969],[date=29-Jun-2026]
14:19:36 (MLM) CHECKOUT: [feature=distri_computing_toolbox],[user=sudhakr_kunnur],[host=ECSG-HP-07],[pid=4970],[license_number=40554970],[date=29-Jun-2026]
14:19:36 OUT: "distri_computing_toolbox" sudhakr_kunnur@ECSG-HP-07
16:51:36 (MLM) CHECKIN: [feature=distri_computing_toolbox],[user=sudhakr_kunnur],[host=ECSG-HP-07],[pid=4970],[date=29-Jun-2026]
16:51:36 IN: "distri_computing_toolbox" sudhakr_kunnur@ECSG-HP-07
16:50:51 (MLM) CHECKOUT: [feature=signal_toolbox],[user=vinay],[host=ECSG-HP-10],[pid=4971],[license_number=40554971],[date=29-Jun-2026]
16:50:51 OUT: "signal_toolbox" vinay@ECSG-HP-10
17:09:51 (MLM) DENIED: "signal_toolbox" vinay@ECSG-HP-10
19:22:51 (MLM) CHECKIN: [feature=signal_toolbox],[user=vinay],[host=ECSG-HP-10],[pid=4971],[date=29-Jun-2026]
11:42:57 (MLM) CHECKOUT: [feature=signal_blocks],[user=vinay],[host=ECSG-HP-10],[pid=4972],[license_number=40554972],[date=29-Jun-2026]
11:42:57 OUT: "signal_blocks" vinay@ECSG-HP-10
12:43:57 (MLM) CHECKIN: [feature=signal_blocks],[user=vinay],[host=ECSG-HP-10],[pid=4972],[date=29-Jun-2026]
12:43:57 IN: "signal_blocks" vinay@ECSG-HP-10
10:36:13 (MLM) CHECKOUT: [feature=MATLAB],[user=rahul],[host=RDP-LAB],[pid=4973],[license_number=40554973],[date=29-Jun-2026]
10:36:13 OUT: "MATLAB" rahul@RDP-LAB
11:56:13 (MLM) CHECKIN: [feature=MATLAB],[user=rahul],[host=RDP-LAB],[pid=4973],[date=29-Jun-2026]
00:00:01 (MLM) TIMESTAMP 6/30/2026
13:34:10 (MLM) CHECKOUT: [feature=simulink],[user=abhishek],[host=ECSG-HP-10],[pid=4974],[license_number=40554974],[date=30-Jun-2026]
13:34:10 OUT: "simulink" abhishek@ECSG-HP-10
13:49:10 (MLM) CHECKIN: [feature=simulink],[user=abhishek],[host=ECSG-HP-10],[pid=4974],[date=30-Jun-2026]
13:49:10 IN: "simulink" abhishek@ECSG-HP-10
12:42:34 (MLM) CHECKOUT: [feature=map_toolbox],[user=abhishek],[host=LAB-WS-18],[pid=4975],[license_number=40554975],[date=30-Jun-2026]
12:42:34 OUT: "map_toolbox" abhishek@LAB-WS-18
14:17:34 (MLM) CHECKIN: [feature=map_toolbox],[user=abhishek],[host=LAB-WS-18],[pid=4975],[date=30-Jun-2026]
14:17:34 IN: "map_toolbox" abhishek@LAB-WS-18
16:13:44 (MLM) CHECKOUT: [feature=simulink],[user=efcs],[host=RDP-LAB],[pid=4976],[license_number=40554976],[date=30-Jun-2026]
16:13:44 OUT: "simulink" efcs@RDP-LAB
17:28:44 (MLM) CHECKIN: [feature=simulink],[user=efcs],[host=RDP-LAB],[pid=4976],[date=30-Jun-2026]
17:28:44 IN: "simulink" efcs@RDP-LAB
17:35:13 (MLM) CHECKOUT: [feature=distri_computing_toolbox],[user=abhishek],[host=DO5P-PC-222],[pid=4977],[license_number=40554977],[date=30-Jun-2026]
17:35:13 OUT: "distri_computing_toolbox" abhishek@DO5P-PC-222
20:29:13 (MLM) CHECKIN: [feature=distri_computing_toolbox],[user=abhishek],[host=DO5P-PC-222],[pid=4977],[date=30-Jun-2026]
20:29:13 IN: "distri_computing_toolbox" abhishek@DO5P-PC-222
10:25:29 (MLM) CHECKOUT: [feature=signal_toolbox],[user=rahul],[host=RDP-LAB],[pid=4978],[license_number=40554978],[date=30-Jun-2026]
10:25:29 OUT: "signal_toolbox" rahul@RDP-LAB
12:28:29 (MLM) CHECKIN: [feature=signal_toolbox],[user=rahul],[host=RDP-LAB],[pid=4978],[date=30-Jun-2026]
12:40:44 (MLM) CHECKOUT: [feature=MATLAB],[user=abhishek],[host=DO5P-PC-222],[pid=4979],[license_number=40554979],[date=30-Jun-2026]
12:40:44 OUT: "MATLAB" abhishek@DO5P-PC-222
15:19:44 (MLM) CHECKIN: [feature=MATLAB],[user=abhishek],[host=DO5P-PC-222],[pid=4979],[date=30-Jun-2026]
15:19:44 IN: "MATLAB" abhishek@DO5P-PC-222
10:20:50 (MLM) CHECKOUT: [feature=MATLAB],[user=vinay],[host=LAB-WS-18],[pid=4980],[license_number=40554980],[date=30-Jun-2026]
10:20:50 OUT: "MATLAB" vinay@LAB-WS-18
10:40:50 (MLM) DENIED: "MATLAB" vinay@LAB-WS-18
11:38:50 (MLM) CHECKIN: [feature=MATLAB],[user=vinay],[host=LAB-WS-18],[pid=4980],[date=30-Jun-2026]
11:38:50 IN: "MATLAB" vinay@LAB-WS-18
14:04:21 (MLM) CHECKOUT: [feature=simulink_control_design],[user=abhishek],[host=ECSG-HP-10],[pid=4981],[license_number=40554981],[date=30-Jun-2026]
14:04:21 OUT: "simulink_control_design" abhishek@ECSG-HP-10
15:44:21 (MLM) CHECKIN: [feature=simulink_control_design],[user=abhishek],[host=ECSG-HP-10],[pid=4981],[date=30-Jun-2026]
09:24:14 (MLM) CHECKOUT: [feature=control_toolbox],[user=abhishek],[host=DO5P-PC-222],[pid=4982],[license_number=40554982],[date=30-Jun-2026]
09:24:14 OUT: "control_toolbox" abhishek@DO5P-PC-222
10:10:14 (MLM) CHECKIN: [feature=control_toolbox],[user=abhishek],[host=DO5P-PC-222],[pid=4982],[date=30-Jun-2026]
10:10:14 IN: "control_toolbox" abhishek@DO5P-PC-222
15:06:33 (MLM) CHECKOUT: [feature=simulink],[user=vinay],[host=RDP-LAB],[pid=4983],[license_number=40554983],[date=30-Jun-2026]
15:06:33 OUT: "simulink" vinay@RDP-LAB
16:33:33 (MLM) CHECKIN: [feature=simulink],[user=vinay],[host=RDP-LAB],[pid=4983],[date=30-Jun-2026]
16:33:33 IN: "simulink" vinay@RDP-LAB
14:11:22 (MLM) CHECKOUT: [feature=MATLAB],[user=jaibeer],[host=ECSG-HP-10],[pid=4984],[license_number=40554984],[date=30-Jun-2026]
16:42:22 (MLM) CHECKIN: [feature=MATLAB],[user=jaibeer],[host=ECSG-HP-10],[pid=4984],[date=30-Jun-2026]
16:42:22 IN: "MATLAB" jaibeer@ECSG-HP-10
10:16:00 (MLM) CHECKOUT: [feature=simulink],[user=amit_ad],[host=ECSG-HP-07],[pid=4985],[license_number=40554985],[date=30-Jun-2026]
10:16:00 OUT: "simulink" amit_ad@ECSG-HP-07
11:03:00 (MLM) CHECKIN: [feature=simulink],[user=amit_ad],[host=ECSG-HP-07],[pid=4985],[date=30-Jun-2026]
11:03:00 IN: "simulink" amit_ad@ECSG-HP-07
13:45:49 (MLM) CHECKOUT: [feature=MATLAB],[user=rahul],[host=RDP-LAB],[pid=4986],[license_number=40554986],[date=30-Jun-2026]
13:45:49 OUT: "MATLAB" rahul@RDP-LAB
15:57:49 (MLM) CHECKIN: [feature=MATLAB],[user=rahul],[host=RDP-LAB],[pid=4986],[date=30-Jun-2026]
15:57:49 IN: "MATLAB" rahul@RDP-LAB
12:27:33 (MLM) CHECKOUT: [feature=simulink],[user=efcs],[host=ECSG-HP-07],[pid=4987],[license_number=40554987],[date=30-Jun-2026]
13:40:33 (MLM) CHECKIN: [feature=simulink],[user=efcs],[host=ECSG-HP-07],[pid=4987],[date=30-Jun-2026]
13:40:33 IN: "simulink" efcs@ECSG-HP-07
13:54:05 (MLM) CHECKOUT: [feature=signal_toolbox],[user=amit_ad],[host=RDP-LAB],[pid=4988],[license_number=40554988],[date=30-Jun-2026]
13:54:05 OUT: "signal_toolbox" amit_ad@RDP-LAB
14:02:05 (MLM) DENIED: "signal_toolbox" amit_ad@RDP-LAB
14:32:05 (MLM) CHECKIN: [feature=signal_toolbox],[user=amit_ad],[host=RDP-LAB],[pid=4988],[date=30-Jun-2026]
14:32:05 IN: "signal_toolbox" amit_ad@RDP-LAB
15:51:55 (MLM) CHECKOUT: [feature=simulink],[user=abhishek],[host=RDP-LAB],[pid=4989],[license_number=40554989],[date=30-Jun-2026]
15:51:55 OUT: "simulink" abhishek@RDP-LAB
18:16:55 (MLM) CHECKIN: [feature=simulink],[user=abhishek],[host=RDP-LAB],[pid=4989],[date=30-Jun-2026]
16:44:07 (MLM) CHECKOUT: [feature=simulink],[user=abhishek],[host=ECSG-HP-07],[pid=4990],[license_number=40554990],[date=30-Jun-2026]
16:44:07 OUT: "simulink" abhishek@ECSG-HP-07
17:00:07 (MLM) CHECKIN: [feature=simulink],[user=abhishek],[host=ECSG-HP-07],[pid=4990],[date=30-Jun-2026]
16:43:38 (MLM) CHECKOUT: [feature=MATLAB],[user=jaibeer],[host=RDP-LAB],[pid=4991],[license_number=40554991],[date=30-Jun-2026]
16:43:38 OUT: "MATLAB" jaibeer@RDP-LAB
17:41:38 (MLM) CHECKIN: [feature=MATLAB],[user=jaibeer],[host=RDP-LAB],[pid=4991],[date=30-Jun-2026]
17:41:38 IN: "MATLAB" jaibeer@RDP-LAB
10:04:23 (MLM) CHECKOUT: [feature=map_toolbox],[user=amit_ad],[host=LAB-WS-18],[pid=4992],[license_number=40554992],[date=30-Jun-2026]
10:32:23 (MLM) CHECKIN: [feature=map_toolbox],[user=amit_ad],[host=LAB-WS-18],[pid=4992],[date=30-Jun-2026]
10:32:23 IN: "map_toolbox" amit_ad@LAB-WS-18
00:00:01 (MLM) TIMESTAMP 7/1/2026
11:53:34 (MLM) CHECKOUT: [feature=control_toolbox],[user=sudhakr_kunnur],[host=ECSG-HP-10],[pid=4993],[license_number=40554993],[date=01-Jul-2026]
13:22:34 (MLM) CHECKIN: [feature=control_toolbox],[user=sudhakr_kunnur],[host=ECSG-HP-10],[pid=4993],[date=01-Jul-2026]
13:22:34 IN: "control_toolbox" sudhakr_kunnur@ECSG-HP-10
17:25:13 (MLM) CHECKOUT: [feature=MATLAB],[user=sudhakr_kunnur],[host=DO5P-PC-222],[pid=4994],[license_number=40554994],[date=01-Jul-2026]
20:24:13 (MLM) CHECKIN: [feature=MATLAB],[user=sudhakr_kunnur],[host=DO5P-PC-222],[pid=4994],[date=01-Jul-2026]
20:24:13 IN: "MATLAB" sudhakr_kunnur@DO5P-PC-222
15:03:22 (MLM) CHECKOUT: [feature=map_toolbox],[user=amit_ad],[host=ECSG-HP-07],[pid=4995],[license_number=40554995],[date=01-Jul-2026]
15:03:22 OUT: "map_toolbox" amit_ad@ECSG-HP-07
16:34:22 (MLM) CHECKIN: [feature=map_toolbox],[user=amit_ad],[host=ECSG-HP-07],[pid=4995],[date=01-Jul-2026]
16:34:22 IN: "map_toolbox" amit_ad@ECSG-HP-07
08:06:27 (MLM) CHECKOUT: [feature=signal_toolbox],[user=abhishek],[host=DO5P-PC-222],[pid=4996],[license_number=40554996],[date=01-Jul-2026]
08:06:27 OUT: "signal_toolbox" abhishek@DO5P-PC-222
10:32:27 (MLM) CHECKIN: [feature=signal_toolbox],[user=abhishek],[host=DO5P-PC-222],[pid=4996],[date=01-Jul-2026]
12:14:30 (MLM) CHECKOUT: [feature=MATLAB],[user=k_brahmiah],[host=ECSG-HP-07],[pid=4997],[license_number=40554997],[date=01-Jul-2026]
12:14:30 OUT: "MATLAB" k_brahmiah@ECSG-HP-07
14:18:30 (MLM) CHECKIN: [feature=MATLAB],[user=k_brahmiah],[host=ECSG-HP-07],[pid=4997],[date=01-Jul-2026]
15:42:53 (MLM) CHECKOUT: [feature=MATLAB],[user=rahul],[host=RDP-LAB],[pid=4998],[license_number=40554998],[date=01-Jul-2026]
15:42:53 OUT: "MATLAB" rahul@RDP-LAB
17:48:53 (MLM) CHECKIN: [feature=MATLAB],[user=rahul],[host=RDP-LAB],[pid=4998],[date=01-Jul-2026]
17:48:53 IN: "MATLAB" rahul@RDP-LAB
12:02:08 (MLM) CHECKOUT: [feature=MATLAB],[user=amit_ad],[host=DO5P-PC-222],[pid=4999],[license_number=40554999],[date=01-Jul-2026]
12:02:08 OUT: "MATLAB" amit_ad@DO5P-PC-222
12:25:08 (MLM) CHECKIN: [feature=MATLAB],[user=amit_ad],[host=DO5P-PC-222],[pid=4999],[date=01-Jul-2026]
12:25:08 IN: "MATLAB" amit_ad@DO5P-PC-222
12:07:26 (MLM) CHECKOUT: [feature=distri_computing_toolbox],[user=sudhakr_kunnur],[host=ECSG-HP-07],[pid=5000],[license_number=40555000],[date=01-Jul-2026]
12:07:26 OUT: "distri_computing_toolbox" sudhakr_kunnur@ECSG-HP-07
12:54:26 (MLM) CHECKIN: [feature=distri_computing_toolbox],[user=sudhakr_kunnur],[host=ECSG-HP-07],[pid=5000],[date=01-Jul-2026]
12:54:26 IN: "distri_computing_toolbox" sudhakr_kunnur@ECSG-HP-07
14:08:07 (MLM) CHECKOUT: [feature=simulink],[user=vinay],[host=ECSG-HP-07],[pid=5001],[license_number=40555001],[date=01-Jul-2026]
14:55:07 (MLM) CHECKIN: [feature=simulink],[user=vinay],[host=ECSG-HP-07],[pid=5001],[date=01-Jul-2026]
14:55:07 IN: "simulink" vinay@ECSG-HP-07
13:27:38 (MLM) CHECKOUT: [feature=MATLAB],[user=rahul],[host=DO5P-PC-222],[pid=5002],[license_number=40555002],[date=01-Jul-2026]
14:56:38 (MLM) CHECKIN: [feature=MATLAB],[user=rahul],[host=DO5P-PC-222],[pid=5002],[date=01-Jul-2026]
14:56:38 IN: "MATLAB" rahul@DO5P-PC-222
10:46:32 (MLM) CHECKOUT: [feature=MATLAB],[user=abhishek],[host=ECSG-HP-07],[pid=5003],[license_number=40555003],[date=01-Jul-2026]
10:46:32 OUT: "MATLAB" abhishek@ECSG-HP-07
11:30:32 (MLM) CHECKIN: [feature=MATLAB],[user=abhishek],[host=ECSG-HP-07],[pid=5003],[date=01-Jul-2026]
14:12:30 (MLM) CHECKOUT: [feature=simulink_control_design],[user=efcs],[host=DO5P-PC-222],[pid=5004],[license_number=40555004],[date=01-Jul-2026]
16:35:30 (MLM) CHECKIN: [feature=simulink_control_design],[user=efcs],[host=DO5P-PC-222],[pid=5004],[date=01-Jul-2026]
16:35:30 IN: "simulink_control_design" efcs@DO5P-PC-222
10:14:07 (MLM) CHECKOUT: [feature=simulink],[user=sudhakr_kunnur],[host=LAB-WS-18],[pid=5005],[license_number=40555005],[date=01-Jul-2026]
10:14:07 OUT: "simulink" sudhakr_kunnur@LAB-WS-18
10:21:07 (MLM) DENIED: "simulink" sudhakr_kunnur@LAB-WS-18
11:06:07 (MLM) CHECKIN: [feature=simulink],[user=sudhakr_kunnur],[host=LAB-WS-18],[pid=5005],[date=01-Jul-2026]
11:06:07 IN: "simulink" sudhakr_kunnur@LAB-WS-18
14:26:33 (MLM) CHECKOUT: [feature=map_toolbox],[user=jaibeer],[host=ECSG-HP-10],[pid=5006],[license_number=40555006],[date=01-Jul-2026]
14:26:33 OUT: "map_toolbox" jaibeer@ECSG-HP-10
15:40:33 (MLM) CHECKIN: [feature=map_toolbox],[user=jaibeer],[host=ECSG-HP-10],[pid=5006],[date=01-Jul-2026]
15:40:33 IN: "map_toolbox" jaibeer@ECSG-HP-10
08:19:07 (MLM) CHECKOUT: [feature=simulink],[user=k_brahmiah],[host=ECSG-HP-10],[pid=5007],[license_number=40555007],[date=01-Jul-2026]
08:19:07 OUT: "simulink" k_brahmiah@ECSG-HP-10
10:03:07 (MLM) CHECKIN: [feature=simulink],[user=k_brahmiah],[host=ECSG-HP-10],[pid=5007],[date=01-Jul-2026]
08:03:42 (MLM) CHECKOUT: [feature=MATLAB],[user=sudhakr_kunnur],[host=ECSG-HP-10],[pid=5008],[license_number=40555008],[date=01-Jul-2026]
10:18:42 (MLM) CHECKIN: [feature=MATLAB],[user=sudhakr_kunnur],[host=ECSG-HP-10],[pid=5008],[date=01-Jul-2026]
10:18:42 IN: "MATLAB" sudhakr_kunnur@ECSG-HP-10
15:23:21 (MLM) CHECKOUT: [feature=MATLAB],[user=jaibeer],[host=ECSG-HP-07],[pid=5009],[license_number=40555009],[date=01-Jul-2026]
15:23:21 OUT: "MATLAB" jaibeer@ECSG-HP-07
15:41:21 (MLM) CHECKIN: [feature=MATLAB],[user=jaibeer],[host=ECSG-HP-07],[pid=5009],[date=01-Jul-2026]
15:41:21 IN: "MATLAB" jaibeer@ECSG-HP-07
13:47:49 (MLM) CHECKOUT: [feature=control_toolbox],[user=vinay],[host=DO5P-PC-222],[pid=5010],[license_number=40555010],[date=01-Jul-2026]
13:47:49 OUT: "control_toolbox" vinay@DO5P-PC-222
15:02:49 (MLM) CHECKIN: [feature=control_toolbox],[user=vinay],[host=DO5P-PC-222],[pid=5010],[date=01-Jul-2026]
15:02:49 IN: "control_toolbox" vinay@DO5P-PC-222
09:08:40 (MLM) CHECKOUT: [feature=MATLAB],[user=sudhakr_kunnur],[host=ECSG-HP-07],[pid=5011],[license_number=40555011],[date=01-Jul-2026]
11:53:40 (MLM) CHECKIN: [feature=MATLAB],[user=sudhakr_kunnur],[host=ECSG-HP-07],[pid=5011],[date=01-Jul-2026]
15:59:06 (MLM) CHECKOUT: [feature=MATLAB],[user=amit_ad],[host=DO5P-PC-222],[pid=5012],[license_number=40555012],[date=01-Jul-2026]
15:59:06 OUT: "MATLAB" amit_ad@DO5P-PC-222
17:41:06 (MLM) CHECKIN: [feature=MATLAB],[user=amit_ad],[host=DO5P-PC-222],[pid=5012],[date=01-Jul-2026]
17:41:06 IN: "MATLAB" amit_ad@DO5P-PC-222
10:02:08 (MLM) CHECKOUT: [feature=simulink],[user=rahul],[host=DO5P-PC-222],[pid=5013],[license_number=40555013],[date=01-Jul-2026]
10:02:08 OUT: "simulink" rahul@DO5P-PC-222
11:21:08 (MLM) CHECKIN: [feature=simulink],[user=rahul],[host=DO5P-PC-222],[pid=5013],[date=01-Jul-2026]
13:28:40 (MLM) CHECKOUT: [feature=distri_computing_toolbox],[user=vinay],[host=LAB-WS-18],[pid=5014],[license_number=40555014],[date=01-Jul-2026]
14:00:40 (MLM) CHECKIN: [feature=distri_computing_toolbox],[user=vinay],[host=LAB-WS-18],[pid=5014],[date=01-Jul-2026]
14:00:40 IN: "distri_computing_toolbox" vinay@LAB-WS-18
10:38:17 (MLM) CHECKOUT: [feature=aerospace_toolbox],[user=rahul],[host=LAB-WS-18],[pid=5015],[license_number=40555015],[date=01-Jul-2026]
10:38:17 OUT: "aerospace_toolbox" rahul@LAB-WS-18
11:04:17 (MLM) CHECKIN: [feature=aerospace_toolbox],[user=rahul],[host=LAB-WS-18],[pid=5015],[date=01-Jul-2026]
14:31:43 (MLM) CHECKOUT: [feature=signal_blocks],[user=abhishek],[host=DO5P-PC-222],[pid=5016],[license_number=40555016],[date=01-Jul-2026]
14:31:43 OUT: "signal_blocks" abhishek@DO5P-PC-222
15:05:43 (MLM) CHECKIN: [feature=signal_blocks],[user=abhishek],[host=DO5P-PC-222],[pid=5016],[date=01-Jul-2026]
15:05:43 IN: "signal_blocks" abhishek@DO5P-PC-222
14:25:38 (MLM) CHECKOUT: [feature=simulink],[user=vinay],[host=ECSG-HP-07],[pid=5017],[license_number=40555017],[date=01-Jul-2026]
14:25:38 OUT: "simulink" vinay@ECSG-HP-07
15:20:38 (MLM) CHECKIN: [feature=simulink],[user=vinay],[host=ECSG-HP-07],[pid=5017],[date=01-Jul-2026]
15:20:38 IN: "simulink" vinay@ECSG-HP-07
16:29:32 (MLM) CHECKOUT: [feature=map_toolbox],[user=rahul],[host=ECSG-HP-10],[pid=5018],[license_number=40555018],[date=01-Jul-2026]
18:01:32 (MLM) CHECKIN: [feature=map_toolbox],[user=rahul],[host=ECSG-HP-10],[pid=5018],[date=01-Jul-2026]
10:14:02 (MLM) CHECKOUT: [feature=simulink],[user=sudhakr_kunnur],[host=RDP-LAB],[pid=5019],[license_number=40555019],[date=01-Jul-2026]
10:14:02 OUT: "simulink" sudhakr_kunnur@RDP-LAB
13:12:02 (MLM) CHECKIN: [feature=simulink],[user=sudhakr_kunnur],[host=RDP-LAB],[pid=5019],[date=01-Jul-2026]
13:12:02 IN: "simulink" sudhakr_kunnur@RDP-LAB
08:41:15 (MLM) CHECKOUT: [feature=control_toolbox],[user=amit_ad],[host=DO5P-PC-222],[pid=5020],[license_number=40555020],[date=01-Jul-2026]
09:25:15 (MLM) CHECKIN: [feature=control_toolbox],[user=amit_ad],[host=DO5P-PC-222],[pid=5020],[date=01-Jul-2026]
09:25:15 IN: "control_toolbox" amit_ad@DO5P-PC-222
13:05:45 (MLM) CHECKOUT: [feature=distri_computing_toolbox],[user=k_brahmiah],[host=LAB-WS-18],[pid=5021],[license_number=40555021],[date=01-Jul-2026]
13:54:45 (MLM) CHECKIN: [feature=distri_computing_toolbox],[user=k_brahmiah],[host=LAB-WS-18],[pid=5021],[date=01-Jul-2026]
13:54:45 IN: "distri_computing_toolbox" k_brahmiah@LAB-WS-18
08:52:22 (MLM) CHECKOUT: [feature=distri_computing_toolbox],[user=jaibeer],[host=RDP-LAB],[pid=5022],[license_number=40555022],[date=01-Jul-2026]
08:52:22 OUT: "distri_computing_toolbox" jaibeer@RDP-LAB
09:52:22 (MLM) CHECKIN: [feature=distri_computing_toolbox],[user=jaibeer],[host=RDP-LAB],[pid=5022],[date=01-Jul-2026]
09:52:22 IN: "distri_computing_toolbox" jaibeer@RDP-LAB